Price,Close,High,Low,Open,Volume
Ticker,AVGO,AVGO,AVGO,AVGO,AVGO
Date,,,,,
2009-08-06,1.150073766708374,1.201962104619379,1.1060041660475195,1.1728193151157706,241978000
2009-08-07,1.1678439378738403,1.1913003230736616,1.1394119763550095,1.147941547863873,24543000
2009-08-10,1.135147213935852,1.1820599870508024,1.1095584131942546,1.1820599870508024,24210000
2009-08-11,1.1138232946395874,1.1372796823148312,1.1017396419317171,1.1358581010356519,23054000
2009-08-12,1.1372796297073364,1.1514956113094137,1.1131124101434442,1.1479416159088944,14513000
2009-08-13,1.1763736009597778,1.1884572533330995,1.1372796508280414,1.1372796508280414,11506000
2009-08-14,1.1799272298812866,1.2083592695149663,1.1550492693439878,1.172819241156344,6378000
2009-08-17,1.1529169082641602,1.1635788918369414,1.1514953274012387,1.1564709027884206,2544000
2009-08-18,1.2133352756500244,1.2225756812214061,1.1621576708651227,1.1713980764365044,14467000
2009-08-19,1.271620750427246,1.275174745713193,1.1941435176193105,1.1969867646884271,20708000
2009-08-20,1.2623801231384277,1.2758852689500586,1.2289725055542273,1.2758852689500586,18821000
2009-08-21,1.2666449546813965,1.277307024140515,1.2495858130146522,1.2645126255234953,8636000
2009-08-24,1.2438989877700806,1.2687769437999918,1.2296830128958456,1.2453205683107254,10216000
2009-08-25,1.26877760887146,1.2723316044529622,1.2474536353824461,1.2545616265454507,5308000
2009-08-26,1.26877760887146,1.26877760887146,1.2190216707304278,1.2574048738510157,7086000
2009-08-27,1.2908120155334473,1.2943660100140781,1.2474532489761865,1.2687772158599715,11611000
2009-08-28,1.3128471374511719,1.3505195051394936,1.2794395133460605,1.2865475040520105,12950000
2009-08-31,1.293655514717102,1.307871495417192,1.2659343015115698,1.3043175002421694,10048000
2009-09-01,1.26877760887146,1.3107148075735502,1.2040948553945428,1.2972096582574169,13835000
2009-09-02,1.256693720817566,1.2972093279163335,1.2424777421117295,1.262380129246684,12934000
2009-09-03,1.2403453588485718,1.2773069721794508,1.2083594059741782,1.2773069721794508,36577000
2009-09-04,1.2623801231384277,1.279439263609321,1.2431884841912773,1.2616692903130087,11586000
2009-09-08,1.2581150531768799,1.2744634424054408,1.2403450833053786,1.2623798798396002,5749000
2009-09-09,1.2268403768539429,1.268777574417209,1.223997214359524,1.268777574417209,5512000
2009-09-10,1.2119135856628418,1.2410563810666195,1.2048055950505967,1.2090703385775845,4152000
2009-09-11,1.1998302936553955,1.2318163457368185,1.1756631522197822,1.208359952735219,6203000
2009-09-14,1.1834813356399536,1.2012513938588414,1.159314205593961,1.1827705875409054,16145000
2009-09-15,1.221153974533081,1.23323754147005,1.1820599419399422,1.2261295509501942,19869000
2009-09-16,1.2495858669281006,1.2616694331912175,1.216178245560642,1.2367914677590661,20211000
2009-09-17,1.1827709674835205,1.2723316965110143,1.1749521427449183,1.2552725503790843,14464000
2009-09-18,1.151495337486267,1.209780915981745,1.1500737566108952,1.177794880249348,8999000
2009-09-21,1.180638074874878,1.1820596556878074,1.1280389069252026,1.1571816948928546,5530000
2009-09-22,1.2261300086975098,1.2346595835588705,1.1955656211048347,1.2055167776540952,11141000
2009-09-23,1.2367914915084839,1.264512704362695,1.2296835012485214,1.2524290531336162,5303000
2009-09-24,1.243188738822937,1.2687775395043275,1.1905895562520643,1.2318160044242676,7788000
2009-09-25,1.217599868774414,1.2424778333362032,1.2154674548651905,1.2424778333362032,4685000
2009-09-28,1.2545613050460815,1.2687772837290419,1.210491703341771,1.2311049232724136,2336000
2009-09-29,1.2104920148849487,1.268066861996405,1.204805689735414,1.2474536367605564,3567000
2009-09-30,1.2133352756500244,1.2318160867927876,1.2055164513817924,1.208359698722031,5126000
2009-10-01,1.1593142747879028,1.2147566123168827,1.1522062849696726,1.2083594553740447,6605000
2009-10-02,1.143676519393921,1.1628681578442954,1.130171373931871,1.1514953413354747,6296000
2009-10-05,1.17210853099823,1.1749516926865136,1.1372793342802392,1.1443873232348603,1889000
2009-10-06,1.1706870794296265,1.2225755099646085,1.1685547501405658,1.189878720902594,4694000
2009-10-07,1.1465200185775757,1.1806383908897087,1.1315932042116634,1.1777951437689034,2917000
2009-10-08,1.1379903554916382,1.15007400740211,1.1330147789758787,1.1450983461524182,5573000
2009-10-09,1.155049443244934,1.1692654228351365,1.1330146409865514,1.1358578877449452,8705000
2009-10-12,1.161446452140808,1.169265273812481,1.1401224854732404,1.1529168824205633,12888000
2009-10-13,1.1749520301818848,1.1849032684171135,1.1479416474490303,1.150784809953989,5573000
2009-10-14,1.1984084844589233,1.2083597232508525,1.1756629289449931,1.1969869031269167,6955000
2009-10-15,1.2197322845458984,1.2758854593838018,1.2154675411585942,1.2367915122969029,20920000
2009-10-16,1.1678439378738403,1.224707945645431,1.1522063759852692,1.224707945645431,12638000
2009-10-19,1.1543385982513428,1.1827706418671344,1.141544199807717,1.1699762434235086,21429000
2009-10-20,1.1749520301818848,1.1891680121745518,1.1564712196978433,1.1614467964484894,4890000
2009-10-21,1.17210853099823,1.2019620676608564,1.1450980712899752,1.163578876465555,2338000
2009-10-22,1.1571818590164185,1.1607358539197619,1.1095582595244775,1.1607358539197619,9834000
2009-10-23,1.1408334970474243,1.1664222949523526,1.1315930930965377,1.1465199059967333,11341000
2009-10-26,1.1259068250656128,1.1458092165122136,1.1237744108509886,1.130882401743779,1624000
2009-10-27,1.0981855392456055,1.1365687384430352,1.0846803913098373,1.1337255761620093,3288000
2009-10-28,1.0612242221832275,1.1017397589808837,1.058380974588863,1.1017397589808837,6220000
2009-10-29,1.0690429210662842,1.0804157415359525,1.0462973648608913,1.0626457625108106,11833000
2009-10-30,1.0661993026733398,1.079704531801326,1.0569589005823825,1.0733072912457828,2781000
2009-11-02,1.0569592714309692,1.0733076678304276,1.0462972848314012,1.0733076678304276,2766000
2009-11-03,1.0299485921859741,1.0534049729050101,1.0263945976750266,1.0434538221679224,3637000
2009-11-04,1.050561785697937,1.0839693163434272,1.0185757511416378,1.0377673888221994,8053000
2009-11-05,1.0889451503753662,1.1187987784246711,1.0555376117906876,1.0676211787595375,2741000
2009-11-06,1.0868127346038818,1.1152446944980987,1.0569591089278147,1.0889450638088087,2575000
2009-11-09,1.113112211227417,1.1187986197988589,1.0725966031145928,1.0846802531041266,2529000
2009-11-10,1.0981855392456055,1.1152447671335508,1.0789939820138554,1.1152447671335508,1468000
2009-11-11,1.0917880535125732,1.1038716166750415,1.0747288307532907,1.1038716166750415,1535000
2009-11-12,1.1088471412658691,1.1337251839203255,1.0946311653112657,1.0946311653112657,1300000
2009-11-13,1.107425570487976,1.1195092179442143,1.0953420077656393,1.1095579838469536,621000
2009-11-16,1.1379903554916382,1.1522064215471306,1.1038719833731077,1.1109799740338877,1556000
2009-11-17,1.1422553062438965,1.1507848790045092,1.1074260974316443,1.1251960759887296,985000
2009-11-18,1.1394115686416626,1.1479411370984078,1.123773927614748,1.1479411370984078,1155000
2009-11-19,1.106715202331543,1.1294607549207825,1.0839695650083734,1.1259067596807784,1166000
2009-11-20,1.0974749326705933,1.1124017484070983,1.0882345269638969,1.1060045053483358,4237000
2009-11-23,1.0797046422958374,1.1095581804084595,1.0768613957355442,1.1045826048453418,4653000
2009-11-24,1.0846807956695557,1.089656373883169,1.0669108129538212,1.073307972837901,5228000
2009-11-25,1.1017394065856934,1.1358578584014782,1.091788255023196,1.0932098359987072,1353000
2009-11-27,1.1273282766342163,1.1287499424364051,1.0704643560322722,1.0754399321381571,616000
2009-11-30,1.1273282766342163,1.1365686806788173,1.0839695032816636,1.1280391095353108,2765000
2009-12-01,1.1344366073608398,1.1614469947042931,1.1301718628754216,1.1301718628754216,4178000
2009-12-02,1.1095584630966187,1.1450984186506157,1.0932100665949924,1.1394120935491265,8465000
2009-12-03,1.1323038339614868,1.1330145820636808,1.107425786238503,1.107425786238503,5079000
2009-12-04,1.174241065979004,1.1877462982033251,1.1088474883326638,1.1657114946832852,9468000
2009-12-07,1.1991188526153564,1.2033835949580136,1.1728192268663835,1.1728192268663835,3084000
2009-12-08,1.1905897855758667,1.2062274360787042,1.1763738012888876,1.1806386304685614,2495000
2009-12-09,1.1948540210723877,1.1948540210723877,1.1614464068099568,1.180638043848854,967000
2009-12-10,1.1920113563537598,1.207648920870631,1.190589690251727,1.1941436860389223,2555000
2009-12-11,1.178505778312683,1.1870353487711462,1.1699762078542197,1.1863246006610602,774000
2009-12-14,1.1976972818374634,1.201251361171665,1.1863245499568955,1.189878544557182,2248000
2009-12-15,1.1898788213729858,1.2012516406332645,1.1877464071699417,1.1976975604722344,1404000
2009-12-16,1.2083591222763062,1.2175995234395698,1.189878319949779,1.1998294690585867,3157000
2009-12-17,1.1593142747879028,1.2069377896232605,1.1472306243097736,1.2019622136972838,1490000
2009-12-18,1.1650009155273438,1.194143628743708,1.153628095660411,1.1586036725769668,4178000
2009-12-21,1.17210853099823,1.1976972403945187,1.16286812841044,1.1934324978620934,1443000
2009-12-22,1.189168095588684,1.189168095588684,1.1536281381140683,1.1728196982035723,3127000
2009-12-23,1.1927218437194824,1.1969866716246078,1.1834814397476607,1.1905894297669197,2235000
2009-12-24,1.1927218437194824,1.2083594895489924,1.188457100548282,1.188457100548282,308000
2009-12-28,1.2353699207305908,1.2652234631252148,1.1905894800377623,1.1905894800377623,7954000
2009-12-29,1.2460317611694336,1.2566937454074354,1.2367913578830485,1.2453209283266662,2276000
2009-12-30,1.2574045658111572,1.263801722397106,1.2303941043280555,1.2303941043280555,3025000
2009-12-31,1.3000526428222656,1.3000526428222656,1.2517182925851187,1.2517182925851187,5558000
2010-01-04,1.3405680656433105,1.3434112274246992,1.2801500728166137,1.3007632923003825,5387000
2010-01-05,1.3505191802978516,1.36757840472922,1.2865471945976101,1.3469651857997222,3011000
2010-01-06,1.3611818552017212,1.3718438441118443,1.321377062710346,1.3469658699882239,5331000
2010-01-07,1.3526520729064941,1.3626033118652559,1.325641688209773,1.3533629059513852,2718000
2010-01-08,1.3626028299331665,1.3718431478449333,1.3398571973487514,1.3434111918483271,2899000
2010-01-11,1.371132493019104,1.3896132995671138,1.3526516864710942,1.3647352516445228,5127000
2010-01-12,1.3505191802978516,1.3604704157329615,1.3320383750140137,1.3604704157329615,9167000
2010-01-13,1.3092927932739258,1.347675983700293,1.2972092292399233,1.347675983700293,9439000
2010-01-14,1.3100038766860962,1.3412789995500611,1.2901014872572427,1.3135578717721799,10654000
2010-01-15,1.2964987754821777,1.3192443293839298,1.2901016175746003,1.3192443293839298,1587000
2010-01-19,1.2659345865249634,1.2901018099964987,1.229683793684634,1.2723317453866931,3813000
2010-01-20,1.2765963077545166,1.2801503029872168,1.23963468954729,1.2588263315910155,1938000
2010-01-21,1.27872896194458,1.3142689209448293,1.2645129783444804,1.2701993039973634,3386000
2010-01-22,1.2481640577316284,1.2837040018535908,1.23536966090094,1.2709096050229023,9235000
2010-01-25,1.2545613050460815,1.2652232890583017,1.2410561591908358,1.255982885967594,2614000
2010-01-26,1.2623801231384277,1.279439263609321,1.196986553620865,1.210491699432496,7654000
2010-01-27,1.2375022172927856,1.275885327480041,1.2261293999678624,1.2538506104221427,6963000
2010-01-28,1.2595372200012207,1.2609588860396963,1.2261296780419002,1.2474536518117567,144576000
2010-01-29,1.2353699207305908,1.2694882912104162,1.226129516368607,1.2595370539229225,33570000
2010-02-01,1.2438989877700806,1.2574042147409403,1.2289721802585762,1.2353694197923184,5095000
2010-02-02,1.2581150531768799,1.2652230411254803,1.2332370953567784,1.244609909968099,17729000
2010-02-03,1.2524292469024658,1.2574049086413883,1.2424780928925023,1.2467428368679405,12857000
2010-02-04,1.2239971160888672,1.2495859154199436,1.2126242975564043,1.2353699346213298,13767000
2010-02-05,1.2225755453109741,1.2311051169156015,1.1799275178199757,1.2261295405407298,5387000
2010-02-08,1.2090704441070557,1.2289728365052388,1.1991192902749337,1.2140460210231165,4983000
2010-02-09,1.207648515701294,1.2353697243812438,1.1955649510256867,1.2112025102961146,1896000
2010-02-10,1.1941434144973755,1.2040946512790331,1.1735302775125318,1.1984082423657894,5780000
2010-02-11,1.217599868774414,1.2261294396773856,1.172819430882486,1.1913002384505271,3700000
2010-02-12,1.2339483499526978,1.2360807641595966,1.1934328189573626,1.2069379677111627,1632000
2010-02-16,1.2424781322479248,1.2446105466701585,1.2275513160262328,1.236791722033283,4227000
2010-02-17,1.2375022172927856,1.2510073637239518,1.2204429913054007,1.2510073637239518,5077000
2010-02-18,1.2403453588485718,1.2438993536123932,1.2296833745571072,1.2417669398073166,4619000
2010-02-19,1.2460317611694336,1.2524289178186672,1.233948111245897,1.2438993473750497,3746000
2010-02-22,1.2332372665405273,1.250296406091561,1.2247076967650103,1.2438992499434012,8465000
2010-02-23,1.2353699207305908,1.2431886592415553,1.2175999449321329,1.2332375066879901,18202000
2010-02-24,1.2609585523605347,1.2701988707617828,1.2375021704740126,1.2438993270185563,8523000
2010-02-25,1.2858364582061768,1.3071604253884492,1.2574045019631466,1.2794392172111468,23197000
2010-02-26,1.2901015281677246,1.2929446904331805,1.2765962955719858,1.2829934530362264,2807000
2010-03-01,1.3007630109786987,1.336302949229252,1.28796861626172,1.3291949615791412,8722000
2010-03-02,1.3306171894073486,1.3320387706820835,1.2929448195902145,1.2929448195902145,9810000
2010-03-03,1.3441224098205566,1.4173347344387066,1.3327495902692945,1.3327495902692945,10634000
2010-03-04,1.3547842502593994,1.3675786496911924,1.3149794708569158,1.351230255124675,3966000
2010-03-05,1.3761082887649536,1.3974322606223255,1.3540734839520965,1.3540734839520965,3767000
2010-03-08,1.3725543022155762,1.387481116504578,1.3569167397004847,1.3846378693984225,2220000
2010-03-09,1.3753968477249146,1.421598851056521,1.3611808727717725,1.3817940872941652,9227000
2010-03-10,1.40311861038208,1.4201778379827144,1.3761082302315224,1.3832162205483045,5449000
2010-03-11,1.4116477966308594,1.4194666177394344,1.4066722217135412,1.4066722217135412,3947000
2010-03-12,1.3967214822769165,1.4215994489072936,1.381794668405118,1.4144914584414716,4984000
2010-03-15,1.3803728818893433,1.3903240331674076,1.352651672356591,1.3903240331674076,1792000
2010-03-16,1.3860596418380737,1.3988540429642005,1.3618924208811813,1.380373231922691,1623000
2010-03-17,1.413780689239502,1.420888680025777,1.390324302698007,1.3924567168806763,3094000
2010-03-18,1.420177936553955,1.4215995177691945,1.3846378977693647,1.417334689389542,2112000
2010-03-19,1.4294183254241943,1.441502062902452,1.399564779535624,1.4294183254241943,6365000
2010-03-22,1.417334794998169,1.4322616954391876,1.4002756496763145,1.4123592180071232,4734000
2010-03-23,1.4372367858886719,1.4429231092483632,1.418045147981022,1.4201775616078625,2819000
2010-03-24,1.394588828086853,1.435815182637549,1.391034833465826,1.435815182637549,1535000
2010-03-25,1.3967214822769165,1.4038294727427385,1.3725542638527632,1.4038294727427385,5835000
2010-03-26,1.415202260017395,1.435815398017871,1.3974321995127363,1.3974321995127363,5250000
2010-03-29,1.4372367858886719,1.4500310981818891,1.417334315194105,1.4279963833283056,2961000
2010-03-30,1.448609709739685,1.457850112986818,1.4187560862129607,1.441501720277878,3539000
2010-03-31,1.4614043235778809,1.4699339804736362,1.4336831081345465,1.4493207559541412,6620000
2010-04-01,1.4571391344070435,1.4784631018996932,1.427996429674104,1.4706443646594038,3246000
2010-04-05,1.440080165863037,1.4713552880178253,1.4066725450242419,1.470644539857081,6120000
2010-04-06,1.4699337482452393,1.4805956482126355,1.4215993159185554,1.4251533955529172,2358000
2010-04-07,1.455717921257019,1.4741985611024893,1.4500314271394525,1.4628259118030806,1446000
2010-04-08,1.428707242012024,1.4557177037316487,1.4272855763281038,1.4557177037316487,1402000
2010-04-09,1.4223099946975708,1.431550397934878,1.4095156814670569,1.4287072360467457,1983000
2010-04-12,1.4230210781097412,1.4322614824239277,1.3981430273866566,1.415913003093197,2867000
2010-04-13,1.432261347770691,1.4386584197961292,1.4038293045793209,1.4116480423147677,2367000
2010-04-14,1.531773567199707,1.5324843154900727,1.4571395737391375,1.466379979385413,4783000
2010-04-15,1.5609159469604492,1.5637591086731801,1.535327152610221,1.535327152610221,6148000
2010-04-16,1.5552297830581665,1.5623377735775201,1.5403030538078826,1.5616270253659432,3439000
2010-04-19,1.5566508769989014,1.5666020261761369,1.5140029495526355,1.5410132358148174,4867000
2010-04-20,1.590058445930481,1.6263093038610363,1.576553217702713,1.5971664340291265,8506000
2010-04-21,1.5523868799209595,1.6227560486513215,1.5253764097571971,1.599299659074534,5402000
2010-04-22,1.5303523540496826,1.553808746654823,1.4905473919952323,1.5523870803429096,6441000
2010-04-23,1.52750825881958,1.5367486615639783,1.4983655544520635,1.523243431480961,1886000
2010-04-26,1.5488327741622925,1.5658920895539,1.5140037339961638,1.5175576450574906,2550000
2010-04-27,1.492679476737976,1.5538084031496957,1.479885160630883,1.5538084031496957,2506000
2010-04-28,1.4933900833129883,1.5132923863256613,1.4699337007807154,1.5054736486375166,3139000
2010-04-29,1.5211114883422852,1.5495434502699774,1.5161357424838642,1.5161357424838642,3185000
2010-04-30,1.4578503370285034,1.54172455778044,1.4564286711305265,1.533195070796166,3603000
2010-05-03,1.5012089014053345,1.526086950971474,1.4493205578085,1.4678013655774298,4239000
2010-05-04,1.4251534938812256,1.4905469028804168,1.4159130048218298,1.4905469028804168,5540000
2010-05-05,1.3924568891525269,1.4258645177682892,1.3647356708160823,1.4173348599823405,6266000
2010-05-06,1.3647353649139404,1.3917457441359298,1.3185334294431963,1.391034995969043,9155000
2010-05-07,1.371132493019104,1.386059304825875,1.3064497548349883,1.3675784982778652,6025000
2010-05-10,1.4741984605789185,1.4862821962043258,1.4215993680182955,1.4215993680182955,8944000
2010-05-11,1.4685120582580566,1.4784632099214605,1.4336828579683014,1.4450556753555521,2174000
2010-05-12,1.472777009010315,1.4869929895651444,1.4571393626128604,1.4614041906728803,3533000
2010-05-13,1.4542961120605469,1.4805956575427437,1.444344960170177,1.4805956575427437,2919000
2010-05-14,1.4379479885101318,1.4564287994730738,1.4016971995958758,1.4507423048479269,5049000
2010-05-17,1.4585615396499634,1.4585615396499634,1.4159134983043251,1.4393699761214986,2929000
2010-05-18,1.42728590965271,1.4841500082718555,1.4173347559448133,1.4642475313881855,3384000
2010-05-19,1.4230210781097412,1.4415018867381144,1.3455438484549405,1.4102265939203185,5790000
2010-05-20,1.428707242012024,1.442923220979878,1.3817944775245383,1.4052508597682811,11123000
2010-05-21,1.408093810081482,1.439369094685459,1.3889022583054755,1.414491050496088,8233000
2010-05-24,1.3782405853271484,1.4215993582986726,1.3725541763701399,1.4038293832667241,4802000
2010-05-25,1.3668678998947144,1.3746867235601692,1.3164011320189966,1.3505195043339937,6804000
2010-05-26,1.4230210781097412,1.4514530392402056,1.3846377950093292,1.3903242041822077,9462000
2010-05-27,1.5168466567993164,1.5317733859379297,1.442212672170529,1.4478989967563263,10657000
2010-05-28,1.4678012132644653,1.5275082887724412,1.4429231662799076,1.5232434613501935,7955000
2010-06-01,1.4493212699890137,1.4919692306581214,1.4457671885326222,1.468512835343319,4561000
2010-06-02,1.5004976987838745,1.5004976987838745,1.445766040208911,1.445766040208911,8618000
2010-06-03,1.5395925045013428,1.5637598136238613,1.4969445511809953,1.4969445511809953,6463000
2010-06-04,1.479174017906189,1.5239543665409934,1.4628256258986998,1.5211112047718278,3157000
2010-06-07,1.4763306379318237,1.4997870183217878,1.46069316398373,1.484149544373694,7353000
2010-06-08,1.4990767240524292,1.4997874723194489,1.465669182952253,1.4884148221756335,11924000
2010-06-09,1.497654914855957,1.5566512453989212,1.489836007679578,1.5104492283306434,8025000
2010-06-10,1.5495436191558838,1.561627187345364,1.5275087276328208,1.5282196453859989,10099000
2010-06-11,1.558784008026123,1.5623379188823996,1.5232438826560926,1.5282196290034835,7929000
2010-06-14,1.5289305448532104,1.575132577323729,1.5147145609342656,1.5744216595002547,13409000
2010-06-15,1.5815287828445435,1.6135148138285886,1.5331945318536695,1.545988842566606,12082000
2010-06-16,1.6263099908828735,1.6696686857608096,1.567313478326919,1.579397046252444,26923000
2010-06-17,1.6597176790237427,1.683884817013967,1.63697203769889,1.6554528500918466,20536000
2010-06-18,1.6376818418502808,1.6725110320899899,1.6213334533486945,1.655451895665489,12720000
2010-06-21,1.6341286897659302,1.6632714017190893,1.5907698264944017,1.6625606534669257,7111000
2010-06-22,1.5822402238845825,1.6376824812784192,1.570867405338502,1.6270205804006217,12008000
2010-06-23,1.602142572402954,1.6135153912554319,1.5289302522832162,1.5992994100568003,11441000
2010-06-24,1.509738802909851,1.612093840988652,1.473487929625455,1.6099615961769822,17771000
2010-06-25,1.5260869264602661,1.568734865487647,1.5019196254371407,1.5239545125621126,95883000
2010-06-28,1.5459893941879272,1.5538083024663842,1.458561092962307,1.5310626647855585,9663000
2010-06-29,1.4905465841293335,1.5132922159844984,1.4471879034649837,1.5125814679477183,13274000
2010-06-30,1.4969441890716553,1.5147142500571906,1.4692229752787933,1.48486062216735,13444000
2010-07-01,1.5218219757080078,1.5317731267834886,1.4699336371369067,1.5154247345304137,11503000
2010-07-02,1.533194661140442,1.5417241458457147,1.511870695175534,1.5267974205106243,5534000
2010-07-06,1.4834389686584473,1.5786861777361167,1.4749094816672204,1.550254215496302,10588000
2010-07-07,1.5403035879135132,1.541725084829576,1.457139917478709,1.4749099846728564,9493000
2010-07-08,1.5488327741622925,1.563759675129949,1.5175576450574906,1.5467005292062286,2914000
2010-07-09,1.564469575881958,1.564469575881958,1.52821888924973,1.5452780259314962,3255000
2010-07-12,1.5708673000335693,1.5907696040541417,1.5246652807460295,1.5530972404713317,4995000
2010-07-13,1.5978779792785645,1.599299645394772,1.573710841578254,1.5857944104284092,6589000
2010-07-14,1.584372878074646,1.6248884125927876,1.579397131513997,1.599299609352939,5384000
2010-07-15,1.628441333770752,1.634838573059192,1.5573614621251364,1.5815285845910894,8355000
2010-07-16,1.5630486011505127,1.6312855169623663,1.5623378529028487,1.6128047067801397,6599000
2010-07-19,1.582951307296753,1.5900592992097862,1.548122096082522,1.567313657300922,5262000
2010-07-20,1.5637590885162354,1.570156329388288,1.5353271328197657,1.5658915021402529,7122000
2010-07-21,1.5474107265472412,1.589347912839464,1.543856647283508,1.5758426827858005,5036000
2010-07-22,1.6241772174835205,1.6305742894327742,1.555940314636885,1.5658916355527517,8397000
2010-07-23,1.6263099908828735,1.644079883902337,1.5992995230169786,1.6277314874224205,6317000
2010-07-26,1.6206234693527222,1.631285540561276,1.5573622987629627,1.6270207120778544,6892000
2010-07-27,1.593613624572754,1.639104745906982,1.580108387024121,1.6241780114382325,9720000
2010-07-28,1.5495436191558838,1.6028536383145358,1.5474112048321074,1.5907699006571765,3550000
2010-07-29,1.5474107265472412,1.5630482007977526,1.5182678527752393,1.5573618773371716,5103000
2010-07-30,1.546700119972229,1.5573620198031153,1.4990764363950304,1.5339056368137545,2775000
2010-08-02,1.5516756772994995,1.6206231597154221,1.5353272842151664,1.5623375770031112,10105000
2010-08-03,1.5353273153305054,1.5566512846377265,1.5189789219148515,1.5438568013726877,4176000
2010-08-04,1.5879263877868652,1.595745125604153,1.5104492493389863,1.541724370075979,6168000
2010-08-05,1.6163585186004639,1.6170694362725055,1.5715781618476763,1.5715781618476763,4639000
2010-08-06,1.605696678161621,1.6156478312665192,1.5914806967352337,1.6035642640008765,2716000
2010-08-09,1.6277309656143188,1.6298633792079182,1.5978773447717471,1.6120933224171963,2267000
2010-08-10,1.5850830078125,1.6220446168979732,1.5779750191012798,1.6049853084167895,3722000
2010-08-11,1.4379479885101318,1.4749096104360158,1.3704219875612,1.4599827103293979,23300000
2010-08-12,1.4507420063018799,1.4848604586279435,1.4358152787348886,1.453585337763267,18324000
2010-08-13,1.4208885431289673,1.4606934063245798,1.418045380981958,1.4486098400989011,39578000
2010-08-16,1.4407906532287598,1.4429230667928574,1.4009858824786359,1.4208882678536978,14858000
2010-08-17,1.447899341583252,1.4720666504981479,1.4422130156432178,1.4493210078022107,7749000
2010-08-18,1.4749094247817993,1.479885001035079,1.4279966550018999,1.4443450496060422,8339000
2010-08-19,1.4578503370285034,1.482017471019073,1.44860993236131,1.4692229863408686,5891000
2010-08-20,1.4521639347076416,1.4606935916990074,1.4422127811962968,1.4422127811962968,4158000
2010-08-23,1.4500315189361572,1.4621150866826464,1.4372372029304255,1.4528746814410005,5772000
2010-08-24,1.438658595085144,1.4557179078124267,1.4180454565855152,1.4215994518257222,10926000
2010-08-25,1.4422123432159424,1.4514527456611126,1.400985906234749,1.4393691815715413,11221000
2010-08-26,1.4642471075057983,1.4941007294550914,1.4400799785061853,1.4585607840239463,7769000
2010-08-27,1.4436341524124146,1.467801455300998,1.4223101812527408,1.4656690412382447,10518000
2010-08-30,1.4215995073318481,1.447188307954022,1.4166239307480737,1.4365262370831715,5904000
2010-08-31,1.432261347770691,1.4393693373850536,1.4002753097721397,1.407383299386502,6339000
2010-09-01,1.492679476737976,1.5182682784200363,1.4329723857917516,1.4429235393714765,11095000
2010-09-02,1.4962331056594849,1.509738335425474,1.4805954622742437,1.5076059218062219,3047000
2010-09-03,1.4912577867507935,1.5076061809971626,1.4734877266912327,1.5047630188386316,5240000
2010-09-07,1.4628257751464844,1.491968482822478,1.4550068676487522,1.477752503058406,4393000
2010-09-08,1.42728590965271,1.4706447742580662,1.4066727692289505,1.4614043688241973,10604000
2010-09-09,1.3981432914733887,1.4429236556589449,1.3853488896012376,1.4308400868428917,15500000
2010-09-10,1.3256417512893677,1.3967217545369963,1.308582520005716,1.3889029296069126,25537000
2010-09-13,1.3469653129577637,1.3554948836117116,1.333460166483506,1.3341709146098812,11641000
2010-09-14,1.4144916534423828,1.43439396170326,1.322798428218221,1.3384360771859698,12115000
2010-09-15,1.3583382368087769,1.4294181390540044,1.3441222563597315,1.4073834201983402,11064000
2010-09-16,1.3682887554168701,1.396720787878728,1.350518788086889,1.3512296206736434,8576000
2010-09-17,1.4244425296783447,1.4443450035243321,1.3718433524011862,1.378951427194139,15408000
2010-09-20,1.4663804769515991,1.4912585397026041,1.406673278870331,1.4315512568873672,12498000
2010-09-21,1.4763306379318237,1.5580725952707628,1.452163509489989,1.4749091418280824,9719000
2010-09-22,1.475620150566101,1.5246653336338896,1.4713553225657972,1.478463312743686,14238000
2010-09-23,1.516135811805725,1.5388814501750159,1.437237164689276,1.467801542105818,10337000
2010-09-24,1.5339058637619019,1.5481218452849625,1.5154250538883496,1.5196898822388414,7934000
2010-09-27,1.5602052211761475,1.5715780388925829,1.5445677451004145,1.5623376350897196,6663000
2010-09-28,1.5850830078125,1.593612662053092,1.550253812287175,1.5708670303900594,6547000
2010-09-29,1.5872159004211426,1.5992994679304595,1.5722890009949173,1.5850834862173961,3880000
2010-09-30,1.6000100374221802,1.6348392395684181,1.5879264712628427,1.5907696333942425,10464000
2010-10-01,1.6085395812988281,1.6106719951158837,1.588637108828924,1.6078288331824226,6330000
2010-10-04,1.585794448852539,1.6085400904556622,1.5580732299239628,1.606407675963626,7856000
2010-10-05,1.5957456827163696,1.6078294219270426,1.5815296983757086,1.595034934339707,4099000
2010-10-06,1.583661675453186,1.6128045539277285,1.5523865524377334,1.5936129973167041,10263000
2010-10-07,1.6263099908828735,1.632707064246585,1.5822403782672887,1.5879267033612268,8158000
2010-10-08,1.5779753923416138,1.6142260925029117,1.5673133220189623,1.6099614338417099,11144000
2010-10-11,1.5879263877868652,1.5964560432005188,1.568734832573987,1.582240063822991,3876000
2010-10-12,1.5651804208755493,1.5914801296644225,1.545278121757273,1.5914801296644225,8550000
2010-10-13,1.5637590885162354,1.5808182280405523,1.5310623055717307,1.5786858144165348,9490000
2010-10-14,1.593613624572754,1.5992999511890622,1.5488330822306633,1.5658924010154296,8488000
2010-10-15,1.6128039360046387,1.6149363491963988,1.5573615319544512,1.602852787421617,8650000
2010-10-18,1.6163585186004639,1.6192018503529106,1.5929021331838675,1.6177801844766873,4626000
2010-10-19,1.5914804935455322,1.6149368768511023,1.5708672722686703,1.5900588277972558,5217000
2010-10-20,1.5708673000335693,1.6099613293897834,1.569445634260165,1.602142421837832,3061000
2010-10-21,1.5602052211761475,1.5786860287818743,1.5566513109654252,1.5779752806332992,3467000
2010-10-22,1.5978779792785645,1.5985888970706124,1.560205606611891,1.5637596871684658,5244000
2010-10-25,1.6248887777328491,1.6433695936405748,1.5929027241282585,1.5992999687427611,6475000
2010-10-26,1.664692997932434,1.6689578262024403,1.609250569358081,1.6206233882554764,14787000
2010-10-27,1.6845959424972534,1.6881500238921583,1.6483452273960366,1.6639828804913472,11251000
2010-10-28,1.6654038429260254,1.7094734551637254,1.6412367072822018,1.703076212386993,13518000
2010-10-29,1.754253625869751,1.7734451826557105,1.660428086500299,1.6710901566413074,13607000
2010-11-01,1.693835735321045,1.7578078214421686,1.689571076451788,1.7414594257951053,8575000
2010-11-02,1.711605191230774,1.7371939827307448,1.6966784668007107,1.7130268566626974,4040000
2010-11-03,1.754253625869751,1.760650867954356,1.7030760281286215,1.714448846456412,5849000
2010-11-04,1.797612190246582,1.8032985137436832,1.75354259000665,1.7741558092523406,9831000
2010-11-05,1.803299069404602,1.8267554576265952,1.7876615902351933,1.8025883211154143,6295000
2010-11-08,1.7947691679000854,1.8182255507162146,1.772023533209342,1.7876611782427083,3744000
2010-11-09,1.7649158239364624,1.808985434600485,1.761361743809232,1.8004557778694263,4079000
2010-11-10,1.7492774724960327,1.77202310164726,1.7329290833188007,1.7663366096255533,2680000
2010-11-11,1.7663369178771973,1.7841069755279413,1.6952570262098807,1.7343510513608196,12118000
2010-11-12,1.8281769752502441,1.8345742177372057,1.7457242490226916,1.7634941410848746,10075000
2010-11-15,1.7890825271606445,1.8452356916700048,1.7826852861554723,1.8445249436031501,4987000
2010-11-16,1.769891381263733,1.7819749485225471,1.7357729241789637,1.7784210379018917,5697000
2010-11-17,1.748567819595337,1.7912157738615875,1.7414598272176285,1.767759382068359,6378000
2010-11-18,1.781974196434021,1.7883714362126624,1.754252993527703,1.7606502333063443,6640000
2010-11-19,1.7961907386779785,1.8004555665429283,1.7656263649363024,1.7720236067337272,3454000
2010-11-22,1.848790168762207,1.848790168762207,1.8004557309911342,1.8004557309911342,9078000
2010-11-23,1.8466575145721436,1.8523438385270026,1.8239118798170253,1.8409710211494432,6454000
2010-11-24,1.8694034814834595,1.8765114724239038,1.8530550853736503,1.8566089961099366,8239000
2010-11-26,1.9198704957962036,1.9227136587667326,1.8601633955434926,1.8658497214845506,6268000
2010-11-29,1.9134728908538818,1.926267376008223,1.8736681083757127,1.9241349618158328,10205000
2010-11-30,1.8558979034423828,1.9369289512322923,1.8544762377309751,1.913472568535028,54355000
2010-12-01,1.9092084169387817,1.919159571155621,1.8686927128252753,1.8821979475297774,16522000
2010-12-02,2.0193827152252197,2.0243582931841497,1.907076328529618,1.9163167360156061,19060000
2010-12-03,1.8871732950210571,1.99023924407259,1.880065304378464,1.99023924407259,26279000
2010-12-06,1.908496379852295,1.9113395408942173,1.8686916168620265,1.9084963798522951,8971000
2010-12-07,1.7670484781265259,1.7976128596070333,1.7400380077880868,1.7599404863744983,117381000
2010-12-08,1.8054313659667969,1.829598500901489,1.7670482493684188,1.7762886543966014,49077000
2010-12-09,1.877221703529358,1.884329692511651,1.8175144605038351,1.8295980248269512,34051000
2010-12-10,1.876511812210083,1.897835788892619,1.8594524952897324,1.897835788892619,14052000
2010-12-13,1.8943287134170532,1.902881047354091,1.8779368533166778,1.895754159046033,12177000
2010-12-14,1.8736600875854492,1.9064437973095596,1.8508539843204077,1.8993169112790298,9460000
2010-12-15,1.881500244140625,1.9149965997346905,1.8465784430223493,1.8743733563563896,18005000
2010-12-16,1.9698729515075684,1.9705857589874576,1.8829248820208704,1.895753377638671,24425000
2010-12-17,2.007645845413208,2.0240377018959816,1.9620338042916727,1.9755749400640474,36401000
2010-12-20,1.981988787651062,2.0268883557479023,1.9741492641336653,1.987690398324193,14602000
2010-12-21,1.9869784116744995,2.001944825997768,1.9720118274328124,1.9919672164489224,14950000
2010-12-22,2.0055081844329834,2.009071713509666,1.9520566076300907,1.9919672157294772,9600000
2010-12-23,2.0047945976257324,2.028313334660425,1.9891153829631578,2.0047945976257324,5885000
2010-12-27,2.049694776535034,2.0625232761641294,1.9827020670888826,2.0026572843984924,13311000
2010-12-28,2.016911268234253,2.0525458798334446,2.0112098255326982,2.0504077963407563,5836000
2010-12-29,2.0404293537139893,2.0432802440568136,2.0062203687837576,2.027601026844744,6296000
2010-12-30,2.0582470893859863,2.0618104481912116,2.0204745684912293,2.041142593300421,6815000
2010-12-31,2.0247509479522705,2.059672751492186,2.0161986140507664,2.059672751492186,6177000
2011-01-03,1.981276035308838,2.0454180047184156,1.9727237047535529,2.0454180047184156,14436000
2011-01-04,1.995530605316162,2.016911270347021,1.9221236383850366,1.9812768286289226,16262000
2011-01-05,1.9948179721832275,2.007646303264766,1.9777134741017024,1.9848403624622064,9537000
2011-01-06,2.032589912414551,2.033302550069945,1.979138180137383,1.998380756180019,9598000
2011-01-07,2.0154857635498047,2.0318776218526122,1.9798513259172665,2.0290267309072876,8774000
2011-01-10,2.0596723556518555,2.0739261294693727,1.9905413997103496,2.014060143501091,15385000
2011-01-11,2.08390474319458,2.085330189231842,2.055397181797088,2.076777852845207,13549000
2011-01-12,2.007645845413208,2.090317935443464,1.9969556002696154,2.0867544071166777,15599000
2011-01-13,2.020475149154663,2.0425684558679698,1.996956396558567,2.0240385089839608,9645000
2011-01-14,2.0675113201141357,2.071074677643882,1.995529662895177,2.019761207754484,9776000
2011-01-18,1.9777123928070068,1.9876899970728714,1.9406525256271334,1.9705855083430563,100182000
2011-01-19,1.9784260988235474,2.0311650383573543,1.960608793081401,1.995530596791482,29795000
2011-01-20,1.974149465560913,1.982701797484043,1.9442164737483383,1.9734368278734455,20963000
2011-01-21,1.9791380167007446,2.0076455595828566,1.9712984933836712,1.9948172332532497,12490000
2011-01-24,2.0019450187683105,2.011209991361069,1.9655977663141244,2.011209991361069,21495000
2011-01-25,1.9969550371170044,2.0062200042518157,1.9527682838523917,2.0062200042518157,14548000
2011-01-26,2.0133471488952637,2.022612117226159,1.9812760785316472,2.004794818153404,15209000
2011-01-27,2.082479476928711,2.0981587050182386,2.0254643492118594,2.0254643492118594,37302000
2011-01-28,1.999094009399414,2.0924563598037054,1.986265509232297,2.088180193081333,13722000
2011-01-31,2.0461313724517822,2.058247064110207,1.9919669939139768,1.998381073668296,13104000
2011-02-01,2.0717883110046387,2.102433945618065,2.049694839822935,2.061097894316974,15835000
2011-02-02,2.0525450706481934,2.0953063838071087,2.0454180152033534,2.06822411685545,11300000
2011-02-03,2.0960192680358887,2.108134957864808,2.0382913695353038,2.0511198669436,12326000
2011-02-04,2.223590612411499,2.2250160576694844,2.118112590953465,2.123101564397227,25500000
2011-02-07,2.194370746612549,2.2435463212342266,2.177978888405323,2.2214530210064005,9762000
2011-02-08,2.2741923332214355,2.298423720722786,2.2093375273627025,2.23784525196941,34684000
2011-02-09,2.3354837894439697,2.3483122919915957,2.2627894514294162,2.275617953977042,42916000
2011-02-10,2.314814567565918,2.351874440392534,2.2912958282595435,2.351161802813054,35043000
2011-02-11,2.3725426197052,2.3768187853076017,2.3034118421942673,2.3183782518843055,27725000
2011-02-14,2.425994873046875,2.4480881735323883,2.3932111562500467,2.3932111562500467,25997000
2011-02-15,2.402475357055664,2.441673311075825,2.3818073387570937,2.415303682599193,19788000
2011-02-16,2.450226306915283,2.465905527853137,2.4096030639381234,2.416729951651983,12605000
2011-02-17,2.3967747688293457,2.4530772375535914,2.3739688281480054,2.4466631570061255,34387000
2011-02-18,2.4124536514282227,2.4281328714976955,2.3967744313587493,2.406752209540267,15639000
2011-02-22,2.3233675956726074,2.368979642900869,2.2898712405244273,2.368979642900869,20118000
2011-02-23,2.2335684299468994,2.35187478120199,2.2036354383325634,2.3504495058364943,33272000
2011-02-24,2.421718120574951,2.431695726772442,2.2563741311156797,2.2699152651941956,35331000
2011-02-25,2.4488003253936768,2.46519217940202,2.4088897317176396,2.4402479946351128,19132000
2011-02-28,2.4224307537078857,2.4609160731273816,2.3867963245552866,2.4473749390738857,16263000
2011-03-01,2.285595655441284,2.3141032134518023,2.2692037925933914,2.2984239885786377,101318000
2011-03-02,2.3133909702301025,2.3190924148377112,2.283457961243962,2.2884467677552394,26617000
2011-03-03,2.3518755435943604,2.3575771566597354,2.305550680831338,2.336909127894815,32848000
2011-03-04,2.3369083404541016,2.362565165806923,2.316952956327073,2.3561509169891233,20498000
2011-03-07,2.2791805267333984,2.3518748396500015,2.249960341994019,2.3518748396500015,16709000
2011-03-08,2.3084006309509277,2.319803682513047,2.2513853731403324,2.2749041138877137,19603000
2011-03-09,2.209336519241333,2.272765850455445,2.2050605239239736,2.2620756072845185,43929000
2011-03-10,2.2100491523742676,2.217888674742373,2.1487579086133093,2.1957953826586185,36191000
2011-03-11,2.22572922706604,2.2463972536933556,2.1886695106069824,2.2079120916357735,13135000
2011-03-14,2.209336519241333,2.2214523773819654,2.189381308032483,2.2157507670949,16414000
2011-03-15,2.2143263816833496,2.2292927961035267,2.1273781067368085,2.155173022018641,19796000
2011-03-16,2.1121480464935303,2.2214709096473353,2.1007155579261174,2.211467546034728,28724000
2011-03-17,2.094999074935913,2.1657374330531582,2.0199735126254414,2.1628793537100064,38143000
2011-03-18,2.1664528846740723,2.178599854158218,2.1335845341371784,2.1485895840251716,30697000
2011-03-21,2.2143263816833496,2.2257588741544607,2.185030758141245,2.2007502862265884,19947000
2011-03-22,2.194319725036621,2.2364769679798244,2.1757419454103233,2.2257589526734702,15176000
2011-03-23,2.215754508972168,2.2164689861931706,2.1685956052461637,2.195033136350168,12364000
2011-03-24,2.2200419902801514,2.238619592845376,2.1864590013438705,2.234332558626947,13371000
2011-03-25,2.20432186126709,2.2286157885834945,2.198605532844008,2.2257577095504435,9122000
2011-03-28,2.2143263816833496,2.250767462082333,2.1964630802552882,2.2057519697407493,10740000
2011-03-29,2.2128968238830566,2.2229003593139476,2.1871739337951497,2.2193276315835506,14708000
2011-03-30,2.2500522136688232,2.2571974982616383,2.18717377739486,2.2507668613780205,17353000
2011-03-31,2.2221856117248535,2.272202775561249,2.201464405104748,2.252910523683481,15803000
2011-04-01,2.252195358276367,2.2793475364240274,2.2193270217591934,2.2507664038624826,16029000
2011-04-04,2.1864593029022217,2.257197677082261,2.140729511956786,2.257197677082261,18790000
2011-04-05,2.262913465499878,2.315074051703973,2.1871734268825893,2.197176789638006,20444000
2011-04-06,2.3415122032165527,2.347943011128821,2.2679157471885065,2.296496888544756,21373000
2011-04-07,2.3200759887695312,2.3558024099454484,2.308643499921835,2.348657125710265,16580000
2011-04-08,2.327221393585205,2.3679494988002974,2.3057855397689977,2.3479427700479794,8340000
2011-04-11,2.3029274940490723,2.33150863289328,2.26791554785781,2.3079291763111063,8896000
2011-04-12,2.2414774894714355,2.2979252766503957,2.2064655514336895,2.2879217440989073,18839000
2011-04-13,2.2722017765045166,2.307213707652905,2.2371898453561285,2.277203456617579,8770000
2011-04-14,2.2200419902801514,2.271487934114408,2.1936042855172686,2.2529103315491836,11746000
2011-04-15,2.2679152488708496,2.2750605326399147,2.1850299230782957,2.2150400126941667,12119000
2011-04-18,2.257911443710327,2.2650567260808008,2.181456769024985,2.2429062314824537,8052000
2011-04-19,2.270059108734131,2.2857786325963505,2.246479652583779,2.255053891865802,7237000
2011-04-20,2.3265063762664795,2.3307935801060964,2.2822055538520747,2.29935419885356,11153000
2011-04-21,2.3293652534484863,2.3622336003374156,2.323649093275212,2.3493721547690285,8335000
2011-04-25,2.3036415576934814,2.3365098955327777,2.286492911538151,2.325077407976893,6000000
2011-04-26,2.31150221824646,2.327936393564087,2.275775787198806,2.327936393564087,11000000
2011-04-27,2.3858132362365723,2.393672999647385,2.2979262023185685,2.305071488243959,9822000
2011-04-28,2.3500871658325195,2.416538352131758,2.3479435626915364,2.37938279149749,7214000
2011-04-29,2.3908140659332275,2.3936721452117644,2.3379390030308222,2.3536585242412706,8180000
2011-05-02,2.3686652183532715,2.4108224677087917,2.352231039288528,2.4108224677087917,7082000
2011-05-03,2.2979257106781006,2.3886708054799657,2.2957821083234013,2.378667441396047,11762000
2011-05-04,2.325078010559082,2.3300796932191132,2.28077717368261,2.3043566321410665,7482000
2011-05-05,2.3750946521759033,2.386527140984279,2.2922093212614465,2.322219583088806,8190000
2011-05-06,2.4944217205047607,2.5008525291253467,2.4022474783712657,2.4186816534969457,19072000
2011-05-09,2.533720016479492,2.5465814589834435,2.475843099319209,2.5008516774219487,13743000
2011-05-10,2.5587286949157715,2.585166228579514,2.5444381269701264,2.5551559677508564,16750000
2011-05-11,2.563016414642334,2.5773071567678807,2.5387224767073056,2.5587293793974286,13834000
2011-05-12,2.5051395893096924,2.5773070942396608,2.4887054151389303,2.5694471607077425,20255000
2011-05-13,2.492992877960205,2.5301482652777554,2.4922782300654163,2.5051398478868143,10121000
2011-05-16,2.447977066040039,2.4994230159512876,2.439402655876315,2.4794162860453075,7560000
2011-05-17,2.4486913681030273,2.460838334727199,2.4165375026483806,2.4365444014788555,12570000
2011-05-18,2.474414825439453,2.482989066014962,2.4051054012343984,2.4572660035743397,6843000
2011-05-19,2.487276315689087,2.5051396153303926,2.474414869418706,2.479416552432579,7067000
2011-05-20,2.4572653770446777,2.5158567726449714,2.450834740841929,2.4894192394864376,13164000
2011-05-23,2.2886366844177246,2.42439707967866,2.270773389336466,2.423682602389652,24924000
2011-05-24,2.2657711505889893,2.3086428438161515,2.2493369844828806,2.295781403990789,28000000
2011-05-25,2.465125560760498,2.4779870048390573,2.3300794609720064,2.343655552757223,67195000
2011-05-26,2.480130672454834,2.4901340370408445,2.404390619977281,2.4679837054065317,18410000
2011-05-27,2.501566171646118,2.5094261030112173,2.4415458222923725,2.486561126896932,17129000
2011-05-31,2.4143948554992676,2.434401762245334,2.391529867891502,2.4193965395965122,107163000
2011-06-01,2.4129650592803955,2.4472623583816615,2.4043906493265648,2.417966741634454,33826000
2011-06-02,2.395101547241211,2.440116854748513,2.35651704662267,2.415822922533655,23147000
2011-06-03,2.4215385913848877,2.4394018834506377,2.3650908065140497,2.4093916277372482,40817000
2011-06-06,2.381525993347168,2.430114039093816,2.3765243103133598,2.430114039093816,13823000
2011-06-07,2.432971477508545,2.4472620453657488,2.386527046794129,2.4151083528655435,49845000
2011-06-08,2.387241840362549,2.441546035610794,2.3758093513065472,2.415108500494612,17524000
2011-06-09,2.445833206176758,2.4751288205589486,2.411535739487277,2.4508348881270337,32459000
2011-06-10,2.4129650592803955,2.4572657230897788,2.385098397287474,2.4494059608701195,14248000
2011-06-13,2.391529083251953,2.4515496134408603,2.3565173060582945,2.412965108574443,23053000
2011-06-14,2.4451186656951904,2.462267484970249,2.4115358452099045,2.4122503225606913,21844000
2011-06-15,2.4042837619781494,2.4572984491424927,2.3992688891447904,2.4458358094635457,19194000
2011-06-16,2.390671491622925,2.397835618947534,2.339806238860081,2.3935372791977834,21770000
2011-06-17,2.328342914581299,2.4243423290753383,2.306134177664052,2.412879694573908,20208000
2011-06-20,2.3462533950805664,2.374909896933348,2.3061342583254265,2.325477379995432,19129000
2011-06-21,2.4408209323883057,2.46446257330808,2.3534184971453125,2.361298987183139,18439000
2011-06-22,2.579087972640991,2.599863991065992,2.403566785173532,2.4343725466981017,38382000
2011-06-23,2.566192150115967,2.5841025488252356,2.495267258181713,2.5418341581808357,38113000
2011-06-24,2.5447006225585938,2.566909367220819,2.507447090138868,2.5633273887684562,102656000
2011-06-27,2.5396852493286133,2.580520752146542,2.5074465955845286,2.5468493756266053,18084000
2011-06-28,2.6471474170684814,2.677953180410607,2.5654764030015724,2.5654764030015724,31148000
2011-06-29,2.7015953063964844,2.7073267115491415,2.6249391502808246,2.669356814287173,25680000
2011-06-30,2.7223703861236572,2.7725192670926337,2.661475230972498,2.7080421344182355,26329000
2011-07-01,2.7696545124053955,2.793296152153625,2.7374160214436287,2.738132383009852,19479000
2011-07-05,2.7911465167999268,2.7997435376497775,2.758908030225514,2.7761019011189516,9519000
2011-07-06,2.79974365234375,2.79974365234375,2.7431469946449836,2.7703707812472476,12312000
2011-07-07,2.7696545124053955,2.8262511754879016,2.7610576611918582,2.803326068112182,23121000
2011-07-08,2.719505548477173,2.737415953639414,2.6528791418926945,2.737415953639414,20213000
2011-07-11,2.6786699295043945,2.7309680781924817,2.6578939081718773,2.680102652544121,14573000
2011-07-12,2.53682017326355,2.6679239091535143,2.508163660038841,2.6643419304035714,34677000
2011-07-13,2.53467059135437,2.598431372015379,2.5110289555003584,2.5611778438075405,19458000
2011-07-14,2.5203425884246826,2.6141927860945846,2.514611354267472,2.539685888019414,22356000
2011-07-15,2.5439836978912354,2.575505818680632,2.5038643866229275,2.5339537846710383,13745000
2011-07-18,2.5074462890625,2.5583116991245856,2.464461536529208,2.527505942728437,11983000
2011-07-19,2.593416690826416,2.612043457525794,2.517476900932818,2.528939539732918,17896000
2011-07-20,2.5841028690338135,2.650729259869341,2.5733565943153858,2.598431121454223,14829000
2011-07-21,2.633535623550415,2.664341386053701,2.5597449291859977,2.5719239277375867,20498000
2011-07-22,2.655744791030884,2.67867006892247,2.5991481286653504,2.6306702576615684,14929000
2011-07-25,2.585536241531372,2.624939030992448,2.5712079855103056,2.624939030992448,14361000
2011-07-26,2.6263716220855713,2.647147643513613,2.594133133061912,2.599864366859721,27251000
2011-07-27,2.4092979431152344,2.6256547992755372,2.3949696903316875,2.6113265464919904,40519000
2011-07-28,2.4816555976867676,2.4931182334210438,2.3218954003758205,2.4279245674100776,47042000
2011-07-29,2.4092979431152344,2.4572977436657384,2.351984931981047,2.408581581717931,38414000
2011-08-01,2.378493070602417,2.4429704030083763,2.360582833339003,2.4358062739417483,23795000
2011-08-02,2.2961044311523438,2.4221932489463742,2.2953880698213345,2.353417607788826,21037000
2011-08-03,2.348403215408325,2.3527015550765094,2.2438067534863544,2.298254154281432,17009000
2011-08-04,2.2137179374694824,2.328344173663172,2.21085231999606,2.3075681480698162,26030000
2011-08-05,2.101957082748413,2.327627361513663,2.0840466780948113,2.2402249352488925,43748000
2011-08-08,1.947927713394165,2.0775985084915756,1.8927637916241113,2.0496583669414803,43697000
2011-08-09,2.1227328777313232,2.1270313880538487,1.965121914345034,1.985897933699734,42112000
2011-08-10,2.0955088138580322,2.1757470931732334,2.0475091868626616,2.096225346020547,30432000
2011-08-11,2.200105667114258,2.2316277931309543,2.1205837343736778,2.1205837343736778,27065000
2011-08-12,2.2237467765808105,2.2925224166264195,2.213716864077692,2.255985256435992,25743000
2011-08-15,2.264582633972168,2.321179286515495,2.234493233312186,2.234493233312186,17067000
2011-08-16,2.2187323570251465,2.2695977827033795,2.1965236126398597,2.2452397829509647,17459000
2011-08-17,2.1993894577026367,2.2946725528428513,2.192941861738624,2.244523483482194,19023000
2011-08-18,2.0496585369110107,2.1420758176054027,2.0260169029936956,2.1356280526807954,23055000
2011-08-19,2.026733160018921,2.1313294329806753,2.016703417856832,2.0510911540714907,12609000
2011-08-22,1.9801667928695679,2.070435009222192,1.9565251537595125,2.062554348981319,25793000
2011-08-23,2.0962250232696533,2.0990906390597903,1.9529423548944829,1.9930614883750337,35977000
2011-08-24,2.311866044998169,2.397119209704593,2.2481052618374284,2.2939556416403,69346000
2011-08-25,2.212285280227661,2.3118667287498225,2.2072704067977758,2.3004040877073777,25065000
2011-08-26,2.2581348419189453,2.258851374149541,2.127747668344637,2.190792085455636,20916000
2011-08-29,2.3534185886383057,2.3570005675924657,2.274613001971165,2.2903741534658537,13459000
2011-08-30,2.3734774589538574,2.4193280073613384,2.31186593398678,2.331925591616617,17145000
2011-08-31,2.372044086456299,2.4716254734732024,2.3455366706898713,2.3856558041561655,22913000
2011-09-01,2.261000633239746,2.3749104780239896,2.255269399789367,2.3648807340826936,31135000
2011-09-02,2.2301950454711914,2.2595680889441394,2.1857775557030017,2.2094191944661232,16862000
2011-09-06,2.2538366317749023,2.2552695256205775,2.1650014834999354,2.1843446109820337,11800000
2011-09-07,2.3426713943481445,2.3813576401223173,2.3025522550686843,2.307567126127837,14595000
2011-09-08,2.370612621307373,2.3892393913674472,2.299687691066157,2.304702564419821,19383000
2011-09-09,2.3140149116516113,2.382074193853863,2.2925225337150428,2.3433877769230507,19032000
2011-09-12,2.4021337032318115,2.412879977714874,2.27819430542917,2.2817762830526984,20470000
2011-09-13,2.458730459213257,2.4709094569627497,2.3713280491687403,2.402133809643191,20511000
2011-09-14,2.6192069053649902,2.63425168961159,2.4644617487579152,2.471625874797074,47206000
2011-09-15,2.6400461196899414,2.7025621046860113,2.6019616414911377,2.645076125717512,29980000
2011-09-16,2.622081995010376,2.6486694178130104,2.581123246981896,2.627830696422467,18030000
2011-09-19,2.6838786602020264,2.729867572431112,2.5444750484053755,2.586152478697772,41148000
2011-09-20,2.6098647117614746,2.7140580863776433,2.606271925389358,2.694656594531917,27096000
2011-09-21,2.5854341983795166,2.7298678288977065,2.5782484515838453,2.62639293798267,32939000
2011-09-22,2.4417192935943604,2.515732508858593,2.3691431250153814,2.504235278767907,35534000
2011-09-23,2.500642776489258,2.518607232681633,2.3993236067663744,2.433815300979904,20868000
2011-09-26,2.4503421783447266,2.5207624319346214,2.411539006650574,2.502079626389112,25446000
2011-09-27,2.4783661365509033,2.525792266934328,2.469024820704588,2.492019105692115,23268000
2011-09-28,2.3720176219940186,2.4136948894069787,2.363394656373947,2.3727361453551126,106504000
2011-09-29,2.383513927459717,2.4115383855426824,2.31884221972173,2.395729848666406,49076000
2011-09-30,2.3547723293304443,2.3986055213570188,2.330340815210455,2.379922538328162,51674000
2011-10-03,2.2915360927581787,2.387825208823736,2.2757275572065456,2.3562079663988023,36639000
2011-10-04,2.3238728046417236,2.35189726972322,2.2175236447877427,2.2944112929335194,37205000
2011-10-05,2.3432743549346924,2.3497415788587603,2.2706983590776004,2.318842848539407,35119000
2011-10-06,2.367706060409546,2.382077555083696,2.3202800937205055,2.353334565735396,24844000
2011-10-07,2.3626763820648193,2.4021979122387638,2.3375261772363287,2.3820778854333744,18240000
2011-10-10,2.41872501373291,2.447468005441596,2.3712990431492305,2.3712990431492305,37583000
2011-10-11,2.3950111865997314,2.4366886127208454,2.3712982096429522,2.415849899660288,13002000
2011-10-12,2.41800594329834,2.4330959591349814,2.364831283609863,2.4101016737631995,28894000
2011-10-13,2.4474680423736572,2.509984204472981,2.3914192762246476,2.3993235476672874,60207000
2011-10-14,2.565314292907715,2.5732187351966385,2.4992053464280084,2.51357684163475,35004000
2011-10-17,2.5193252563476562,2.5645954782389535,2.5013608037188906,2.5401639734269432,21298000
2011-10-18,2.5753746032714844,2.584715921425727,2.5085469588195184,2.5099841769395725,13948000
2011-10-19,2.488426923751831,2.547350125305493,2.479085434310821,2.546631430587284,30312000
2011-10-20,2.4417192935943604,2.502079708740027,2.3799218317634403,2.4812409899082675,27141000
2011-10-21,2.43165922164917,2.479085187529655,2.4014790148192993,2.4661507397503986,27170000
2011-10-24,2.540163278579712,2.558846249380058,2.4431556378280446,2.448904165156611,25690000
2011-10-25,2.474773406982422,2.5408823419258386,2.4690248784315623,2.5035163923801322,24614000
2011-10-26,2.426629066467285,2.5243552568385215,2.4172875785307784,2.4999237520761417,23137000
2011-10-27,2.4259109497070312,2.4970499110969597,2.405072227706376,2.4481868899332255,43170000
2011-10-28,2.4136948585510254,2.442437848488173,2.234051000122119,2.422317824060863,71596000
2011-10-31,2.426629066467285,2.4568091001190306,2.3698616155675016,2.3727358800121845,35767000
2011-11-01,2.371298313140869,2.4014785136726586,2.3195608754639987,2.3490225528207933,16196000
2011-11-02,2.3425557613372803,2.4072274846728443,2.3281842672627104,2.4021974788789175,21439000
2011-11-03,2.4668691158294678,2.4790848673845356,2.357645532422599,2.407945927750579,31449000
2011-11-04,2.4704620838165283,2.4934565421424573,2.4158503737837353,2.4158503737837353,17113000
2011-11-07,2.4848337173461914,2.4862709353181276,2.4151319864809793,2.4675879582915963,17289000
2011-11-08,2.4956116676330566,2.5049531533157476,2.4338142260344924,2.4956116676330566,9475000
2011-11-09,2.3878252506256104,2.4819586277962915,2.3763280246366336,2.446748426743072,15446000
2011-11-10,2.379202127456665,2.425909376656233,2.36339342251372,2.418723632831558,9560000
2011-11-11,2.4639956951141357,2.471181444360372,2.3885452423677638,2.3957311629357765,11553000
2011-11-14,2.3777661323547363,2.4654323206055913,2.3590831545430437,2.451779348924472,16063000
2011-11-15,2.370579957962036,2.4086644300827844,2.3504597657410855,2.3691427401885026,16231000
2011-11-16,2.306626796722412,2.392855752593075,2.2900995630483645,2.3547712799513616,17180000
2011-11-17,2.241954803466797,2.3080637350659217,2.223990524162851,2.3023152068058668,17349000
2011-11-18,2.1456656455993652,2.2692605338004,2.1205154512842643,2.2613562653341375,32279000
2011-11-21,2.1162049770355225,2.13704369980666,2.068779001022061,2.1104564465643363,36389000
2011-11-22,2.1133298873901367,2.1715345494836447,2.091054126351857,2.127701379283549,24014000
2011-11-23,2.081712484359741,2.111173989149256,2.060155248126068,2.083868225115277,23819000
2011-11-25,2.043628215789795,2.0932099153576718,2.0342867287122948,2.080993992778094,8951000
2011-11-28,2.0536887645721436,2.122671979597525,2.0206342895264666,2.1075819602025727,47653000
2011-11-29,2.0745275020599365,2.10973771892346,2.0493772982083494,2.0587187878113604,31500000
2011-11-30,2.149976968765259,2.163629763961465,2.0824308305811194,2.1147667678452113,36586000
2011-12-01,2.149259567260742,2.1830327423301146,2.092492097789692,2.142792512974962,48612000
2011-12-02,2.2390811443328857,2.273572837177911,2.167223665057931,2.175846631099623,57689000
2011-12-05,2.230457305908203,2.295129006993635,2.2117743357747455,2.264948811291768,28980000
2011-12-06,2.213930368423462,2.2419546560000287,2.1600371914131045,2.222553160246372,27058000
2011-12-07,2.2433927059173584,2.2556084606897224,2.187343767327013,2.2017152636852937,25019000
2011-12-08,2.204589366912842,2.2735725732739516,2.198122143132253,2.240518102379907,29397000
2011-12-09,2.199559450149536,2.202433714838948,2.140636253068798,2.157882012527002,33703000
2011-12-12,2.1169235706329346,2.129139325791536,1.9825499212448123,2.056563146962281,36729000
2011-12-13,2.1011157035827637,2.162194675347898,2.088899943494102,2.122672957501901,32928000
2011-12-14,2.063030242919922,2.1097376903013125,2.0314128148517137,2.080994527151556,21125000
2011-12-15,2.0666377544403076,2.110654734666722,2.0630297149905146,2.0832343574196157,23917000
2011-12-16,2.07818341255188,2.104882252944432,2.032723006318134,2.0868423982776565,90364000
2011-12-19,1.9879846572875977,2.0803482120243464,1.976439169935299,2.0803482120243464,31124000
2011-12-20,2.080347776412964,2.092614972434173,2.014683078155208,2.015404617200885,29613000
2011-12-21,2.01396107673645,2.096944076453905,1.987983954429103,2.080347476510414,27523000
2011-12-22,2.0940587520599365,2.1027179116721144,2.01179742390761,2.019013332904145,27874000
2011-12-23,2.1207573413848877,2.1366324080716206,2.081791471929331,2.108490314780021,11767000
2011-12-27,2.1171491146087646,2.1308593893314387,2.0947798548302896,2.112097996982683,7993000
2011-12-28,2.073854446411133,2.119314694035792,2.0673600761673656,2.118593154688992,13375000
2011-12-29,2.101274251937866,2.1077686203825445,2.074575411053043,2.0752969501999603,10221000
2011-12-30,2.082512140274048,2.10415985559024,2.0680803300632533,2.089728045379445,8364000
2012-01-03,2.0890073776245117,2.1770415254380486,2.0846777983476326,2.127251707835578,23032000
2012-01-04,2.0529277324676514,2.099109507639768,2.027671969333031,2.084677692145931,20254000
2012-01-05,2.055814266204834,2.074575662626243,2.033445001570523,2.0536494764607616,20075000
2012-01-06,2.042825222015381,2.060143363876851,2.021899040744011,2.0500411287943923,24357000
2012-01-09,2.1806492805480957,2.19291630553565,2.1106548261473494,2.1142628657535227,33485000
2012-01-10,2.2116782665252686,2.246314561026618,2.1921953293631544,2.2022975675893113,26829000
2012-01-11,2.2513651847839355,2.2838368542701204,2.2073482010314485,2.214564108468289,27103000
2012-01-12,2.286001682281494,2.30404153719842,2.2239448428692956,2.251365222775687,19873000
2012-01-13,2.278064012527466,2.3090924291954837,2.252086713451824,2.2744559730810314,24275000
2012-01-17,2.283836841583252,2.3278539971320242,2.2708482770854124,2.287444881302031,31782000
2012-01-18,2.4490816593170166,2.525570321959208,2.365377088350861,2.381251983439088,44274000
2012-01-19,2.4259912967681885,2.478667458045357,2.4245480459224416,2.4447526975585556,31546000
2012-01-20,2.4397010803222656,2.4562976874811984,2.4057863267490482,2.4180533542942015,23462000
2012-01-23,2.4288768768310547,2.4461951934718518,2.4014564955511517,2.442587153491414,20124000
2012-01-24,2.444030284881592,2.470729125681654,2.4238256404647833,2.4238256404647833,30778000
2012-01-25,2.449802875518799,2.4930983197538734,2.4317630210671166,2.4930983197538734,30352000
2012-01-26,2.45918345451355,2.484439215128007,2.4418653120572107,2.450524297264983,25537000
2012-01-27,2.451967477798462,2.4880470119074047,2.4389789143355585,2.441865242656116,29468000
2012-01-30,2.4339280128479004,2.4541326583952987,2.406507631368852,2.4245473152796113,16590000
2012-01-31,2.4490816593170166,2.4591838965624024,2.4079508270336754,2.4534112387195606,16225000
2012-02-01,2.4981493949890137,2.5183540385110046,2.4635131090096,2.481552791111978,39361000
2012-02-02,2.5255701541900635,2.5385587194940626,2.5075302985580947,2.511138338500814,36188000
2012-02-03,2.5349502563476562,2.560206013893817,2.5234047720991475,2.5457742015933746,23816000
2012-02-06,2.4750583171844482,2.5291777014981367,2.4635128324737217,2.5255696622581936,18853000
2012-02-07,2.495262861251831,2.4995924396533318,2.4498026321176423,2.477944719686613,15076000
2012-02-08,2.516911029815674,2.525570188162025,2.4851610692804122,2.493098516404024,15032000
2012-02-09,2.5349502563476562,2.5479388186017453,2.5104162098450584,2.5262911001510813,11790000
2012-02-10,2.4887688159942627,2.5544336954934246,2.478666579776178,2.495263184437663,8898000
2012-02-13,2.5118589401245117,2.537836233077328,2.454853237817046,2.5147452677768802,14360000
2012-02-14,2.49021315574646,2.5212415891626065,2.467122172539738,2.4945427366028308,18319000
2012-02-15,2.5241265296936035,2.560206235610019,2.5118595053799693,2.5197971232611587,19864000
2012-02-16,2.5876271724700928,2.594121541585244,2.50536567980065,2.527735116072563,16769000
2012-02-17,2.5428884029388428,2.5825759837329914,2.5140247703761243,2.5739168251478475,18402000
2012-02-21,2.5594844818115234,2.589069819524603,2.5457743795960224,2.5602061929055493,20449000
2012-02-22,2.5905134677886963,2.620820351225394,2.550104347220041,2.550104347220041,24333000
2012-02-23,2.683598518371582,2.6886496362046173,2.5768029886480948,2.5832971846958275,47606000
2012-02-24,2.620819330215454,2.6987512121033124,2.609995558088137,2.695143173367036,19325000
2012-02-27,2.668445587158203,2.6835991160731605,2.564536362761844,2.612883106578925,26216000
2012-02-28,2.670609474182129,2.7001948107015927,2.638137809525366,2.6576209115438907,21581000
2012-02-29,2.713904857635498,2.720399224844041,2.64896170167239,2.6655583031781505,34503000
2012-03-01,2.6929798126220703,2.7276161060333006,2.681434324138048,2.723286526346688,12550000
2012-03-02,2.6410250663757324,2.6915364253930636,2.62154195877516,2.687928385157126,19601000
2012-03-05,2.558042049407959,2.6374170426462533,2.5464965614378596,2.635252252899308,24881000
2012-03-06,2.5479397773742676,2.560206977282404,2.4967068760413333,2.503201245632552,19936000
2012-03-07,2.5796897411346436,2.59556463635041,2.5443317384509014,2.5623715954261588,12857000
2012-03-08,2.6280360221862793,2.6568996525519974,2.6049450490773816,2.6193770363010485,17478000
2012-03-09,2.6532909870147705,2.6568988537053086,2.6013363991612803,2.6352511374398135,13307000
2012-03-12,2.6410250663757324,2.659786462704621,2.6049453521796684,2.6504057645401766,8724000
2012-03-13,2.715348243713379,2.7182345719370558,2.6612288583461052,2.6662799757477362,12902000
2012-03-14,2.677826166152954,2.7687466474167515,2.6698887184365363,2.7131841693201704,22282000
2012-03-15,2.7343080043792725,2.735032080069743,2.6713087578768135,2.689412031303472,16248000
2012-03-16,2.744445323944092,2.809616959936227,2.727790377157637,2.7401005251918717,23520000
2012-03-19,2.7560312747955322,2.7632725481811935,2.7241697064277366,2.735031530183441,10058000
2012-03-20,2.753859281539917,2.7625488799421216,2.7154805096728483,2.729963058579455,17642000
2012-03-21,2.777754783630371,2.795133803279057,2.740824345296219,2.758203364944905,13604000
2012-03-22,2.7480664253234863,2.7763074484540184,2.7415492262982233,2.764721374402087,19680000
2012-03-23,2.758927345275879,2.763996218638397,2.7169280348526366,2.7379276037414826,14863000
2012-03-26,2.812513828277588,2.8132379039557067,2.749514582849811,2.7849968807617667,16678000
2012-03-27,2.8081696033477783,2.8255486316968907,2.7792044985507105,2.8016524029747454,17597000
2012-03-28,2.74951434135437,2.8146859807379543,2.7364801170650086,2.8117893329886807,16691000
2012-03-29,2.7763073444366455,2.778479571384741,2.7154805011043495,2.726342499072831,13024000
2012-03-30,2.821927547454834,2.8400306482143334,2.7625490247666313,2.784996924955006,24210000
2012-04-02,2.8016514778137207,2.824823623057729,2.759652158785239,2.8161340254298293,14370000
2012-04-03,2.7784790992736816,2.8233750621721474,2.761100078122704,2.7958582930702307,12313000
2012-04-04,2.708963394165039,2.7611006408901546,2.685791418789348,2.755307690207634,13125000
2012-04-05,2.7234456539154053,2.7509625983453425,2.7046183072308354,2.7133079049762023,13792000
2012-04-09,2.721273183822632,2.729962781342378,2.6843427396548774,2.6966528877107954,12198000
2012-04-10,2.6647915840148926,2.7328595292322677,2.6481366355357645,2.7075151550111607,20072000
2012-04-11,2.7140324115753174,2.766893909393526,2.6720330853093746,2.6828949115704086,15944000
2012-04-12,2.7625486850738525,2.78427250690138,2.715480318124749,2.72489399151457,12525000
2012-04-13,2.6995487213134766,2.7466170756203563,2.6944798481797423,2.7458930002142634,8941000
2012-04-16,2.6828951835632324,2.720549886729578,2.6792746319910403,2.707515659365799,17633000
2012-04-17,2.7328593730926514,2.7480661694020894,2.6952046790919746,2.7060666764558587,11296000
2012-04-18,2.7140324115753174,2.7379286365243316,2.687239711133069,2.719101459495498,8837000
2012-04-19,2.5858612060546875,2.6930321533520245,2.5786199328310393,2.6778253587304626,28969000
2012-04-20,2.4823102951049805,2.5887571448347018,2.4337937918160275,2.5887571448347018,80400000
2012-04-23,2.406277894973755,2.449725544085694,2.3997606958132804,2.445380917290989,43912000
2012-04-24,2.366450548171997,2.4084500414853554,2.344726725899927,2.4033811668864313,37246000
2012-04-25,2.5329999923706055,2.553999738757572,2.473621476531344,2.5004143457038133,40196000
2012-04-26,2.538792848587036,2.5525513195317,2.4917244862213823,2.5120001548733457,16242000
2012-04-27,2.505483388900757,2.55689638595165,2.4982421144156057,2.5409656856716785,17007000
2012-04-30,2.496792793273926,2.506930538975134,2.468551782267246,2.49244799578897,13464000
2012-05-01,2.4953458309173584,2.5308279577694703,2.4743460815029135,2.5004147061819455,11762000
2012-05-02,2.5185177326202393,2.524310856068767,2.4518979351586387,2.471449532571108,8848000
2012-05-03,2.4156911373138428,2.5148967404166065,2.410622263088969,2.5134484166471083,18368000
2012-05-04,2.290417194366455,2.4156912499992402,2.286072395500867,2.384553754989978,38604000
2012-05-07,2.2665212154388428,2.31648588979528,2.2600040164440705,2.2853483914588417,19848000
2012-05-08,2.2846243381500244,2.293313936894784,2.2375559660252566,2.25131443982259,28533000
2012-05-09,2.249866008758545,2.262176157019483,2.2245214640009054,2.2571072825970724,24596000
2012-05-10,2.23610782623291,2.270141800416606,2.2180045529695436,2.2592798019294644,22290000
2012-05-11,2.240452766418457,2.2556593926104354,2.2165565408907084,2.2223494920174756,29039000
2012-05-14,2.254211187362671,2.2773833383827657,2.2064187337872436,2.2216255334266433,18594000
2012-05-15,2.248417854309082,2.2925895762579414,2.23828010470057,2.258555603917594,21493000
2012-05-16,2.228142499923706,2.292589902917988,2.2237978727907275,2.2491422504232053,19452000
2012-05-17,2.177452802658081,2.240452031897186,2.1760046516739684,2.223072838923329,18872000
2012-05-18,2.173832654953003,2.190487602872258,2.151384584088236,2.189039278974481,22855000
2012-05-21,2.2382800579071045,2.2382800579071045,2.150660518840282,2.1723843415381925,28360000
2012-05-22,2.2643489837646484,2.2752108102494955,2.2324872347456934,2.240452758323242,28475000
2012-05-23,2.4272778034210205,2.4323466788861086,2.28100397273572,2.294762275007121,47735000
2012-05-24,2.3541412353515625,2.4272782504877184,2.348348283080383,2.4229334499615063,27487000
2012-05-25,2.4004852771759033,2.4185883804945627,2.3584857736202958,2.360658173641837,15457000
2012-05-29,2.4946208000183105,2.498965598209489,2.4048290521980467,2.4294493450873116,19163000
2012-05-30,2.393967390060425,2.46565605226025,2.3802089180877912,2.4584147784818513,26237000
2012-05-31,2.3968636989593506,2.4171393677212785,2.351243660051979,2.409898094444641,19157000
2012-06-01,2.243349075317383,2.3657266694277475,2.2346594766271863,2.348347644692961,38892000
2012-06-04,2.2107622623443604,2.2918645716296755,2.185417725950626,2.260727087135074,39732000
2012-06-05,2.2744863033294678,2.280279253337086,2.200625241181608,2.2143837132566846,36053000
2012-06-06,2.3874502182006836,2.388898542030573,2.2867964597770127,2.302727331323448,25299000
2012-06-07,2.3860015869140625,2.4243803479050374,2.379484389959307,2.4207596253816552,23101000
2012-06-08,2.450448989868164,2.4649315348289176,2.3534158005146715,2.37731201696447,25119000
2012-06-11,2.407001495361328,2.480862725970307,2.3997602219392524,2.4685524057717596,15443000
2012-06-12,2.456242084503174,2.474345353100813,2.412070371546192,2.412070371546192,18471000
2012-06-13,2.4649314880371094,2.4975171272574546,2.436690474106073,2.455517816726764,20580000
2012-06-14,2.4227476119995117,2.458386966507584,2.374743618868189,2.4576595124169494,23709000
2012-06-15,2.4780237674713135,2.4976617239023,2.424928487709864,2.4263830483878843,18289000
2012-06-18,2.528210163116455,2.551484698432618,2.4591134908056227,2.469296110844553,17163000
2012-06-19,2.523845911026001,2.545665883504011,2.502025938547991,2.5398472935404324,19152000
2012-06-20,2.5653042793273926,2.58494224056911,2.5303923867665077,2.5311196672836807,29267000
2012-06-21,2.5078439712524414,2.5740313277819555,2.5012979289406934,2.5638487109034727,23173000
2012-06-22,2.5311195850372314,2.5493029846537496,2.5005715499817707,2.5063903141593467,55520000
2012-06-25,2.4882073402404785,2.519482661140252,2.4758427026861187,2.5005719777948383,23592000
2012-06-26,2.501297950744629,2.5180266100806845,2.4700226461954546,2.4947520817855082,18656000
2012-06-27,2.538393020629883,2.5500303760815455,2.496935082728762,2.503480954274894,11415000
2012-06-28,2.4954800605773926,2.526755373881395,2.4678413228898037,2.510026709862522,16941000
2012-06-29,2.611125946044922,2.614035414598124,2.547120759249719,2.547120759249719,18990000
2012-07-02,2.5813052654266357,2.6322185353609058,2.5653038826548302,2.601670504036452,21855000
2012-07-03,2.5994884967803955,2.603852526040505,2.5776685238895776,2.5863965824097965,9803000
2012-07-05,2.5878512859344482,2.6154898485710607,2.579850507915914,2.5994884659437205,8576000
2012-07-06,2.5078439712524414,2.583486664429029,2.4780234008484023,2.5820319305565222,14716000
2012-07-09,2.4212920665740967,2.5165727402557225,2.408927432090553,2.5092994156530652,21974000
2012-07-10,2.431474447250366,2.478023858857985,2.4183825336167986,2.4438390805181025,21338000
2012-07-11,2.4074723720550537,2.4402024150432324,2.395107739244548,2.430019796659253,18940000
2012-07-12,2.3696515560150146,2.399472310984757,2.3376489595348127,2.3943810006408444,21140000
2012-07-13,2.4111101627349854,2.418383489497286,2.362378717358758,2.367470202161178,16791000
2012-07-16,2.3812878131866455,2.4067445265787146,2.355103819626415,2.3980164709220797,13761000
2012-07-17,2.403108835220337,2.41620092446,2.368924224555243,2.4074728649668913,18038000
2012-07-18,2.457658529281616,2.4765692066969853,2.39365317290727,2.399471936255697,21230000
2012-07-19,2.6213090419769287,2.6474930481123904,2.503480927662473,2.5114817069934308,34675000
2012-07-20,2.5660312175750732,2.6183990458923656,2.563849203052304,2.614762470627565,14961000
2012-07-23,2.5085718631744385,2.531119289942976,2.453294563685678,2.5194819363543326,15101000
2012-07-24,2.486024856567383,2.5522122358055017,2.456204275932031,2.522391481760402,9758000
2012-07-25,2.4882073402404785,2.5274832681672423,2.459841315222358,2.482388748477173,20470000
2012-07-26,2.5776681900024414,2.598760879754334,2.5456656019231714,2.5463928822357413,13101000
2012-07-27,2.627854585647583,2.6525840276633286,2.5856693729320197,2.6031253170415725,11498000
2012-07-30,2.6162173748016357,2.6693128372792523,2.598034149271269,2.6416740986358422,12044000
2012-07-31,2.6838595867156982,2.73768215824842,2.6344008715536633,2.6358556059503924,23597000
2012-08-01,2.6685855388641357,2.699860855071696,2.648220297338168,2.699133574562841,15423000
2012-08-02,2.65767502784729,2.7013149697419294,2.62567226506345,2.6438556608910737,13151000
2012-08-03,2.6991336345672607,2.724590360450403,2.6671310371393964,2.702042930077111,14333000
2012-08-06,2.696223497390747,2.723134775923175,2.691132188485399,2.7049515546054606,11303000
2012-08-07,2.7202255725860596,2.7369542338690436,2.695496307527634,2.7114975150785168,15424000
2012-08-08,2.7260448932647705,2.7420462785178437,2.7093162274942078,2.7245903322297904,17173000
2012-08-09,2.7144079208374023,2.7325911490462835,2.691860488957494,2.6940425040881233,9996000
2012-08-10,2.7020421028137207,2.7224075119670657,2.6744035438173945,2.7078608654616927,14662000
2012-08-13,2.6380369663238525,2.7020421425242627,2.6249448802307866,2.7020421425242627,21116000
2012-08-14,2.6293091773986816,2.674403856196424,2.616944543765856,2.671494561237475,24324000
2012-08-15,2.6605851650238037,2.664221914704688,2.618399770456349,2.622036520137233,15984000
2012-08-16,2.6845874786376953,2.7013161476662435,2.6693135443372,2.6693135443372,25881000
2012-08-17,2.679495096206665,2.755137803635107,2.647492505669097,2.7456824652065515,29985000
2012-08-20,2.6154894828796387,2.687495434520381,2.5754861186093247,2.687495434520381,25468000
2012-08-21,2.646038055419922,2.659129970505031,2.596579343455616,2.618399317537291,19231000
2012-08-22,2.654038429260254,2.667857796997209,2.621308557695027,2.6365824861981513,13251000
2012-08-23,2.6198537349700928,2.640219145695647,2.598033763527532,2.6358551167251916,12060000
2012-08-24,2.6220357418060303,2.643128432828554,2.6067618138637116,2.619853727327168,13030000
2012-08-27,2.601670026779175,2.6278540240526262,2.5922146896134928,2.6234901690151324,13306000
2012-08-28,2.6380369663238525,2.648946864658367,2.595124306479426,2.60603420481394,15320000
2012-08-29,2.6620395183563232,2.680950197805339,2.6344007796509175,2.6467654146576405,11952000
2012-08-30,2.6198537349700928,2.6547657933240214,2.6074891018269466,2.6547657933240214,13671000
2012-08-31,2.6598575115203857,2.6765861762054812,2.611853532285743,2.6394920976643053,13266000
2012-09-04,2.610398530960083,2.6613118002785754,2.5696678808233435,2.6453105911100283,21527000
2012-09-05,2.55875825881958,2.590761029616648,2.549303091776989,2.5900337490925467,16184000
2012-09-06,2.662766456604004,2.67731310455528,2.5594851867860546,2.592215057971565,22883000
2012-09-07,2.6329457759857178,2.678767908984959,2.6256724518192827,2.670039850621346,15846000
2012-09-10,2.5456652641296387,2.632217852589942,2.542028516229948,2.6154891937526696,16238000
2012-09-11,2.542757511138916,2.5871247525862064,2.5333021689600197,2.5485761032137186,12420000
2012-09-12,2.562394380569458,2.5820323371876968,2.5463929990906604,2.561667100223513,13803000
2012-09-13,2.550757646560669,2.574759637894643,2.505662959391738,2.5660317513975888,21875000
2012-09-14,2.550029993057251,2.5820325856850928,2.5238459905763864,2.5522120077148003,34024000
2012-09-17,2.5660312175750732,2.574031821885412,2.53693774840806,2.5594851740067663,15298000
2012-09-18,2.568953514099121,2.569684107755148,2.5316904504461117,2.563108242251724,10544000
2012-09-19,2.560917377471924,2.5879512686135064,2.538997817951949,2.566762477210724,20797000
2012-09-20,2.465932607650757,2.5506875786953533,2.4272083521372796,2.5265762432171597,40250000
2012-09-21,2.594527006149292,2.6390963684683957,2.5083106570339075,2.5083106570339075,68640000
2012-09-24,2.5280377864837646,2.5674926385730332,2.501003899896682,2.557263628653558,44190000
2012-09-25,2.411865234375,2.556533270997846,2.4060199608812765,2.5251154703433825,34009000
2012-09-26,2.4447431564331055,2.4505884273773058,2.366564072926989,2.3921365889338024,41268000
2012-09-27,2.5499579906463623,2.55653385951566,2.4089430650704484,2.424286759098809,41134000
2012-09-28,2.547765016555786,2.558724793626319,2.4915052921263756,2.5170778149580406,25908000
2012-10-01,2.534614324569702,2.5967191685302082,2.5243851377410835,2.5674933186194275,20091000
2012-10-02,2.5148863792419434,2.5499574989153033,2.4915058069928198,2.5499574989153033,17096000
2012-10-03,2.525846004486084,2.5609171220199025,2.5156169938636346,2.522923454908209,27255000
2012-10-04,2.5148863792419434,2.5258461585773007,2.4841993455025095,2.5258461585773007,11425000
2012-10-05,2.5163471698760986,2.5777215718192994,2.4966197457514068,2.536805187724003,15117000
2012-10-08,2.475430965423584,2.501003661989438,2.4630100011029383,2.4841987869203894,10039000
2012-10-09,2.454242467880249,2.465202246038586,2.414056846899365,2.447666600985247,20770000
2012-10-10,2.3811776638031006,2.4630100866152493,2.378255114602613,2.4608181311649466,14476000
2012-10-11,2.4060189723968506,2.4462045796822296,2.378985094419285,2.4118642434891138,13768000
2012-10-12,2.4096732139587402,2.411865169685123,2.3775246461049746,2.391406974305475,26733000
2012-10-15,2.425015926361084,2.4374368885619573,2.3965206855592323,2.4184400613607226,17144000
2012-10-16,2.5097715854644775,2.52730723038773,2.4279391564885087,2.433053661524536,18602000
2012-10-17,2.4922358989715576,2.528037605323923,2.475431023508192,2.4907745372878853,13410000
2012-10-18,2.487851858139038,2.51342455396886,2.470316389849875,2.4893132197463594,12752000
2012-10-19,2.425015926361084,2.4973499187659165,2.403827144159729,2.4929660087656758,19088000
2012-10-22,2.440359354019165,2.461548135498618,2.411133520612902,2.4462046252202425,12707000
2012-10-23,2.4286694526672363,2.4367066803387085,2.397982426211677,2.408211435030197,10953000
2012-10-24,2.3914074897766113,2.4542431029444938,2.3811784769817956,2.44985919054677,13522000
2012-10-25,2.4622795581817627,2.4652022818663055,2.4140568819837687,2.416248837647293,15396000
2012-10-26,2.471778154373169,2.483468527362015,2.4403603531780473,2.462279737207217,12623000
2012-10-31,2.4133267402648926,2.462280019454838,2.397252453787684,2.456434919390289,22851000
2012-11-01,2.5207314491271973,2.5251153605068564,2.41478767898444,2.432323150303306,18725000
2012-11-02,2.482006311416626,2.5463030749200173,2.479814356501771,2.536074068117165,19223000
2012-11-05,2.507580041885376,2.514886503737381,2.410404081833728,2.411134675758991,13881000
2012-11-06,2.57772159576416,2.57772159576416,2.499542318062643,2.507579371691871,20045000
2012-11-07,2.4812755584716797,2.5652999167108406,2.4761610550396926,2.541188586703069,20751000
2012-11-08,2.472508430480957,2.556532806307282,2.4717776625522103,2.556532806307282,13265000
2012-11-09,2.4462063312530518,2.4842000108586224,2.441822418344743,2.4842000108586224,14186000
2012-11-12,2.455702781677246,2.473238245047185,2.4272075448262895,2.453510826981043,7607000
2012-11-13,2.4315922260284424,2.471047074684059,2.424285766121856,2.430130864367227,11113000
2012-11-14,2.4133267402648926,2.476162349857891,2.401636365935995,2.4608188315386004,12054000
2012-11-15,2.356335163116455,2.4272079709365553,2.3446449682840083,2.4213626993206114,13745000
2012-11-16,2.3336853981018066,2.365833785117585,2.3146885685289305,2.3534128213660286,23888000
2012-11-19,2.3928682804107666,2.3987133794116873,2.3388003307532945,2.358527757631112,16664000
2012-11-20,2.397251605987549,2.4462050420646637,2.3746016334979494,2.434514671870125,11905000
2012-11-21,2.3979833126068115,2.408212325206403,2.3760639252363416,2.3950607624640434,7802000
2012-11-23,2.451319694519043,2.4652020208515832,2.4001744742515108,2.411134077208965,8177000
2012-11-26,2.48712158203125,2.5017345031715235,2.4410908630194124,2.465932794117925,16562000
2012-11-27,2.4929659366607666,2.522922537996158,2.454972283357201,2.4739691100089836,20547000
2012-11-28,2.5251150131225586,2.5316907050876494,2.4557035570263936,2.456434150755905,20702000
2012-11-29,2.564570426940918,2.588681767326352,2.53680576870325,2.5484961419507006,19060000
2012-11-30,2.564570426940918,2.588681767326352,2.4768928888847146,2.5273075255269664,41634000
2012-12-03,2.5433812141418457,2.59964111516914,2.5302296552963544,2.585758788354632,17504000
2012-12-04,2.5514185428619385,2.568954013412951,2.5346136661089544,2.541920126688523,16899000
2012-12-05,2.522922992706299,2.568953706274222,2.5207310373745178,2.559455291236417,15875000
2012-12-06,2.5660312175750732,2.5682231729584006,2.517808547541355,2.523653645763732,11963000
2012-12-07,2.502465009689331,2.525115158606611,2.48054562874341,2.5010038221461226,85050000
2012-12-10,2.517078399658203,2.522192905412601,2.4915058708862134,2.511963893903805,26845000
2012-12-11,2.5251150131225586,2.5484955802646208,2.508310137945587,2.5324214730169055,43625000
2012-12-12,2.525846004486084,2.548495981464332,2.5170781815526864,2.541920288464056,49274000
2012-12-13,2.474447727203369,2.570635491922484,2.4663709548059605,2.569901287630165,66194000
2012-12-14,2.286478281021118,2.4428750218965227,2.2394856982700677,2.4347982483252237,98714000
2012-12-17,2.3488893508911133,2.3496237301380227,2.277666468062186,2.3048339486220484,70583000
2012-12-18,2.369448184967041,2.3863361034070216,2.3268611993147172,2.3665111937297776,41414000
2012-12-19,2.3488893508911133,2.3863365653622437,2.345218154898995,2.370917227086253,25023000
2012-12-20,2.3422811031341553,2.367245795435444,2.3070366771847453,2.3532948658891812,23788000
2012-12-21,2.302631378173828,2.318050892964708,2.276932478623401,2.286477834188023,35064000
2012-12-24,2.287212610244751,2.3004291654518663,2.2747302594767347,2.297492172634804,7995000
2012-12-26,2.2673871517181396,2.3180509222644505,2.2593102045625226,2.292351847328568,16339000
2012-12-27,2.3033652305603027,2.3121762047931096,2.2534356763320633,2.2820717364749985,27545000
2012-12-28,2.287212610244751,2.3107089029025865,2.27326167553787,2.28060424511086,19617000
2012-12-31,2.323925018310547,2.333470374455057,2.273995449626906,2.3004287300993473,26644000
2013-01-02,2.3892734050750732,2.427454821302007,2.3672457053427487,2.381196634358066,36716000
2013-01-03,2.4017562866210938,2.421581378358019,2.3745888017291175,2.3745888017291175,23295000
2013-01-04,2.3863368034362793,2.40616171892914,2.363574895844592,2.4010219389910374,27113000
2013-01-07,2.3731205463409424,2.3856028956074584,2.3569668251992266,2.3767917431554957,16822000
2013-01-08,2.356966495513916,2.4010219014901,2.356232291265833,2.3826653948030456,20969000
2013-01-09,2.4090986251831055,2.42011256398702,2.376057158892599,2.386336718402507,29456000
2013-01-10,2.461230993270874,2.4663707730596243,2.4245181554507877,2.45682541772034,44591000
2013-01-11,2.521439790725708,2.523642578215655,2.4590278869852744,2.462699257822051,47871000
2013-01-14,2.538328170776367,2.5419993672168855,2.4700422714128187,2.484727407296149,49258000
2013-01-15,2.4869301319122314,2.5287827506088454,2.4832587605044916,2.5185031907641724,33736000
2013-01-16,2.5375938415527344,2.5412650378124884,2.479587505151544,2.4825244971714713,27669000
2013-01-17,2.555950403213501,2.5676985474121046,2.539796858118477,2.553747615234973,21065000
2013-01-18,2.528782844543457,2.5515447529108397,2.519237488601509,2.536125412571061,18830000
2013-01-22,2.528782844543457,2.5412651926843206,2.520706072231282,2.529517048828028,13809000
2013-01-23,2.5273146629333496,2.5699016693041403,2.508958327474715,2.558887727980433,22791000
2013-01-24,2.491335868835449,2.519237735106897,2.4663711701109468,2.4751823226304874,44567000
2013-01-25,2.508222818374634,2.517768171535983,2.4832581293652187,2.4839923334359137,35089000
2013-01-28,2.531719446182251,2.535390817159998,2.504551966177219,2.525845462690581,38462000
2013-01-29,2.538328170776367,2.5486077308825728,2.5096921032856847,2.5185032548399344,23732000
2013-01-30,2.573572874069214,2.594131996455601,2.5324542791751448,2.5324542791751448,25185000
2013-01-31,2.6264379024505615,2.649934180193957,2.5882566699432386,2.6080815777002355,67764000
2013-02-01,2.6624181270599365,2.665355294842827,2.630110856994094,2.6374534263299974,27973000
2013-02-04,2.583117723464966,2.6587463640964533,2.5801807313677783,2.624970517327233,43401000
2013-02-05,2.600005626678467,2.611753770036699,2.574306727201668,2.575775135708558,29392000
2013-02-06,2.6168930530548096,2.627906990068348,2.5765090258132117,2.5867885836521207,20811000
2013-02-07,2.5669643878936768,2.616893782783099,2.536125530716856,2.616893782783099,42435000
2013-02-08,2.593397617340088,2.608816958090812,2.5735727006432616,2.590460625062898,32966000
2013-02-11,2.599271535873413,2.620565035698301,2.5699012637262424,2.597803127302433,29999000
2013-02-12,2.5801801681518555,2.595599679652328,2.553746894925917,2.584585742866276,31224000
2013-02-13,2.582383632659912,2.605879920590946,2.561824512015732,2.596334564560253,26590000
2013-02-14,2.6168930530548096,2.6190958404575175,2.5691664594910493,2.5765090258132117,32372000
2013-02-15,2.5801801681518555,2.6271727316915623,2.5684320272669288,2.6124875993505503,25317000
2013-02-19,2.6095502376556396,2.6102846167601736,2.555215287069932,2.569900418312587,24396000
2013-02-20,2.5456702709198,2.623501511811128,2.5456702709198,2.6051451828604804,33262000
2013-02-21,2.4722445011138916,2.546404368062582,2.4201121579561566,2.530985031384678,61853000
2013-02-22,2.5030834674835205,2.530985327664721,2.475181782362929,2.4942724919478327,18964000
2013-02-25,2.4193787574768066,2.5126293627501273,2.418644378062075,2.5060211734420728,30632000
2013-02-26,2.4325952529907227,2.452420170562171,2.39808519832482,2.4325952529907227,34556000
2013-02-27,2.4737136363983154,2.5236432068399366,2.4693080603210196,2.4817905842269052,35971000
2013-02-28,2.5126290321350098,2.519237395634174,2.447280126582715,2.4737134055187484,34786000
2013-03-01,2.474447727203369,2.503083795331408,2.4421404625531022,2.490601447058819,31500000
2013-03-04,2.462700128555298,2.4744480992412643,2.423784494241222,2.4641685373607145,17005000
2013-03-05,2.5207061767578125,2.5229089647635,2.472979395068978,2.4744478036990114,30510000
2013-03-06,2.54860782623291,2.5530134021748596,2.5118949851510575,2.5192375533674283,24610000
2013-03-07,2.567697525024414,2.579445664545226,2.52584492021823,2.547138412158417,30738000
2013-03-08,2.589726686477661,2.600006248727757,2.5684331824877016,2.5735731386734146,19688000
2013-03-11,2.588992118835449,2.6183623926071378,2.5676986178327827,2.575775390601805,28173000
2013-03-12,2.602942705154419,2.609550893331586,2.569901064026114,2.586054782476048,22477000
2013-03-13,2.642592430114746,2.6514035807505425,2.5889916722217428,2.606613798432725,27495000
2013-03-14,2.6917881965637207,2.7152844866486676,2.6455299958131775,2.6469985795912296,43449000
2013-03-15,2.643326759338379,2.7005988910586938,2.629376003586005,2.6947249070640753,34447000
2013-03-18,2.588992118835449,2.6359845218580227,2.5735727776235047,2.612488407877056,28689000
2013-03-19,2.591928482055664,2.6301098987152516,2.5728377737258707,2.598536844568423,33400000
2013-03-20,2.6381869316101074,2.6492008702255334,2.5956001107718945,2.619830600665217,29636000
2013-03-21,2.6249005794525146,2.639663785753842,2.59315966830553,2.613828086730868,27816000
2013-03-22,2.642615556716919,2.660331539473085,2.6116129388761196,2.6404010588723983,17306000
2013-03-25,2.621947765350342,2.649259677241586,2.6020174560240634,2.647783286332078,12888000
2013-03-26,2.6418778896331787,2.655902986321648,2.624900187323788,2.63301989677914,9556000
2013-03-27,2.630805492401123,2.6374489872786118,2.602017366581233,2.6182567860711643,14861000
2013-03-28,2.6514737606048584,2.652211867948441,2.6189947496008408,2.6426157685168263,14740000
2013-04-01,2.608661413192749,2.6573800372358987,2.597589094632759,2.644093219765644,18501000
2013-04-02,2.574705123901367,2.628591011104341,2.5665854146475384,2.62563822956543,23020000
2013-04-03,2.53262996673584,2.589468282504673,2.5171286558874124,2.5747050790324755,18297000
2013-04-04,2.5540366172790527,2.559941828162088,2.506794226249716,2.527462816322867,15348000
2013-04-05,2.534107208251953,2.540750528850908,2.460290990117479,2.5104860043696156,14449000
2013-04-08,2.5584654808044434,2.5592035881287427,2.507532379611431,2.5282007926218535,12357000
2013-04-09,2.5673232078552246,2.593158899215742,2.525986207273146,2.562156104781371,16008000
2013-04-10,2.6116130352020264,2.6204708509155727,2.5680615359721872,2.5695377505954857,14817000
2013-04-11,2.630067825317383,2.6514745284014323,2.5843018129286963,2.60127951868621,18282000
2013-04-12,2.576920747756958,2.6226867697071725,2.551085217940073,2.6204722705812467,16125000
2013-04-15,2.493507146835327,2.5636324425185366,2.4890781511515465,2.559941554118304,24634000
2013-04-16,2.552561044692993,2.5540374358825875,2.4994134257460905,2.5156530248663445,22491000
2013-04-17,2.391641616821289,2.492769734492473,2.3827836229842734,2.491293343522539,64010000
2013-04-18,2.315610647201538,2.4565993582151933,2.3067526550571946,2.443312369998678,41056000
2013-04-19,2.307490825653076,2.353256826334514,2.2757499209208514,2.30675271828457,37180000
2013-04-22,2.3311121463775635,2.3503043469181475,2.2565578424307775,2.314872551460621,36395000
2013-04-23,2.389427423477173,2.393118313377665,2.3414469107186795,2.351781296845267,25542000
2013-04-24,2.4078807830810547,2.4241202008908216,2.3650673885107323,2.3894266912166455,32062000
2013-04-25,2.4086198806762695,2.449956901535164,2.4012382760940145,2.421906698527794,25126000
2013-04-26,2.370234727859497,2.405666524408165,2.3591624124320436,2.405666524408165,30945000
2013-04-29,2.401237726211548,2.420429928928671,2.3768784190692447,2.3879507354114033,20430000
2013-04-30,2.3591623306274414,2.3968084481631857,2.3288976391265255,2.3968084481631857,52511000
2013-05-01,2.311919927597046,2.3672820305664675,2.30675282379862,2.3665439231641994,37068000
2013-05-02,2.3687593936920166,2.3790936055308616,2.3111827688904296,2.328898585755785,32536000
2013-05-03,2.353256940841675,2.390903234327578,2.351042442637135,2.3739255320869552,46901000
2013-05-06,2.4211678504943848,2.4285494528194085,2.359162426162443,2.3658057450610674,32848000
2013-05-07,2.4019758701324463,2.4322405656420267,2.3968087656289003,2.43002606714175,16093000
2013-05-08,2.472839832305908,2.4743162236244833,2.404928999495491,2.408619889796262,25437000
2013-05-09,2.500150680541992,2.515651989693108,2.465456997788962,2.471362384125993,29769000
2013-05-10,2.514176845550537,2.5200822348152503,2.4971991374004077,2.5067952409631475,15644000
2013-05-13,2.4816977977752686,2.5193441040191904,2.4794832988202535,2.4971991144690397,14952000
2013-05-14,2.487602472305298,2.496460466207164,2.4602905590962725,2.4787446543947276,15938000
2013-05-15,2.5230348110198975,2.523772918672333,2.4757925774286917,2.484650397231918,16947000
2013-05-16,2.5252487659454346,2.548131682163189,2.50236584972768,2.5222961599804496,24749000
2013-05-17,2.5414884090423584,2.567323931695787,2.536321304511673,2.545917230074876,27443000
2013-05-20,2.542226791381836,2.5503465028090972,2.5274635837006416,2.5274635837006416,13881000
2013-05-21,2.5902068614959717,2.5931594673291425,2.5422263567396164,2.5547750635240583,20743000
2013-05-22,2.55108380317688,2.6012786195508886,2.5267245022920672,2.582086421763915,33873000
2013-05-23,2.5075323581695557,2.535582372156882,2.4979362590706997,2.5274626636852555,28513000
2013-05-24,2.5171289443969727,2.5171289443969727,2.486126143155356,2.4994129574067414,15118000
2013-05-28,2.542226791381836,2.5547755003117194,2.5104858772681364,2.5488702876357685,20919000
2013-05-29,2.5414884090423584,2.561418719658232,2.5208198149283163,2.5370594120185426,22858000
2013-05-30,2.791724920272827,2.8219894392920124,2.664761104313046,2.672142707195137,82607000
2013-05-31,2.785080909729004,2.824941522721075,2.739314909928794,2.7555545036620974,33432000
2013-06-03,2.753340005874634,2.785080909998759,2.700930511906915,2.7813900212444067,27210000
2013-06-04,2.790248155593872,2.8190364557757155,2.759983640628101,2.7607217480200643,33120000
2013-06-05,2.7311954498291016,2.7880337690858963,2.7179084602939887,2.785819270830044,15019000
2013-06-06,2.7127411365509033,2.747434646429286,2.6898582244163083,2.7452203243441358,29731000
2013-06-07,2.7526025772094727,2.7555551833461993,2.668452158369272,2.713480061921752,30733000
2013-06-10,2.7186460494995117,2.7688408611714865,2.7156932685848503,2.7681027539384377,26360000
2013-06-11,2.678785562515259,2.713479246163516,2.676571064580636,2.689119768882664,21699000
2013-06-12,2.6559031009674072,2.7075743175334517,2.636710899616048,2.706097926663623,21307000
2013-06-13,2.7553982734680176,2.759110832569367,2.6447665968063947,2.6536764200054233,29106000
2013-06-14,2.791037082672119,2.806629400370342,2.7509422732667663,2.7576247710050747,21762000
2013-06-17,2.8281619548797607,2.8467243907693107,2.801432139251553,2.806629578814745,24727000
2013-06-18,2.8771657943725586,2.8808783513370377,2.8199937979103606,2.8244486184334927,27383000
2013-06-19,2.826676845550537,2.8860765331163694,2.826676845550537,2.8727115370298675,24035000
2013-06-20,2.7516849040985107,2.8170242922128077,2.7412898485591697,2.7999469159279236,31638000
2013-06-21,2.775444746017456,2.7828696849191674,2.7190151749595497,2.7501999891565396,80030000
2013-06-24,2.7242119312286377,2.7464867423470256,2.6804047495884697,2.745744301750418,36858000
2013-06-25,2.754654884338379,2.791037136696288,2.733122509225596,2.7568823836275977,26019000
2013-06-26,2.76579213142395,2.800689501359347,2.7464872561052824,2.7761871868432686,20661000
2013-06-27,2.770989418029785,2.8095989870499207,2.7687619190637904,2.782869176482458,26359000
2013-06-28,2.775444746017456,2.7932647410011686,2.729410231041551,2.7472300490007564,22998000
2013-07-01,2.7925217151641846,2.811826588892801,2.7724744007612308,2.810341707544127,27147000
2013-07-02,2.857119083404541,2.894243775735913,2.8081144541222307,2.817766891830837,40377000
2013-07-03,2.8652865886688232,2.8860765235037458,2.831131834816418,2.850436711082952,15203000
2013-07-05,2.881622076034546,2.9090943371209925,2.83335987613637,2.867514636522073,14447000
2013-07-08,2.7672765254974365,2.897955622890189,2.7613366469906993,2.8905305092200875,22643000
2013-07-09,2.7902936935424805,2.819250998712198,2.7754438206899765,2.800688746158792,13855000
2013-07-10,2.8459818363189697,2.8474668949520194,2.7798998250772184,2.79029470443503,17363000
2013-07-11,2.8652865886688232,2.8660290294407655,2.7828696441500833,2.786582202058803,16769000
2013-07-12,2.8920159339904785,2.8942434329690068,2.8719686202082024,2.872711060859553,18342000
2013-07-15,2.8222219944000244,2.9016688212167376,2.8185094365177186,2.8942438824766286,21551000
2013-07-16,2.8860762119293213,2.9061235268035333,2.8333590282735552,2.8333590282735552,31254000
2013-07-17,2.889789342880249,2.950673921030658,2.8853343435235916,2.896471841915235,23992000
2013-07-18,2.7917792797088623,2.8868185901564583,2.780641784450578,2.8771661532741053,37050000
2013-07-19,2.810342311859131,2.8326171300993876,2.7850973762338906,2.8029173724457115,17757000
2013-07-22,2.8058865070343018,2.8385561956666234,2.787324075319104,2.8385561956666234,9869000
2013-07-23,2.7925217151641846,2.8333589616689103,2.785096777347369,2.8274190822252505,16501000
2013-07-24,2.739062547683716,2.820737054278748,2.7368352252902155,2.7672774222955114,20506000
2013-07-25,2.739804744720459,2.7457446242398866,2.695255117251301,2.7101049930743537,25512000
2013-07-26,2.7308945655822754,2.7360920040699246,2.698967316997807,2.7123323105584523,12256000
2013-07-29,2.716787815093994,2.739805250788402,2.701195495707085,2.7190153145813403,13094000
2013-07-30,2.7360923290252686,2.747229824981898,2.6982251968217135,2.7286673907290133,11651000
2013-07-31,2.7234699726104736,2.7516848445683566,2.7145599757765115,2.747972286879375,13124000
2013-08-01,2.7769293785095215,2.7858393746342087,2.7346072509662176,2.7494571264910426,19499000
2013-08-02,2.78361177444458,2.78361177444458,2.742032089081209,2.76876189945941,15183000
2013-08-05,2.7487144470214844,2.776929316099223,2.744259626083741,2.763564322212565,11773000
2013-08-06,2.7368357181549072,2.743518040587819,2.7249557781276144,2.7420331587247464,10730000
2013-08-07,2.7687628269195557,2.7702477087007837,2.7234705691259826,2.745002948174582,18035000
2013-08-08,2.770989418029785,2.791779172346437,2.768019301392142,2.791779172346437,19396000
2013-08-09,2.734607458114624,2.765049652139189,2.7279249605149047,2.760594653739376,13858000
2013-08-12,2.799204111099243,2.806629048647604,2.727924675230082,2.735349612778443,9880000
2013-08-13,2.8229639530181885,2.830388890490154,2.7709893907144294,2.8095989593539668,13754000
2013-08-14,2.763564109802246,2.817023727190967,2.7583666715872956,2.814053787785918,15271000
2013-08-15,2.6744649410247803,2.7427744343921088,2.6544176281940355,2.683374936515986,25111000
2013-08-16,2.691542387008667,2.6989673244435743,2.664812576838107,2.670752455976244,13543000
2013-08-19,2.691542387008667,2.703422322309413,2.678920011071772,2.696739825510655,23389000
2013-08-20,2.731637716293335,2.7546551521784575,2.693770578743724,2.6982255777553292,17417000
2013-08-21,2.716787815093994,2.7464875722259254,2.701195495707085,2.7205003732477433,14425000
2013-08-22,2.7182729244232178,2.7568826802241384,2.6789207277875158,2.689315607572527,9940000
2013-08-23,2.7279257774353027,2.7509430400278934,2.7086208966046255,2.7316381591972156,18312000
2013-08-26,2.782869338989258,2.8006893317578223,2.736092212020747,2.7435171499994873,13890000
2013-08-27,2.713817596435547,2.8095993564692607,2.6989677193926997,2.8095993564692607,29863000
2013-08-28,2.842268466949463,2.929140206699489,2.8140536019040754,2.8905304659108326,67806000
2013-08-29,2.8920159339904785,2.895728491296184,2.831131374967823,2.851178688750099,35955000
2013-08-30,2.859347105026245,2.8949867453656353,2.8430121666063832,2.892759245716357,25073000
2013-09-03,2.847465753555298,2.905380361661687,2.824448327604298,2.8823629357106877,17351000
2013-09-04,2.8942437171936035,2.9053812131799837,2.833359152191876,2.8645439639292474,12588000
2013-09-05,2.880136251449585,2.9105786221473346,2.8749388123846136,2.9068660645155027,14372000
2013-09-06,2.8630592823028564,2.9090939767316657,2.838556964932226,2.9090939767316657,17155000
2013-09-09,2.8786516189575195,2.895728996086888,2.868256562904138,2.886076557838788,16364000
2013-09-10,2.944732904434204,2.9454753450325226,2.8920157274153926,2.8957282844559122,24344000
2013-09-11,2.9142918586730957,2.9306267984065917,2.8719697159823827,2.912806976803851,23927000
2013-09-12,2.897956132888794,2.9291407660738917,2.866771322679212,2.9202309467457854,20006000
2013-09-13,2.8949859142303467,2.9165182866418498,2.8734535418188436,2.907608290602751,14480000
2013-09-16,2.9165189266204834,2.9462186839019298,2.8986991076565194,2.923201425116164,21556000
2013-09-17,2.9964330196380615,3.014357612135008,2.950127199119361,2.968798783187354,37247000
2013-09-18,3.037510633468628,3.038257446977973,2.975520660514949,3.003901532608398,23648000
2013-09-19,3.0434858798980713,3.047220304048033,2.9986738585013986,3.0434858798980713,25017000
2013-09-20,3.1084630489349365,3.180162126869152,3.0494605120705915,3.0741071368856443,87192000
2013-09-23,3.1271345615386963,3.18837789702379,3.0987538684514027,3.18016223642434,29711000
2013-09-24,3.167466402053833,3.1809097600469576,3.1099574772872813,3.125641632368801,29753000
2013-09-25,3.1525285243988037,3.1816563886532974,3.0935259823654837,3.1756811681901316,20584000
2013-09-26,3.1570091247558594,3.18613662699966,3.1398309926248658,3.1719464606316814,16874000
2013-09-27,3.1891252994537354,3.1943533509458932,3.1248946981684442,3.145060090514523,21998000
2013-09-30,3.2175066471099854,3.233190803015668,3.134604273169285,3.1443135634158024,35229000
2013-10-01,3.2428996562957764,3.258583810088089,3.2100373653969205,3.22198745123936,27411000
2013-10-02,3.242152690887451,3.245139945107467,3.2070499608624066,3.216759249345989,17366000
2013-10-03,3.233937978744507,3.2555973588684455,3.19883523841605,3.2406600149811364,22817000
2013-10-04,3.248873472213745,3.2660516037741316,3.2331893234852402,3.2428986092887193,17246000
2013-10-07,3.211531162261963,3.2488743325326648,3.202568687434031,3.2488743325326648,14587000
2013-10-08,3.181656837463379,3.2466342529914423,3.1637318858138572,3.2197468255171597,21682000
2013-10-09,3.1517810821533203,3.2160120255703566,3.1241472034717046,3.2092899921642233,27594000
2013-10-10,3.249621629714966,3.2615717166421403,3.1801629736624695,3.2346842881567333,32464000
2013-10-11,3.2331902980804443,3.2488744515366945,3.1950999567336407,3.230202687650279,18979000
2013-10-14,3.3033947944641113,3.309370013578125,3.212277154652527,3.2212396271893775,20183000
2013-10-15,3.2667994499206543,3.3190799622108047,3.2548493641584195,3.3063834189978882,18761000
2013-10-16,3.323560953140259,3.331029800704013,3.2765084955719215,3.2921926480947006,16999000
2013-10-17,3.3683745861053467,3.3706150275318985,3.28621901284721,3.2929406932612517,23286000
2013-10-18,3.4400722980499268,3.4565032635628943,3.364638792030189,3.4565032635628943,27417000
2013-10-21,3.5140135288238525,3.525963617903692,3.439326807578776,3.446795301636094,43360000
2013-10-22,3.5005693435668945,3.514759872124046,3.469947845375619,3.514759872124046,47814000
2013-10-23,3.3900322914123535,3.478162696967876,3.339245410837196,3.473681459724862,56673000
2013-10-24,3.397501230239868,3.4131857407234723,3.3579172594912,3.381817075890559,30021000
2013-10-25,3.407957077026367,3.4281224655861906,3.374347977381917,3.374347977381917,21912000
2013-10-28,3.3989946842193604,3.416919276626433,3.3773353120429017,3.387044599813739,19048000
2013-10-29,3.420654058456421,3.4565036031588017,3.4042230913291376,3.4258821096393874,22162000
2013-10-30,3.3497016429901123,3.440072492624272,3.316092540423956,3.440072492624272,20740000
2013-10-31,3.393019914627075,3.406463270273407,3.3609044402847292,3.3609044402847292,17394000
2013-11-01,3.3399927616119385,3.4273763677054774,3.328789488635171,3.4199075190542993,22074000
2013-11-04,3.3638908863067627,3.38330945566902,3.3310286098166064,3.3676249526194075,13911000
2013-11-05,3.3631458282470703,3.375842730083382,3.3302838872607627,3.3638929981127887,12484000
2013-11-06,3.3885385990142822,3.3975007171931906,3.3586639220599452,3.374348074040836,10405000
2013-11-07,3.2608253955841064,3.3982491011336142,3.254850173150709,3.387792639942353,32309000
2013-11-08,3.3123586177825928,3.315346228557949,3.219000143698074,3.2660529656376216,36069000
2013-11-11,3.301903247833252,3.329537496208098,3.278003424723676,3.319081034238463,9140000
2013-11-12,3.3706138134002686,3.374348237233728,3.309370829522268,3.3280422364210493,13438000
2013-11-13,3.389285087585449,3.389285087585449,3.3123576059292765,3.3123576059292765,9863000
2013-11-14,3.207796812057495,3.3676263110002695,3.180162573392497,3.3534357848858867,59660000
2013-11-15,3.3317770957946777,3.346714436946913,3.2033158906585935,3.2100375695300927,48369000
2013-11-18,3.2832300662994385,3.339992166301507,3.2757615751137275,3.331776505476407,13463000
2013-11-19,3.207796812057495,3.304889698032603,3.2063031849299612,3.274267848978267,12296000
2013-11-20,3.1891252994537354,3.230950067525294,3.1704535343527596,3.2302028977684447,11085000
2013-11-21,3.2152655124664307,3.227962412277175,3.1906188825914628,3.2063033929854092,15434000
2013-11-22,3.233937978744507,3.2503693063146057,3.207797715975309,3.2160133797603585,11219000
2013-11-25,3.264559268951416,3.286218647673164,3.2414066189122908,3.2809905954577796,16001000
2013-11-26,3.342233419418335,3.350449082240919,3.252609366593943,3.2705343196125525,18712000
2013-11-27,3.3362574577331543,3.346713558180769,3.2660520083653344,3.3235605608272154,19086000
2013-11-29,3.3407387733459473,3.3676258385408007,3.3355107229987753,3.360157347816649,11401000
2013-12-02,3.3609046936035156,3.451275546871329,3.3564234560055612,3.3975010518301536,24454000
2013-12-03,3.344472646713257,3.3586631685028867,3.3317757515959583,3.355675559024063,16189000
2013-12-04,3.323560953140259,3.3534356311267675,3.317586088769808,3.3220673260812092,26443000
2013-12-05,3.5543432235717773,3.561065257892523,3.365385859446376,3.4004885897700117,45947000
2013-12-06,3.5072906017303467,3.6081175505340077,3.5065437882035417,3.6081175505340077,27552000
2013-12-09,3.537912607192993,3.550609507396285,3.4766696154853944,3.517000400866916,20719000
2013-12-10,3.4804039001464844,3.540900438116014,3.4714414236966045,3.537912827254612,15997000
2013-12-11,3.443807601928711,3.509531836913598,3.4400731773149142,3.492354053505067,13005000
2013-12-12,3.416919469833374,3.4721879455827835,3.415425842748555,3.4692003352788867,13678000
2013-12-13,3.4094510078430176,3.4467941782271576,3.406463397513211,3.437832059506263,15876000
2013-12-16,3.7418081760406494,3.7754169308257843,3.6118529708942617,3.7126803036527183,121534000
2013-12-17,4.000223636627197,4.073416713302654,3.7567449462559646,3.7604790143509144,87230000
2013-12-18,3.9882185459136963,4.0107294565665805,3.902676441384684,4.0107294565665805,42787000
2013-12-19,3.8599045276641846,3.9777127031824357,3.850149706025037,3.9732104502871057,30366000
2013-12-20,3.875662326812744,3.9034261606988365,3.8516504300634464,3.8591543043370353,28889000
2013-12-23,3.9064278602600098,3.922936242383056,3.886918214336016,3.922936242383056,12988000
2013-12-24,3.948448419570923,3.961204505189754,3.9199342691926478,3.9251868381776536,7448000
2013-12-26,3.9559531211853027,3.973211822880361,3.936443471167168,3.9642073139789855,7010000
2013-12-27,3.960454225540161,3.9814648594768327,3.9476981398046274,3.968708415936869,8043000
2013-12-30,3.9544501304626465,3.9657055809741393,3.9161811693583863,3.9612033292086783,10962000
2013-12-31,3.967957019805908,3.9994724254244804,3.942444497475969,3.967206704120371,8655000
2014-01-02,3.9506990909576416,3.9679577862761097,3.893671151993334,3.9657064809802915,14537000
2014-01-03,3.965705633163452,3.973959821142811,3.8989228870714934,3.935690859534925,11661000
2014-01-06,3.9386916160583496,4.006975336316569,3.9341893652212168,3.961953185749492,12634000
2014-01-07,3.9762122631073,3.9814651903813676,3.93869396086788,3.963456176311592,13359000
2014-01-08,4.035491466522217,4.045996963134533,3.966457390523888,3.985216720311262,22968000
2014-01-09,3.9942188262939453,4.064753491779192,3.958951493551322,4.051997412810711,12339000
2014-01-10,3.99947190284729,4.053498560994445,3.967206185759069,4.047495678490158,16691000
2014-01-13,3.94994854927063,4.035490631728029,3.9311892233638686,4.0234848635181555,13944000
2014-01-14,4.147295951843262,4.190067172368797,3.957452459270038,4.000973637785681,34855000
2014-01-15,4.274858474731445,4.2906161781145595,4.166054824671021,4.178060591685486,27187000
2014-01-16,4.1593017578125,4.274108295033647,4.138291128162047,4.259100906885814,24084000
2014-01-17,4.212578773498535,4.233589408238001,4.1442950156552705,4.1465463212151334,31181000
2014-01-21,4.210326671600342,4.263603023056598,4.193067978988671,4.247844961870518,16597000
2014-01-22,4.288365840911865,4.290616788370601,4.190817628278726,4.217080470985957,25526000
2014-01-23,4.2058258056640625,4.288366643948993,4.182564221879194,4.2568508689942925,15551000
2014-01-24,4.088766574859619,4.201322161109287,4.063254051641288,4.179561574253626,17426000
2014-01-27,4.085766315460205,4.145795880788548,4.032489950999749,4.09852240130004,21031000
2014-01-28,4.106025695800781,4.112028579924688,3.973960456052922,4.082013801500772,25223000
2014-01-29,4.057252407073975,4.197571506525076,4.004726355370182,4.04749758423489,23974000
2014-01-30,4.1307878494262695,4.147295869992457,4.05875216751091,4.113529155276019,11989000
2014-01-31,4.1000237464904785,4.148797504196569,4.039243502190306,4.039243502190306,15784000
2014-02-03,3.9964723587036133,4.139793073858411,3.9739610923788944,4.112029238358665,11421000
2014-02-04,4.05274772644043,4.064003174420209,3.9844640074618503,4.01522908943551,13487000
2014-02-05,4.050498008728027,4.106775986279296,3.9912187680354934,4.030988724896668,9017000
2014-02-06,4.142043590545654,4.192318329333824,4.023485101783652,4.051248934394147,18053000
2014-02-07,4.244844913482666,4.265104874741955,4.136791548230159,4.162304078786136,17039000
2014-02-10,4.225334167480469,4.238090250533362,4.169806867463767,4.216329663087629,12347000
2014-02-11,4.357400894165039,4.364154095877783,4.216331111751406,4.217081427741213,17344000
2014-02-12,4.422682285308838,4.4872141009263204,4.367154975648105,4.367154975648105,25864000
2014-02-13,4.433187484741211,4.465453571901603,4.305624483454041,4.3093764206223515,22614000
2014-02-14,4.358150005340576,4.380660910029548,4.310126217224346,4.314628469723017,28180000
2014-02-18,4.379910945892334,4.390416083297853,4.33188715392047,4.390416083297853,15872000
2014-02-19,4.329636096954346,4.383662772105983,4.313878391244368,4.366404076944294,14598000
2014-02-20,4.427183151245117,4.429434098126872,4.329634963616329,4.355147483964403,22282000
2014-02-21,4.393416404724121,4.46470139794593,4.382160954805793,4.459448830797091,17998000
2014-02-24,4.469954490661621,4.50147025506451,4.3904153006520446,4.3904153006520446,20672000
2014-02-25,4.427183151245117,4.502220081034837,4.381410677744034,4.502220081034837,26929000
2014-02-26,4.6447930335998535,4.764101872602666,4.499971659929111,4.502222608074294,49125000
2014-02-27,4.605772495269775,4.668803677804889,4.560750324260239,4.5915154207794275,16460000
2014-02-28,4.629783630371094,4.650043586105033,4.561499890332225,4.588513045376028,15225000
2014-03-03,4.632786750793457,4.687564114175761,4.5660039732278355,4.588514885156103,15340000
2014-03-04,4.753594875335693,4.809872492830103,4.6733053646503295,4.6898133846797005,36761000
2014-03-05,4.733336448669434,4.819628871093517,4.722831309091161,4.7393393344563775,24656000
2014-03-06,4.775355815887451,4.795615773992839,4.731083962818982,4.74909297349239,12162000
2014-03-07,4.708572864532471,4.798617198604694,4.686061602112226,4.798617198604694,15133000
2014-03-10,4.712326526641846,4.758849342272048,4.687564307815148,4.722081350961591,13519000
2014-03-11,4.653797626495361,4.776107731917969,4.638039915778753,4.725832977715428,16191000
2014-03-12,4.740837574005127,4.750592392662857,4.5359867399970994,4.635035557812726,23598000
2014-03-13,4.703319072723389,4.839886169864362,4.655295297256266,4.7573457306728315,35377000
2014-03-14,4.703319072723389,4.746089923488663,4.668051735609943,4.710072270790462,13939000
2014-03-17,4.758098602294922,4.801620149828889,4.709324485041724,4.729584447930825,13968000
2014-03-18,4.809340476989746,4.823658516216673,4.7317217273212515,4.766386359308965,13109000
2014-03-19,4.85380220413208,4.889220364487692,4.807080459677422,4.823659073644986,17558000
2014-03-20,4.921624183654785,4.927652737586752,4.84551247750997,4.8470198854937925,19966000
2014-03-21,4.815369606018066,4.960810588494071,4.795776535190603,4.946492547555966,23267000
2014-03-24,4.759603977203369,4.850033352433071,4.698564202823479,4.825165256278184,24811000
2014-03-25,4.822904586791992,4.8967553495475595,4.768646890876359,4.7995435395595205,16145000
2014-03-26,4.733230113983154,4.88922081051774,4.681232975581964,4.852295598069527,28414000
2014-03-27,4.730968952178955,4.7558370538615184,4.660132628436981,4.7302154277847075,25247000
2014-03-28,4.8311944007873535,4.874148520979724,4.737750917212713,4.74679356837503,14330000
2014-03-31,4.85380220413208,4.923131476119288,4.840991211974558,4.860584282724615,14819000
2014-04-01,4.902029991149902,4.9178550763472675,4.839482815178191,4.864350908869582,21962000
2014-04-02,4.871133327484131,4.921623038838429,4.81084672418438,4.878668928312625,20979000
2014-04-03,4.817629814147949,4.941970299038269,4.782965183228999,4.878669590548359,21592000
2014-04-04,4.6571173667907715,4.8786696704675805,4.524487753624715,4.865105155711594,38830000
2014-04-07,4.548602104187012,4.667667565511762,4.4333046236301845,4.596831251880041,43274000
2014-04-08,4.534283638000488,4.595323406654315,4.525240629458953,4.5681943810297065,22055000
2014-04-09,4.707607746124268,4.714389824268643,4.599845864119863,4.599845864119863,19256000
2014-04-10,4.510923862457275,4.713636650218339,4.49283784028242,4.713636650218339,20396000
2014-04-11,4.410698413848877,4.518459956230556,4.405423383364026,4.466463175832092,21903000
2014-04-14,4.432550430297852,4.489068695948181,4.379046261339376,4.404667879891983,19419000
2014-04-15,4.441593647003174,4.47324381975576,4.315746120866685,4.450636656170881,25014000
2014-04-16,4.46947717666626,4.480780760932,4.3790474245369415,4.480780760932,17916000
2014-04-17,4.588540554046631,4.6465658569304225,4.440085540372449,4.47173570558179,19092000
2014-04-21,4.663899898529053,4.685753539967614,4.583266691954454,4.594570634147825,12560000
2014-04-22,4.780703067779541,4.807078566066722,4.642798102490839,4.642798102490839,22830000
2014-04-23,4.868119716644287,4.86887324092451,4.806326054318499,4.8213976179262295,26984000
2014-04-24,4.92689847946167,4.934434080920683,4.788239963005701,4.9306664598583705,27519000
2014-04-25,4.697811126708984,4.900523536418083,4.686507184226221,4.886959380373854,19266000
2014-04-28,4.580252647399902,4.74151834373094,4.545588014811479,4.740764819442951,30708000
2014-04-29,4.590801239013672,4.638276847329339,4.522225520039623,4.595322742631083,21656000
2014-04-30,4.785226821899414,4.798037815035163,4.549356789860511,4.604368025166752,25375000
2014-05-01,4.784472942352295,4.89072742364582,4.715897194580792,4.741518819616039,18863000
2014-05-02,4.843252658843994,4.897510371350894,4.761112385974347,4.877163774077618,13407000
2014-05-05,4.841744422912598,4.856815986061957,4.749054111910112,4.813108345128492,13529000
2014-05-06,5.0746002197265625,5.130364966485192,4.992459968410071,5.119061384151482,127802000
2014-05-07,5.0346598625183105,5.1703039097317145,4.99999523674145,5.105496162351875,560280000
2014-05-08,5.12056827545166,5.1944190391447185,5.027124444669947,5.034660405550688,53700000
2014-05-09,5.079875946044922,5.1665373547226885,5.02486471597967,5.118308203121704,38700000
2014-05-12,5.2094902992248535,5.213258279446539,5.079874798007591,5.1190609299106296,27394000
2014-05-13,5.181609153747559,5.225316801901932,5.166537588108237,5.220041771894893,23021000
2014-05-14,5.162769317626953,5.244909579326853,5.090425950344946,5.165030249980143,30243000
2014-05-15,5.119061470031738,5.195926334258663,5.057267809613001,5.174826217725908,32093000
2014-05-16,5.1605072021484375,5.194418302634776,5.07309193686518,5.131117605682567,52044000
2014-05-19,5.148448944091797,5.230589168568895,5.134884793457204,5.207228127955985,37789000
2014-05-20,5.088165760040283,5.152973534043481,5.042951059061389,5.151466485144535,29085000
2014-05-21,5.1552324295043945,5.157493001959491,5.076860168377983,5.088163749322181,16896000
2014-05-22,5.175580978393555,5.216274172666451,5.11529471142119,5.156741430131067,15679000
2014-05-23,5.31649923324585,5.3210207384570225,5.179348106288375,5.208737710493784,32017000
2014-05-27,5.3451361656188965,5.37151131744521,5.299167941197468,5.352672128617554,31637000
2014-05-28,5.282587051391602,5.331569352456873,5.2629939872317575,5.3164977922827115,34927000
2014-05-29,5.334585189819336,5.339106694976034,5.260734418039173,5.311224139732133,27566000
2014-05-30,5.3255414962768555,5.425767402500794,5.230590618836578,5.414463820726434,38938000
2014-06-02,5.3986406326293945,5.425769310293641,5.320268338190105,5.3662365649921835,26599000
2014-06-03,5.384321689605713,5.43179731675018,5.3383534704877595,5.375278678784438,22308000
2014-06-04,5.396378040313721,5.415217583657767,5.360959885680801,5.3700028952326955,19379000
2014-06-05,5.415970802307129,5.425767335546521,5.367742019642289,5.388842134516556,27288000
2014-06-06,5.39788818359375,5.452145909066676,5.368498567323641,5.446870877377265,15866000
2014-06-09,5.409943580627441,5.463447764511121,5.385829003693905,5.41672601874484,17420000
2014-06-10,5.415217399597168,5.4446069999746864,5.388088731197977,5.406928273901676,16409000
2014-06-11,5.406929016113281,5.455157806480498,5.376785887383356,5.400900102899746,24943000
2014-06-12,5.407682418823242,5.428782536592801,5.3654818239496915,5.3760318828344715,13604000
2014-06-13,5.382061004638672,5.459679400682431,5.34362838911475,5.43933280642493,13508000
2014-06-16,5.341367244720459,5.421246569918288,5.320267126970338,5.38582841245646,15668000
2014-06-17,5.408711910247803,5.41930567328673,5.34136803585103,5.34136803585103,13817000
2014-06-18,5.389038562774658,5.438979092408745,5.338341052306739,5.416278687661118,13833000
2014-06-19,5.36709451675415,5.396604861084014,5.322450690266204,5.382227998912233,12734000
2014-06-20,5.415523052215576,5.4442767831866234,5.362555672048424,5.384499460762437,21834000
2014-06-23,5.39055061340332,5.445031211965864,5.356500194200404,5.418547352135477,13349000
2014-06-24,5.347419738769531,5.470757788777586,5.344393259512029,5.431410671945309,15304000
2014-06-25,5.420063495635986,5.42536019792504,5.301265463021695,5.340612600489398,12827000
2014-06-26,5.3693647384643555,5.438221847768757,5.325477531955023,5.426871826350875,8126000
2014-06-27,5.3678507804870605,5.385254482259679,5.315640396790508,5.352717299333356,16935000
2014-06-30,5.45335578918457,5.45335578918457,5.366338349634832,5.366338349634832,17773000
2014-07-01,5.601663589477539,5.609230510852322,5.474542413352948,5.484379194653764,21429000
2014-07-02,5.623605728149414,5.644792524505494,5.5676115366218255,5.5676115366218255,16081000
2014-07-03,5.6886796951293945,5.703056552831695,5.630415644569105,5.650089201339563,7994000
2014-07-07,5.639499187469482,5.716679860554741,5.631932263796593,5.707600057282366,19066000
2014-07-08,5.553236961364746,5.637227556099848,5.455625763100819,5.624364294208297,19169000
2014-07-09,5.616796493530273,5.616796493530273,5.530535691434609,5.573666272887758,9798000
2014-07-10,5.535076141357422,5.564586484194893,5.4518418132919395,5.453355053188019,15479000
2014-07-11,5.5388593673706055,5.560046168261197,5.4987556253374255,5.544156067593253,12517000
2014-07-14,5.602420806884766,5.667494822242458,5.5547504960585705,5.642524556339963,12242000
2014-07-15,5.555506229400635,5.62814715534582,5.500269005209144,5.600150052877117,14556000
2014-07-16,5.572910308837891,5.628147901159842,5.504809815101259,5.5320499404337715,15180000
2014-07-17,5.440492630004883,5.5744241233140945,5.422332305213562,5.543400535804515,17816000
2014-07-18,5.675061225891113,5.694734788793115,5.494216059838618,5.504052841289619,33949000
2014-07-21,5.706840991973877,5.712894673025532,5.636470287246877,5.63874050784391,15368000
2014-07-22,5.7045722007751465,5.78402308115182,5.697762259329697,5.718949064547286,23997000
2014-07-23,5.571396827697754,5.72878533421995,5.568370347686593,5.72802871421716,24450000
2014-07-24,5.486648082733154,5.591069197858688,5.468488124109544,5.576692338441701,20676000
2014-07-25,5.2906694412231445,5.47075795158526,5.274779342216594,5.469244711911476,36838000
2014-07-28,5.3353142738342285,5.353474235806034,5.231649759437154,5.298237008288449,31813000
2014-07-29,5.287642478942871,5.3852536518596565,5.284615999665201,5.326989596037352,19111000
2014-07-30,5.3353142738342285,5.375418019303305,5.275536965621026,5.36860771785454,17545000
2014-07-31,5.249809741973877,5.3194238270473795,5.205922538634382,5.297480044972307,18476000
2014-08-01,5.330016136169434,5.350446313386347,5.199111172891015,5.290669021289282,19141000
2014-08-04,5.398118019104004,5.417791581691901,5.29142702563087,5.320937369512716,15452000
2014-08-05,5.30580472946167,5.404172558009277,5.284617923562409,5.358771744209822,15388000
2014-08-06,5.318666934967041,5.370121060103446,5.278563191428602,5.281590032016857,10354000
2014-08-07,5.268725872039795,5.364067191502931,5.2551059928113055,5.364067191502931,11222000
2014-08-08,5.3292622566223145,5.33455895859424,5.245271284426628,5.276294876092299,12822000
2014-08-11,5.358771324157715,5.40644199450507,5.335314659812516,5.335314659812516,14173000
2014-08-12,5.383742332458496,5.401902659061286,5.3315319346916,5.364069126386473,9421000
2014-08-13,5.4457879066467285,5.457894546133365,5.378443687171784,5.420061027129662,10836000
2014-08-14,5.587286949157715,5.616797294230817,5.499512894754453,5.499512894754453,18997000
2014-08-15,5.659169673919678,5.666736232660849,5.5555051852483786,5.640252735850876,21143000
2014-08-18,5.703057765960693,5.705327625696782,5.625876761963432,5.698517685677875,12531000
2014-08-19,5.721973896026611,5.797641654246779,5.707597397207816,5.718947416616596,18734000
2014-08-20,5.779482841491699,5.788563003710538,5.723488988889803,5.725758849039159,11375000
2014-08-21,5.771157264709473,5.799154361545438,5.731810149506745,5.76056386612575,15550000
2014-08-22,5.766618728637695,5.789319132257568,5.71365172154245,5.789319132257568,15837000
2014-08-25,5.7333245277404785,5.842285729114108,5.706840666877451,5.826395268272041,17100000
2014-08-26,5.747701644897461,5.762078144989453,5.695490901534136,5.740134724081066,13544000
2014-08-27,5.762835502624512,5.7893190055926995,5.713651596533113,5.750728500688577,13434000
2014-08-28,5.777969837188721,5.78780661985878,5.671278467979395,5.715922300034993,18587000
2014-08-29,6.211541652679443,6.416600404572153,5.788560891120821,6.191111836359168,62934000
2014-09-02,6.433248519897461,6.442328680266164,6.2349996748197505,6.278130256165777,41604000
2014-09-03,6.461246967315674,6.521781626308928,6.3939030882733014,6.452167526169213,32681000
2014-09-04,6.5142130851745605,6.601987489041191,6.46729904280043,6.471839483866972,28061000
2014-09-05,6.649660110473633,6.663279995182471,6.526322002247234,6.5346451849446865,26594000
2014-09-08,6.6731133460998535,6.785101005654882,6.622415854511929,6.664033187582298,28949000
2014-09-09,6.689759731292725,6.742727443147003,6.655709317108231,6.687490232869246,21896000
2014-09-10,6.734404563903809,6.741971484118243,6.637550727319716,6.679924325926583,18855000
2014-09-11,6.739702224731445,6.7427294262216,6.645117873428091,6.727595583634824,17888000
2014-09-12,6.647387981414795,6.739702110440415,6.613337557793304,6.735162390714166,18244000
2014-09-15,6.561126708984375,6.676898580452089,6.527833266650778,6.669331659405854,15998000
2014-09-16,6.652683734893799,6.679167233580284,6.4824323626430145,6.535399360015985,21146000
2014-09-17,6.66331672668457,6.715718193761403,6.6352177146575375,6.680783640957735,15653000
2014-09-18,6.798497200012207,6.79925694604451,6.685341393673904,6.696732514356514,18165000
2014-09-19,6.766602039337158,6.901782536476153,6.751413634457885,6.844824026470639,41834000
2014-09-22,6.620788097381592,6.771915974088752,6.563070583505125,6.731666098114115,23869000
2014-09-23,6.649647235870361,6.679265743656533,6.560033414977867,6.607878585362077,20829000
2014-09-24,6.76052713394165,6.762804923962356,6.633700220143227,6.659521450610077,14503000
2014-09-25,6.5661091804504395,6.746855589245862,6.513707706786019,6.746855589245862,17940000
2014-09-26,6.645092010498047,6.657242879449041,6.566110275930259,6.572945094449096,9834000
2014-09-29,6.615472793579102,6.630661195423581,6.536491076067099,6.562311576479933,9826000
2014-09-30,6.60711669921875,6.676985067042056,6.546361659742589,6.653442362500033,14885000
2014-10-01,6.49623966217041,6.616230991251722,6.443079175949988,6.616230991251722,22257000
2014-10-02,6.319291114807129,6.485608128366137,6.139303743420032,6.461306396627667,34278000
2014-10-03,6.33903694152832,6.4134616333764045,6.307140645021998,6.350428786390898,20650000
2014-10-06,6.294230937957764,6.418019584429947,6.268409708923804,6.384603791061586,19536000
2014-10-07,6.153732776641846,6.279040158179107,6.149176473793822,6.259294730656347,15266000
2014-10-08,6.326127052307129,6.361061612659605,6.022351368344873,6.151456423317236,27681000
2014-10-09,6.121078014373779,6.326126146176701,6.119558522363386,6.297267386097514,18880000
2014-10-10,5.419355392456055,5.906914890292041,5.221141746992053,5.9046367390240135,105981000
2014-10-13,5.243165969848633,5.477832599388303,5.224939671074889,5.376827304832835,65240000
2014-10-14,5.469479560852051,5.537069437875789,5.244685623175246,5.472517096553191,69034000
2014-10-15,5.509729385375977,5.578078641108046,5.305440277789705,5.335817805254779,31955000
2014-10-16,5.741357803344727,5.778570507802347,5.354044168653211,5.3669544179366815,33985000
2014-10-17,5.859070777893066,6.052727407252477,5.834768685716235,5.8795755889516235,41607000
2014-10-20,5.922863006591797,5.928179417115143,5.7565460145939396,5.822617108715977,14370000
2014-10-21,6.256259441375732,6.262335238278259,5.996531255107314,5.99880976947796,24112000
2014-10-22,6.1408233642578125,6.302583353849899,6.13095028760491,6.263852241748424,17307000
2014-10-23,6.180313587188721,6.295748627676579,6.160568882113054,6.23803110743265,18205000
2014-10-24,6.216006278991699,6.258534662155811,6.133986323130218,6.204614437391081,11269000
2014-10-27,6.194742202758789,6.224360705231868,6.084623949390057,6.190185900055326,14977000
2014-10-28,6.394476890563965,6.397514426604701,6.195503794745298,6.239550964366063,18230000
2014-10-29,6.446117877960205,6.4658633084531365,6.345871957651085,6.422575165727391,14214000
2014-10-30,6.257016658782959,6.42257390956822,6.1651243417198796,6.367134910672347,19976000
2014-10-31,6.550161361694336,6.676987535379274,6.417259392112813,6.4635850725196935,25461000
2014-11-03,6.556994915008545,6.673948712598568,6.5380092334111755,6.564589477350425,15941000
2014-11-04,6.482571125030518,6.573703712915688,6.444599032347339,6.523580753365973,18288000
2014-11-05,6.585093975067139,6.591169769836859,6.4408009107952875,6.515226318630692,14789000
2014-11-06,6.654962062835693,6.674707489646502,6.55699467469093,6.564589236754464,17114000
2014-11-07,6.458269119262695,6.677747381300226,6.435486151760444,6.670912563475299,19751000
2014-11-10,6.524338722229004,6.537249333053764,6.341314554211408,6.449154295037966,14364000
2014-11-11,6.543325424194336,6.5531977760471545,6.484089140305396,6.519022969024406,7927000
2014-11-12,6.610917091369629,6.629143756642913,6.501557823987464,6.524340793450299,10396000
2014-11-13,6.641292572021484,6.711160951128496,6.571424192914472,6.6124338149710535,12281000
2014-11-14,6.76052713394165,6.762804923962356,6.554718484900581,6.649648371575966,12955000
2014-11-17,6.722555637359619,6.762805530511966,6.651927482459294,6.742301072941229,11200000
2014-11-18,6.94202995300293,6.969369941159038,6.7088821184299,6.709641864319215,20025000
2014-11-19,6.777992248535156,6.986837653903697,6.7666004044349695,6.949625310470063,18763000
2014-11-20,6.829633712768555,6.9048181427643,6.684580901637654,6.7468547203270175,15121000
2014-11-21,6.8508992195129395,6.96633427316046,6.793181692689179,6.964055759139134,17461000
2014-11-24,6.9215288162231445,6.937476969212552,6.863811277257121,6.876721893750726,11876000
2014-11-25,6.9222869873046875,7.029367740324064,6.9162119150598524,6.974688468832854,25923000
2014-11-26,7.122016906738281,7.128091976485625,6.9549401763131895,6.9549401763131895,16143000
2014-11-28,7.093160152435303,7.171382129414735,7.037721141946078,7.148599162924526,8700000
2014-12-01,6.907097339630127,7.090122256838292,6.836469205560609,7.066579545481786,17168000
2014-12-02,7.002026081085205,7.0179742266806,6.813685144770688,6.887350802572633,19794000
2014-12-03,7.224544048309326,7.253402816198634,7.065062527222506,7.065062527222506,31727000
2014-12-04,7.827535629272461,7.8814558579899385,7.557175464077048,7.71210061021369,61855000
2014-12-05,7.897404670715332,7.974107866533653,7.725771619343039,7.88601282731622,29596000
2014-12-08,7.648311614990234,7.911077341700734,7.568570129085738,7.898166725741446,34818000
2014-12-09,7.794881343841553,7.824499851121626,7.385544085458709,7.586035922096415,22903000
2014-12-10,7.537431240081787,7.860192917978389,7.531355444962635,7.746276648231566,22194000
2014-12-11,7.6361589431762695,7.807032273919488,7.5829977236997195,7.600465364349512,15685000
2014-12-12,7.533632278442383,7.684001112595311,7.505533271330133,7.516924388784098,13177000
2014-12-15,7.458451271057129,7.658943141584177,7.3847855876805175,7.592112276655979,16749000
2014-12-16,7.391617298126221,7.570085870195122,7.2913714050137575,7.42351358697887,22113000
2014-12-17,7.544816970825195,7.610364035357905,7.278816273231145,7.418294861630816,27875000
2014-12-18,7.747558116912842,7.774234295262671,7.621798471212687,7.690394773753016,33281000
2014-12-19,7.633230209350586,7.800909225542885,7.579877134315556,7.754416361161397,65173000
2014-12-22,7.729262828826904,7.743744281298847,7.621795666927381,7.698013914345086,15924000
2014-12-23,7.681246280670166,7.81234112328223,7.665240578392338,7.800146406337856,13011000
2014-12-24,7.676673412322998,7.715545029664021,7.643137756366103,7.691917354857796,6358000
2014-12-26,7.669053554534912,7.723168397323817,7.637803902811174,7.695729731922826,5761000
2014-12-29,7.720117092132568,7.727739062724496,7.560059344057694,7.669051488283121,13677000
2014-12-30,7.686580181121826,7.7696579024862125,7.667525984631638,7.703348368305474,11730000
2014-12-31,7.6667680740356445,7.85274031196352,7.654573351926793,7.705638977904933,15121000
2015-01-02,7.628657817840576,7.790239861092392,7.555488768996873,7.692681371591232,13500000
2015-01-05,7.506707191467285,7.684294894849774,7.499847708511381,7.627131567722387,15596000
2015-01-06,7.3359785079956055,7.5516753248053385,7.254425024885689,7.541767344910231,22194000
2015-01-07,7.534146308898926,7.575303936011483,7.357320355705488,7.396953733942941,30907000
2015-01-08,7.910662651062012,7.9495342681784855,7.649235434566853,7.662192640272345,33265000
2015-01-09,7.995265960693359,8.063862259277117,7.818440705743034,7.962492060523362,23432000
2015-01-12,7.862644195556641,8.051664833705084,7.8291085455308576,8.008220477409898,18692000
2015-01-13,7.818439960479736,8.184285882225158,7.753654654311747,7.909901440916092,24337000
2015-01-14,7.880173683166504,7.887795652639303,7.622557511450839,7.706396995038579,20984000
2015-01-15,7.722405433654785,8.044045245396049,7.701826254153772,7.8931336852928675,18372000
2015-01-16,7.912949562072754,7.919809045576382,7.645424617332873,7.67438752712259,15375000
2015-01-20,7.992980480194092,8.021180907996174,7.8184412239230605,7.903043234200658,12840000
2015-01-21,8.031847953796387,8.146174592337971,7.935051264148584,7.951818725320445,16451000
2015-01-22,8.018132209777832,8.11645318748323,7.737650007354101,8.077581562346616,20639000
2015-01-23,8.15379810333252,8.19343148120117,7.945723232957696,8.00517329976067,15088000
2015-01-26,8.134744644165039,8.159896569842068,7.973924381296421,8.135506405229384,9611000
2015-01-27,7.986880302429199,8.077579281730774,7.836730533601453,8.008221238735452,15242000
2015-01-28,8.002882957458496,8.257450574320199,7.992212493368286,8.164464893856694,23302000
2015-01-29,8.119500160217285,8.124835394797714,7.7948118849535595,7.974686338660831,15842000
2015-01-30,7.841304302215576,8.134743641226308,7.821487613917154,8.024989731178982,16938000
2015-02-02,7.80624532699585,7.88779883413265,7.557775273054529,7.869506390768199,21581000
2015-02-03,7.865694522857666,7.905327903414514,7.725453441944395,7.812342174750843,15390000
2015-02-04,7.987644195556641,8.024229082916666,7.808532198838437,7.845117086198462,16658000
2015-02-05,8.09434986114502,8.095874110349534,7.907615886472166,7.9830716736306995,16585000
2015-02-06,7.983071804046631,8.163708784852414,7.946486915055244,8.099685229117487,10682000
2015-02-09,7.792525768280029,7.953346033246644,7.760514358250065,7.922858872236499,20346000
2015-02-10,8.15837287902832,8.19038429083086,7.842067566585245,7.853500525173849,20398000
2015-02-11,8.226967811584473,8.254406473945277,8.104257409196302,8.139317316486855,17169000
2015-02-12,8.361114501953125,8.387028196525513,8.266603766683984,8.292518188127836,21072000
2015-02-13,8.39540958404541,8.399220569736759,8.238400317169345,8.383976626971364,14614000
2015-02-17,8.450284957885742,8.486869833739512,8.314617375858349,8.399219356116872,15312000
2015-02-18,8.383978843688965,8.428947469116874,8.329863995557801,8.40836828631671,16681000
2015-02-19,8.45257568359375,8.467818904479566,8.357303190725238,8.383979372428993,13196000
2015-02-20,8.540987968444824,8.548609214807517,8.419038577313868,8.492970118567298,19283000
2015-02-23,8.60119915008545,8.63016206464724,8.533365338017736,8.612632109056047,23854000
2015-02-24,8.626347541809082,8.658358941557568,8.506685673167073,8.650737698906276,23213000
2015-02-25,8.588238716125488,8.681225148376083,8.560038300169307,8.634732295686307,38216000
2015-02-26,9.851174354553223,9.899953962064393,9.378622951666296,9.393104409003538,89263000
2015-02-27,9.726940155029297,9.809255434794046,9.614137707689775,9.809255434794046,33825000
2015-03-02,9.83364486694336,9.974647733817383,9.695689771665238,9.695689771665238,27893000
2015-03-03,9.77266788482666,9.827545207657673,9.723126523569496,9.77419286063131,18682000
2015-03-04,9.862604141235352,9.899189019515232,9.479228314608322,9.732271784387779,36143000
2015-03-05,9.95177936553955,10.025710881311094,9.815349289906981,9.859555411059628,21688000
2015-03-06,9.747515678405762,9.945682571447016,9.71779100788517,9.908335929608407,22329000
2015-03-09,9.688827514648438,9.800868160285313,9.674346060765153,9.739893847157106,17835000
2015-03-10,9.536391258239746,9.674345580326005,9.489898401303714,9.582121627379303,17688000
2015-03-11,9.50133228302002,9.639287355976277,9.490661813239797,9.550111884960142,17742000
2015-03-12,9.61260986328125,9.61946934621767,9.26429321359039,9.365663389472145,22305000
2015-03-13,9.527246475219727,9.660628071247046,9.446455465814651,9.581361310793582,18414000
2015-03-16,9.89842700958252,9.942633130666167,9.656815775189456,9.669772979826927,23077000
2015-03-17,9.839741706848145,9.87785084456613,9.717793047647667,9.81763827613487,19006000
2015-03-18,9.971220970153809,10.03543351540725,9.76100308974609,9.835152865552656,21250000
2015-03-19,10.093530654907227,10.163093458019947,9.939115374926986,9.975808259084076,24461000
2015-03-20,10.189085960388184,10.257120025433313,10.105762948222553,10.199787931765684,55522000
2015-03-23,10.276995658874512,10.417650770724244,10.234951781511848,10.319803546215608,23849000
2015-03-24,10.17608642578125,10.348082637902436,10.157739988190949,10.317505484924215,25819000
2015-03-25,9.511799812316895,10.192142591998804,9.509506324640313,10.137868000761099,48853000
2015-03-26,9.533203125,9.56607377313555,8.940770364797688,9.19303212208537,45058000
2015-03-27,9.800751686096191,9.86114125527664,9.543903009867035,9.554604977291845,24297000
2015-03-30,9.979631423950195,10.00638635071407,9.807634424729457,9.924592092592729,19523000
2015-03-31,9.706730842590332,9.899367066726247,9.687620386682662,9.884842857790238,16402000
2015-04-01,9.603530883789062,9.705200327843466,9.449116328579711,9.682267639123182,21830000
2015-04-02,9.556899070739746,9.7013763691592,9.527086653598015,9.64022205741784,14508000
2015-04-06,9.618820190429688,9.687618988193076,9.364264930311974,9.430770240412034,14227000
2015-04-07,9.605060577392578,9.721254239170937,9.58595012308187,9.670801881612881,16132000
2015-04-08,9.692208290100098,9.744189409748579,9.578308087140341,9.591303549306783,13607000
2015-04-09,9.725074768066406,9.780113362547832,9.605058890697853,9.619583095869627,13961000
2015-04-10,9.694499015808105,9.782408269383142,9.637166925607737,9.751066367091848,11669000
2015-04-13,9.582127571105957,9.744186609504126,9.5630171174241,9.727369643549556,10483000
2015-04-14,9.47740364074707,9.581366612290761,9.336748498967937,9.559961935048449,16047000
2015-04-15,9.624171257019043,9.654748419726117,9.528617532432305,9.537790754146133,16893000
2015-04-16,9.580599784851074,9.64404760555537,9.54008465667246,9.560724590257578,15456000
2015-04-17,9.314576148986816,9.500332588093553,9.245012621035904,9.455231224450214,26817000
2015-04-20,9.404779434204102,9.46516901623239,9.341331625820338,9.364264313892864,13295000
2015-04-21,9.410127639770508,9.559191161741479,9.39789619599518,9.503387842202423,20616000
2015-04-22,9.777056694030762,9.7847011666674,9.383375101448303,9.472049088589019,22580000
2015-04-23,9.48427677154541,9.590532428525057,9.3680838865326,9.57218672069331,28053000
2015-04-24,9.134933471679688,9.458287445464782,8.857445594147284,9.458287445464782,55059000
2015-04-27,9.184624671936035,9.321457535718647,9.075310745482952,9.173157962037333,27320000
2015-04-28,8.978225708007812,9.249598599433664,8.757305888340905,9.20220375351934,31023000
2015-04-29,8.946122169494629,8.98357906709656,8.771832410946912,8.868914886555157,20903000
2015-04-30,8.934657096862793,9.092129918247458,8.88726295875135,8.920132886904566,21339000
2015-05-01,9.387197494506836,9.435357089708162,9.01109832851224,9.014155826011132,25334000
2015-05-04,9.26183032989502,9.46746195892221,9.238897643142199,9.389489949142254,14207000
2015-05-05,8.927775382995605,9.224374512825637,8.915544663903564,9.180801892606757,22090000
2015-05-06,8.927011489868164,9.048555401523961,8.820755066006026,9.00804100731105,14475000
2015-05-07,9.362738609313965,9.451412622113033,9.173159861368397,9.173159861368397,23542000
2015-05-08,9.427712440490723,9.55002108636183,9.38184633378054,9.417774480279752,14846000
2015-05-11,9.387961387634277,9.46822615737707,9.371908433685718,9.446058208981622,12418000
2015-05-12,9.398662567138672,9.446821424937431,9.272531704558409,9.327570295040287,10264000
2015-05-13,9.412424087524414,9.543141953111071,9.3497410119237,9.450645724018488,11857000
2015-05-14,9.703672409057617,9.836683035635106,9.451410624508206,9.48963153263859,23279000
2015-05-15,9.774763107299805,9.899365239748551,9.675387151082491,9.76864811246614,22627000
2015-05-18,9.951349258422852,9.968166957180038,9.729664592335165,9.780881698676412,17984000
2015-05-19,9.89707088470459,10.079005816383118,9.880253921368984,10.003327294322002,16053000
2015-05-20,9.869553565979004,10.01938188602338,9.793110292623904,9.933001380801343,18721000
2015-05-21,9.906246185302734,9.939881577070704,9.77247154423848,9.900131189721007,21309000
2015-05-22,10.139395713806152,10.230363182508642,9.923826848671329,9.923826848671329,22856000
2015-05-26,10.036961555480957,10.283872301460242,9.986509209423375,10.27087684556303,26781000
2015-05-27,10.81591796875,11.070473246248142,10.061425358518152,10.097353508622803,114248000
2015-05-28,10.883951187133789,11.120160001765317,10.39624534129829,11.084996593336758,249123000
2015-05-29,11.318910598754883,11.408348587156281,11.016196509990806,11.016960519770846,118244000
2015-06-01,11.208065032958984,11.504664050400537,11.095694387045913,11.331903112764703,83579000
2015-06-02,11.02001953125,11.211890978156271,10.942047516128492,11.192015787204397,41264000
2015-06-03,10.935932159423828,11.160674991198736,10.916821706682029,11.160674991198736,30450000
2015-06-04,10.793747901916504,10.964980147141432,10.738709304423532,10.892359117308958,28017000
2015-06-05,10.993264198303223,11.010846631247414,10.64927094734488,10.77616656920398,38593000
2015-06-08,10.5972900390625,10.990206901664084,10.513203025208144,10.974918685061953,54422000
2015-06-09,10.718072891235352,10.757823285973098,10.43523388053243,10.621755131767372,44071000
2015-06-10,10.920644760131836,11.006260527962803,10.689786916134624,10.696666650475741,42617000
2015-06-11,10.854137420654297,10.951219880279037,10.779987647558821,10.86866162556012,31517000
2015-06-12,10.737944602966309,10.815151879101615,10.69284323623178,10.800627673084545,19145000
2015-06-15,10.940518379211426,11.009317170758624,10.626337571353819,10.637804279617349,34565000
2015-06-16,10.854137420654297,10.968801582317573,10.807506579787152,10.908412004353222,20998000
2015-06-17,10.785147666931152,10.923900176757488,10.69085704901864,10.847240935717982,25429000
2015-06-18,10.962227821350098,11.019721876228148,10.788211858067193,10.788211858067193,25298000
2015-06-19,10.953792572021484,11.031984850532341,10.854902788981427,10.962991706615492,26881000
2015-06-22,10.983692169189453,11.126277687691479,10.885568534342863,11.051152259531056,22846000
2015-06-23,10.8579683303833,11.035817281384096,10.79817505540302,11.035817281384096,21497000
2015-06-24,10.729950904846191,10.90243380057269,10.71921870076335,10.890168528917522,22402000
2015-06-25,10.673223495483398,10.812742145242664,10.64255995153636,10.74221592105682,17538000
2015-06-26,10.360455513000488,10.658658728673831,10.329791967697306,10.644093489824074,71798000
2015-06-29,10.119747161865234,10.365055543888687,10.04538789407213,10.184140392823396,40473000
2015-06-30,10.19027042388916,10.30142547793317,10.128176447085044,10.256963602530853,28695000
2015-07-01,10.387286186218262,10.555936053561824,10.296828616497587,10.303727786360305,43059000
2015-07-02,10.551336288452148,10.559768526077455,10.375787248436609,10.394952421780411,32797000
2015-07-06,10.287630081176758,10.549036769428719,10.262332636149901,10.437881683620603,30188000
2015-07-07,10.183372497558594,10.30679283596492,9.671290678956687,10.268463956081217,59268000
2015-07-08,9.816176414489746,10.068383930712791,9.724951952615532,9.973327165610165,51371000
2015-07-09,9.557836532592773,10.06991766769323,9.48424343876746,9.979460099096775,73469000
2015-07-10,9.95339584350586,10.028521269001756,9.697354561447662,9.70578752936412,50948000
2015-07-13,9.902800559997559,10.071449676437558,9.847605745431494,10.071449676437558,25304000
2015-07-14,10.141979217529297,10.155778291227554,9.85144200542734,9.91583597684012,26289000
2015-07-15,10.097515106201172,10.233201459476453,10.02852194608471,10.093682071630637,23100000
2015-07-16,10.325960159301758,10.331326262090096,10.03388917936125,10.2439348186143,33977000
2015-07-17,10.246232032775879,10.348954857584946,10.11591180200906,10.345888722837355,29000000
2015-07-20,10.321358680725098,10.396484839599138,10.253132422469513,10.314459511183205,23563000
2015-07-21,10.311393737792969,10.454745428874789,10.28302942823736,10.35662252213668,31532000
2015-07-22,9.934231758117676,9.965662204264548,9.611497983193575,9.738752104381453,61346000
2015-07-23,10.116680145263672,10.348957082630893,10.003991992758523,10.056119950057568,30608000
2015-07-24,9.849138259887695,10.260797186081192,9.838406057281839,10.234732847708989,36311000
2015-07-27,9.555535316467285,9.774013140277724,9.513372672898079,9.762514038101624,34893000
2015-07-28,9.844539642333984,9.931164167543159,9.468911066672755,9.62682798041439,27869000
2015-07-29,9.856806755065918,9.898202508321939,9.616864473631887,9.840708447192835,33407000
2015-07-30,9.785515785217285,9.872906507734639,9.58773539642731,9.639097194117204,39169000
2015-07-31,9.593097686767578,9.838406009218991,9.57929934950645,9.838406009218991,30593000
2015-08-03,9.643695831298828,9.77324920503687,9.524107764274461,9.691224590749293,27273000
2015-08-04,9.465078353881836,9.62452907156636,9.104015003373291,9.62452907156636,47467000
2015-08-05,9.563201904296875,9.63526119393291,9.275730913960214,9.429048629257792,34158000
2015-08-06,9.449748039245605,9.613031822721794,9.245069231936597,9.585434409089899,46052000
2015-08-07,9.394554138183594,9.50417616447295,9.26193390118498,9.27726604165782,30527000
2015-08-10,9.757146835327148,9.766345969814406,9.42904705256181,9.466609758590204,28907000
2015-08-11,9.521805763244629,9.676657282584321,9.422915961320278,9.631428500141933,26744000
2015-08-12,9.638327598571777,9.71115378952932,9.246600697088548,9.320959955580475,27205000
2015-08-13,9.520273208618164,9.721886588808161,9.506474868886984,9.629895951421561,14571000
2015-08-14,9.349323272705078,9.544036734612861,9.288762354783051,9.505707123012701,26496000
2015-08-17,9.622228622436523,9.622228622436523,9.260398390775018,9.300261068197946,21293000
2015-08-18,9.370786666870117,9.641392423444746,9.335523925141505,9.641392423444746,19502000
2015-08-19,9.310226440429688,9.412182362333331,9.14540964093417,9.320191743537881,30891000
2015-08-20,8.818077087402344,9.248133593598492,8.818077087402344,9.205204779123315,41756000
2015-08-21,8.543639183044434,8.853340784847388,8.534440045942933,8.643295161336901,56472000
2015-08-24,8.42788314819336,8.81654390223342,7.665893046045536,7.749451438159962,69040000
2015-08-25,8.318262100219727,8.815778788335274,8.294497721689172,8.749085587208455,43921000
2015-08-26,8.907770156860352,8.94916591501149,8.522942327985396,8.631798192160522,59354000
2015-08-27,9.67895793914795,9.73568509776358,9.228203150149717,9.237402287155934,91882000
2015-08-28,9.78321361541748,9.790879684584594,9.558602760141886,9.62299671763841,36322000
2015-08-31,9.656723976135254,9.815407766491344,9.582364732235327,9.7080850183028,30087000
2015-09-01,9.150777816772461,9.583900503184168,9.053421074751242,9.315594653635632,49749000
2015-09-02,9.508776664733887,9.51107590108024,9.211339555340844,9.363891145383608,36700000
2015-09-03,9.488078117370605,9.728020419991612,9.44514929258509,9.613032287579918,29954000
2015-09-04,9.28722858428955,9.491141166789161,9.248898975590771,9.294127753018506,24923000
2015-09-08,9.901267051696777,9.914298489957847,9.568567304895952,9.613029183197414,35477000
2015-09-09,9.74871826171875,10.102882513738608,9.68202505994276,9.97946141649633,31502000
2015-09-10,9.867539405822754,9.901269821907329,9.567036183137855,9.853741064473317,36224000
2015-09-11,10.048453330993652,10.059185535407284,9.73108567036685,9.824609374850379,39606000
2015-09-14,10.056885719299316,10.251599186207148,10.011656937286537,10.15730858781549,34643000
2015-09-15,10.301427841186523,10.345123558511707,10.04232113465041,10.128945669947031,30804000
2015-09-16,10.111486434936523,10.296044530538602,10.01690020926407,10.296044530538602,27317000
2015-09-17,10.043815612792969,10.232218774889795,10.01228735738834,10.113025087311954,19918000
2015-09-18,9.811579704284668,9.957688757455106,9.73544942922283,9.884634230869887,44021000
2015-09-21,9.786206245422363,9.949232703548514,9.706230891116103,9.871564528061969,16515000
2015-09-22,9.589339256286621,9.677003937878997,9.51243969228206,9.611639528485698,22483000
2015-09-23,9.653936386108398,9.827728645158615,9.520900361832958,9.598569245776748,21879000
2015-09-24,9.54319953918457,9.639323629197902,9.185617806996,9.54319953918457,44995000
2015-09-25,9.746214866638184,9.914624189135496,9.627790488282397,9.686233373689575,35087000
2015-09-28,9.293278694152832,9.856181734628045,9.290202945672908,9.686233797159392,39887000
2015-09-29,9.202537536621094,9.418624635302312,9.078729492886284,9.374791919194802,47991000
2015-09-30,9.613179206848145,9.630096555453864,9.304813079555604,9.365563140525433,43955000
2015-10-01,9.39247989654541,9.604721972839789,9.189465800382862,9.467072308145868,45674000
2015-10-02,9.483987808227539,9.486294985973677,9.090263452300567,9.227143775760664,35207000
2015-10-05,9.321732521057129,9.602415510606418,9.301738686368843,9.532436722513,39085000
2015-10-06,9.005674362182617,9.305581062883977,8.576575977023355,9.286356537638014,115846000
2015-10-07,9.123332023620605,9.192541502047673,8.906475608991206,9.124100594101167,37284000
2015-10-08,8.97337818145752,9.07104017137243,8.75037026274329,9.037204734981795,41409000
2015-10-09,8.99029541015625,9.080267286251205,8.884943325022851,8.963380777707705,34479000
2015-10-12,9.049506187438965,9.072576497391593,8.90186001725896,9.042585387800623,24184000
2015-10-13,8.721915245056152,8.971837726907957,8.705766468693271,8.946460973570776,32475000
2015-10-14,9.032586097717285,9.055655667296934,8.641937621544143,8.689615367594692,33530000
2015-10-15,9.371712684631348,9.380940660030253,9.050273619446779,9.074112494779914,49316000
2015-10-16,9.310195922851562,9.380173961242605,9.220223321070316,9.374021731478798,19866000
2015-10-19,9.147939682006836,9.324808434496333,9.025670236333786,9.30481460102774,18593000
2015-10-20,9.21945571899414,9.233297320705608,9.043356282236472,9.110258579456472,21920000
2015-10-21,9.266365051269531,9.434005095230724,9.236373933596358,9.363257739054825,28197000
2015-10-22,9.638557434082031,9.660089141679792,9.320963280277482,9.352491537816151,34344000
2015-10-23,9.964611053466797,9.984604888302496,9.54012689850986,9.802353196393156,35498000
2015-10-26,9.505521774291992,9.84772339777056,9.438619470677338,9.84772339777056,58129000
2015-10-27,9.34249210357666,9.623943556540048,9.300197271927965,9.465530813788979,32280000
2015-10-28,9.773125648498535,9.831569244253783,9.512437378002991,9.596257721034238,30966000
2015-10-29,9.234833717346191,9.547814180354765,9.12948164700051,9.304812485258587,61582000
2015-10-30,9.468608856201172,9.53704976037213,9.240987333819218,9.29327872499514,25516000
2015-11-02,9.520133972167969,9.628561832957947,9.41708903921787,9.509368116488208,26068000
2015-11-03,9.39247989654541,9.608567025675454,9.341726372504773,9.341726372504773,26222000
2015-11-04,9.54396915435791,9.601643463574616,9.232526564524168,9.420161128770467,43098000
2015-11-05,9.309426307678223,9.612409496062766,9.274053004483559,9.60548869616543,28308000
2015-11-06,9.971527099609375,9.98075507539165,9.476295821680237,9.477833695415868,45287000
2015-11-09,9.727757453918457,9.91539200891421,9.667007399660022,9.871559301392542,28250000
2015-11-10,9.217146873474121,9.541661751490809,9.210226073870409,9.467069363094827,44759000
2015-11-11,9.224069595336914,9.435543079369747,9.21407304568578,9.24406342800795,25953000
2015-11-12,9.216377258300781,9.336340225272641,9.144861353654711,9.244061189148578,26588000
2015-11-13,9.038741111755371,9.219454888381563,8.859565942619607,9.151013989698592,39824000
2015-11-16,9.340953826904297,9.364023400732162,9.003365958629766,9.033356331269138,27796000
2015-11-17,9.38632583618164,9.510902433897927,9.3048126450781,9.340185948118956,19868000
2015-11-18,9.683156967163086,9.696998567145503,9.350951967267196,9.375560152464292,20270000
2015-11-19,9.628558158874512,9.699305497789426,9.459379548416596,9.696998320061592,32780000
2015-11-20,9.720067024230957,9.740829420244282,9.514745841233163,9.705456123317054,28057000
2015-11-23,9.567039489746094,9.746983964795987,9.551659281605852,9.746983964795987,16003000
2015-11-24,9.869254112243652,9.888479373820642,9.490140607696562,9.490140607696562,35659000
2015-11-25,9.873099327087402,9.933080824131276,9.816962882422224,9.920007792717467,21396000
2015-11-27,9.999981880187988,10.031510865756369,9.832341870835299,9.891554056702232,13262000
2015-11-30,10.031509399414062,10.050733922741122,9.775434700503203,9.953071965506775,32615000
2015-12-01,10.219145774841309,10.28681737532298,10.0668852237841,10.08687905574218,43255000
2015-12-02,10.166852951049805,10.38140214580693,10.115330870850773,10.232986667965399,54364000
2015-12-03,11.133476257324219,11.293426882421414,10.987367964548802,11.139628486508188,120661000
2015-12-04,11.347257614135742,11.372634371097623,11.015053329084726,11.135015580148318,60329000
2015-12-07,11.444921493530273,11.513361667275513,11.192691772274836,11.280356474963183,44769000
2015-12-08,11.364174842834473,11.426463508286458,11.2096071347598,11.291889629448466,34560000
2015-12-09,11.200380325317383,11.381094110998793,11.105794828456487,11.314960386868954,30803000
2015-12-10,11.329571723937988,11.49182955868501,11.165007444489138,11.235754793913818,33078000
2015-12-11,11.105794906616211,11.359562485423696,11.096566927989691,11.121174382081263,27777000
2015-12-14,10.958916664123535,11.178079493992106,10.861253956980017,11.084261838838927,36993000
2015-12-15,11.017358779907227,11.091182599587665,10.866636125884508,10.971988196298888,35398000
2015-12-16,11.098349571228027,11.129204739288314,10.829916082627253,11.043583560553028,29644000
2015-12-17,10.836089134216309,11.223312585569175,10.830689625999073,11.179344846245467,24378000
2015-12-18,10.81449031829834,10.946392791090924,10.687214944174318,10.816803867632622,51964000
2015-12-21,11.246456146240234,11.261883736934397,10.942539524468545,11.038188821265125,26627000
2015-12-22,11.192461013793945,11.35676058751184,11.011962175648474,11.35676058751184,21684000
2015-12-23,11.30122184753418,11.312792539460656,11.137693226905306,11.263425283786816,16170000
2015-12-24,11.286567687988281,11.36138988903893,11.240285648709714,11.29350980997305,7436000
2015-12-28,11.288877487182617,11.29273438355861,11.10220752784899,11.254166155426455,13873000
2015-12-29,11.411526679992676,11.476321526973226,11.18551822836828,11.339018773775843,22533000
2015-12-30,11.367558479309082,11.484805059351535,11.348273994164412,11.378357496738941,17396000
2015-12-31,11.196316719055176,11.377586476050949,11.194002433579419,11.306621185027167,19673000
2016-01-04,10.974933624267578,10.980333132429687,10.789806999600033,10.958735099781254,30970000
2016-01-05,10.607769012451172,11.053616255194324,10.583856686999772,11.041274623369485,38173000
2016-01-06,10.281482696533203,10.495149527758938,10.203574541760092,10.380216480033658,50824000
2016-01-07,9.954422950744629,10.318505782601397,9.888086236054113,10.128750572798246,50056000
2016-01-08,9.8888578414917,10.294594157777466,9.87805882358932,10.030017483541258,64641000
2016-01-11,9.876517295837402,10.02539001299402,9.674420421390032,9.989136058110118,38941000
2016-01-12,10.021531105041504,10.156519552186035,9.785494608757652,10.016903270201441,41112000
2016-01-13,9.511662483215332,10.0261606557787,9.493920608857477,9.854146570584234,48470000
2016-01-14,9.6566801071167,9.771613164921956,9.278712935452598,9.579543619352242,63942000
2016-01-15,9.254026412963867,9.548686568317406,9.20234561289045,9.272539223830831,75916000
2016-01-19,9.26174259185791,9.626596452109421,9.179978269162667,9.469238990473091,54773000
2016-01-20,9.55177116394043,9.68675885802124,9.03804404602914,9.088953900833264,103988000
2016-01-21,9.605767250061035,9.719157660621285,9.514746546423192,9.626593609779547,48475000
2016-01-22,9.604225158691406,9.756183073767268,9.582627124201105,9.756183073767268,58428000
2016-01-25,9.602683067321777,9.64047962972769,9.564885769287947,9.598054496464284,61359000
2016-01-26,9.594965934753418,9.758494492684537,9.564882441529939,9.642018886876011,119134000
2016-01-27,9.437610626220703,9.673647866021536,9.263283002411557,9.537887740718858,58156000
2016-01-28,9.747700691223145,9.761584935133907,9.410615318819794,9.48312323369254,49969000
2016-01-29,10.313876152038574,10.362471720859086,9.881913333417462,9.984504714332953,259449000
2016-02-01,10.620109558105469,10.69801771021807,10.256026674926973,10.28533850728063,45619000
2016-02-02,10.277626037597656,10.613168045792742,10.15883608950095,10.414157126622696,59005000
2016-02-03,10.132609367370605,10.614710540413276,10.050074111462603,10.586942054268233,56234000
2016-02-04,10.499777793884277,10.588484229514965,10.06627222510213,10.135694908857618,60833000
2016-02-05,9.901198387145996,10.567654357989856,9.794750103810706,10.567654357989856,70953000
2016-02-08,9.399816513061523,9.795525565439503,9.196177007715967,9.795525565439503,91242000
2016-02-09,9.233968734741211,9.697556888659319,9.161460856248093,9.243225137913491,63400000
2016-02-10,9.194633483886719,9.53943189010917,9.152208345937353,9.44841116655613,45473000
2016-02-11,8.971709251403809,9.074300664785113,8.81280919447863,8.986365167601138,66673000
2016-02-12,9.384387016296387,9.436067816310661,8.926969196191122,9.083555679122176,39965000
2016-02-16,9.737672805786133,9.780097947831054,9.483895098618028,9.508578362874085,38521000
2016-02-17,10.080156326293945,10.090955344893148,9.775468784294748,9.796295147752653,32742000
2016-02-18,9.8016939163208,10.181204357349579,9.7253291181569,10.163462483310555,39202000
2016-02-19,9.925113677978516,9.934370085885941,9.642024137662933,9.80015327467036,31118000
2016-02-22,10.077068328857422,10.215141982676489,9.988361918886854,10.027701085008925,24204000
2016-02-23,9.885771751403809,10.066270552042768,9.878057957684604,10.040043947648615,22352000
2016-02-24,10.053932189941406,10.124125822959302,9.673650716441768,9.758500268036647,25680000
2016-02-25,10.218228340148926,10.219770951748641,9.92665415022283,10.087868464624812,25652000
2016-02-26,10.267594337463379,10.411067497531942,10.2012576329975,10.351672912232198,27142000
2016-02-29,10.33393383026123,10.638621345595826,10.251397850509305,10.285337515189733,35911000
2016-03-01,10.677959442138672,10.694157965870156,10.384070258718237,10.44192223427751,44906000
2016-03-02,10.565340995788574,10.663304556781515,10.417239982944354,10.633221055791756,43834000
2016-03-03,10.593111038208008,10.710358356851465,10.35938881022551,10.625508091319096,59437000
2016-03-04,11.266508102416992,11.405353433384787,10.931737138002303,11.261880268011033,72399000
2016-03-07,11.06981372833252,11.279624391841509,10.843033598544556,11.166233959133535,41363000
2016-03-08,10.770525932312012,11.016589819524008,10.753555730024702,10.97570802915967,33216000
2016-03-09,10.950252532958984,10.994220280524326,10.835319491681503,10.856917528598942,31152000
2016-03-10,11.140008926391602,11.246456510240131,10.953338898216183,11.065957665667716,54546000
2016-03-11,11.479406356811523,11.571969685122799,11.24259815912524,11.261110971913084,55822000
2016-03-14,11.426953315734863,11.507945948163872,11.339017827130878,11.347503295024326,28444000
2016-03-15,11.452408790588379,11.568884440570562,11.268053072383088,11.454723076089651,30891000
2016-03-16,11.502713203430176,11.552243926775049,11.364956547997563,11.412165322637449,34906000
2016-03-17,11.7286958694458,11.741852593949124,11.405199573209725,11.405199573209725,44708000
2016-03-18,11.801444053649902,11.840914227802324,11.67606989954732,11.758879178120818,70568000
2016-03-21,11.832399368286133,11.840912932911943,11.672973183581949,11.80918209889436,28207000
2016-03-22,11.977124214172363,12.042907105496809,11.72869709460893,11.794479985933377,33945000
2016-03-23,11.840140342712402,12.020462611469336,11.789836129057795,11.98176740314908,27577000
2016-03-24,11.840913772583008,11.863357552822695,11.695417791583639,11.74494777298141,25651000
2016-03-28,11.848653793334961,11.879610402528508,11.768939952662144,11.862584009149733,17224000
2016-03-29,11.928365707397461,11.990278919615502,11.777452344873948,11.861808598328027,26765000
2016-03-30,12.145061492919922,12.172148429987574,11.96009609205923,11.995695855615665,26794000
2016-03-31,11.957002639770508,12.179117050469698,11.953132971012753,12.152029369165422,24968000
2016-04-01,12.212392807006836,12.221679862841361,11.698512987169714,11.921400851070837,25671000
2016-04-04,12.073861122131348,12.253409872071648,12.046774185300627,12.227870654765017,17760000
2016-04-05,11.998019218444824,12.15434998113065,11.953131656243313,11.953131656243313,56915000
2016-04-06,12.19227123260498,12.210071853866722,11.895861882692031,11.972479541393422,28149000
2016-04-07,11.99337100982666,12.223998140680882,11.971701465407632,12.187624157111301,22975000
2016-04-08,12.084696769714355,12.142740315410206,11.967835449472853,12.09475805444314,18526000
2016-04-11,12.042905807495117,12.212393291588842,12.042132316682054,12.18375863216669,18568000
2016-04-12,12.028977394104004,12.101725396871903,11.840915769433513,12.073864224089347,16537000
2016-04-13,12.342412948608398,12.355569674782352,12.042907376709838,12.109464498493452,21730000
2016-04-14,12.291333198547363,12.313776979754625,12.07308921763958,12.17292415166508,27549000
2016-04-15,12.03361988067627,12.254185825555428,11.958549933193474,12.23793366019076,27685000
2016-04-18,12.065348625183105,12.104044566596656,11.90359975244848,12.022783015821831,15297000
2016-04-19,11.691548347473145,12.132680195971597,11.669878795680377,12.10791520479808,24560000
2016-04-20,11.858711242675781,11.926041831630158,11.639693086881985,11.721728116716575,19435000
2016-04-21,11.713217735290527,11.862583385245205,11.643565183752429,11.833174497348507,16117000
2016-04-22,11.63427734375,11.836269139149133,11.510450921831895,11.639694731257325,25699000
2016-04-25,11.539087295532227,11.675296970356175,11.513548073760711,11.628087457267911,10870000
2016-04-26,11.66755485534668,11.92681667985177,11.611832527622987,11.724050673751643,26309000
2016-04-27,11.727148056030273,11.868775108917417,11.337868140388613,11.392816248473427,38930000
2016-04-28,11.453181266784668,11.919853051604822,11.402102829068765,11.638920906103637,25520000
2016-04-29,11.279823303222656,11.437702501821645,11.08634434180181,11.323162401636628,35067000
2016-05-02,11.305362701416016,11.363406243159796,11.183084001742797,11.311554317601672,19525000
2016-05-03,11.082477569580078,11.298400365407817,11.015146956076947,11.229522031994616,23986000
2016-05-04,10.995023727416992,11.17689444797814,10.933110510478999,11.029076513377523,20888000
2016-05-05,11.03449535369873,11.214043411224388,10.99657289443049,11.130460631163835,16841000
2016-05-06,10.98109245300293,11.028301221010945,10.771361321689048,10.971031168737257,30027000
2016-05-09,11.020562171936035,11.13819771867417,10.932336249946145,10.989605565646585,17300000
2016-05-10,11.191597938537598,11.232615090682991,10.950909460979206,11.028301344587758,18461000
2016-05-11,11.132782936096191,11.316200668313407,11.10646948246414,11.151357051828946,16716000
2016-05-12,10.915312767028809,11.200887406991729,10.79767718894151,11.149808956098857,26452000
2016-05-13,10.838692665100098,11.077058469901687,10.805414108950288,10.90757098787436,21716000
2016-05-16,11.03991413116455,11.114984092089577,10.888226489202221,10.902156708276657,20373000
2016-05-17,10.925369262695312,11.066222064912498,10.825534347007856,11.029074584086088,21248000
2016-05-18,11.135102272033691,11.225650886467898,10.860362465445656,10.875841138637874,22620000
2016-05-19,11.04687786102295,11.195469306138726,10.921503690819538,11.069321645007758,17478000
2016-05-20,11.355670928955078,11.428418934368878,11.121948236805782,11.154452570535705,25889000
2016-05-23,11.461695671081543,11.635052828086359,11.444669277908217,11.468660778904885,17609000
2016-05-24,11.718634605407715,11.738756436339388,11.481042302260299,11.500389904359954,19907000
2016-05-25,11.885027885437012,11.918305705489136,11.646661328488957,11.751140162124036,21737000
2016-05-26,11.842462539672852,11.93765431883164,11.749592709242371,11.900506091433925,18431000
2016-05-27,11.864130973815918,11.912887464128334,11.79912232006603,11.840913702914348,18693000
2016-05-31,11.9461669921875,11.991828046913163,11.864131939465445,11.918305821999692,32058000
2016-06-01,11.977895736694336,12.020460606359212,11.867225304212862,11.872642691519138,30777000
2016-06-02,11.988730430603027,12.035939196534727,11.871094892100174,12.01194769917882,46746000
2016-06-03,12.580779075622559,12.847006077110551,12.475526746121862,12.829205453834549,82985000
2016-06-06,12.602447509765625,12.687577259640554,12.461593946227358,12.645786613584319,34010000
2016-06-07,12.757229804992676,12.843134521761845,12.600125553742714,12.641142708957245,32340000
2016-06-08,12.669004440307617,12.7402039738023,12.64114253387829,12.699186819155852,25620000
2016-06-09,12.703055381774902,12.773481422425633,12.546724628030274,12.548273085725572,29143000
2016-06-10,12.44611644744873,12.613281979875289,12.382654774894444,12.55059379811972,26657000
2016-06-13,12.383427619934082,12.556785498092713,12.354792962536237,12.393488904302652,21568000
2016-06-14,12.304488182067871,12.423670702915983,12.237931076760459,12.326157731312982,25669000
2016-06-15,12.297500610351562,12.431033281588443,12.280420505708674,12.330107477076295,30884000
2016-06-16,12.31535816192627,12.331661597295618,12.080122245546676,12.192693690772009,22804000
2016-06-17,12.111176490783691,12.40231053392376,12.028105971343411,12.34175459964239,43333000
2016-06-20,12.18337631225586,12.390663887947554,12.164743604716275,12.297501090641735,20265000
2016-06-21,12.096426010131836,12.297502458885115,12.080898505323864,12.236169851442678,16126000
2016-06-22,12.044408798217773,12.202009405584109,12.018012338303443,12.090213897204087,16039000
2016-06-23,12.314580917358398,12.315356848259604,12.108845948550671,12.215982903891364,24435000
2016-06-24,11.545989990234375,12.023450475461233,11.521146866960404,11.800635335557933,64177000
2016-06-27,11.150821685791016,11.431863436355481,11.045237324235643,11.373636036876071,37864000
2016-06-28,11.6275053024292,11.639926861266666,11.379847095068087,11.389163449294221,37233000
2016-06-29,12.033543586730957,12.084006508257517,11.705920711419822,11.80141281500255,47860000
2016-06-30,12.064595222473145,12.207445010792028,11.969103139791516,12.033540952855656,42626000
2016-07-01,11.972983360290527,12.101082297296799,11.926402332502112,11.992391998470351,19779000
2016-07-05,11.704363822937012,11.778117239670545,11.608871754320075,11.768024955217609,26321000
2016-07-06,11.694273948669434,11.743960934203901,11.424877775151288,11.595676649102467,20603000
2016-07-07,11.722220420837402,11.878268424830807,11.656230011906427,11.656230011906427,19248000
2016-07-08,12.044408798217773,12.052948480946707,11.795974664214226,11.851096117264884,26741000
2016-07-11,12.21676254272461,12.302938278784262,12.132916080718532,12.196577228508906,25201000
2016-07-12,12.31225299835205,12.492367459392938,12.285856536965563,12.311476326973322,20306000
2016-07-13,12.22064208984375,12.451220186603662,12.21520761168284,12.337095404832429,15734000
2016-07-14,12.483052253723145,12.504014237321027,12.333214644490134,12.386783500002778,23550000
2016-07-15,12.511775016784668,12.543605953891134,12.395321705151629,12.507893881403385,19259000
2016-07-18,12.602612495422363,12.708974289878869,12.573110824333694,12.609600317832014,14626000
2016-07-19,12.46286678314209,12.576992320957693,12.405416789102414,12.53584428285231,14797000
2016-07-20,12.629006385803223,12.714406176399638,12.493142947964904,12.545935868868346,18064000
2016-07-21,12.4535493850708,12.691890491770963,12.407744286450331,12.655402487532545,19530000
2016-07-22,12.396101951599121,12.445013008136389,12.164747123447274,12.389890800491944,19664000
2016-07-25,12.40463924407959,12.476064136271182,12.365045292035617,12.393770287032531,9627000
2016-07-26,12.688785552978516,12.693444100267104,12.450444441286797,12.531185683962452,28631000
2016-07-27,12.861135482788086,13.01174899394858,12.632110011814774,12.88287339320019,30493000
2016-07-28,12.750118255615234,12.962840320444695,12.726051068815798,12.809897516741998,19512000
2016-07-29,12.575439453125,12.782727071225443,12.507120498692025,12.726828937170554,26030000
2016-08-01,12.694221496582031,12.722947233798614,12.569228482588958,12.637547433976216,17876000
2016-08-02,12.646088600158691,12.731488409991538,12.597954215735983,12.66239203867755,22689000
2016-08-03,12.740802764892578,12.743909450689769,12.52109433220122,12.567675368961089,15019000
2016-08-04,12.964394569396973,12.96517198128377,12.747791329104832,12.753225808389692,19978000
2016-08-05,13.207392692565918,13.213604582993298,12.983025725780168,13.038923854920377,25594000
2016-08-08,13.069975852966309,13.29356686255241,13.031934506986197,13.198075532142933,19084000
2016-08-09,13.288912773132324,13.366547344320404,13.097152657654235,13.115783888574514,32743000
2016-08-10,13.34170150756836,13.367322036243456,13.18565350428324,13.2927912045896,19523000
2016-08-11,13.360333442687988,13.443403952167138,13.267947320183058,13.358781580909096,15745000
2016-08-12,13.389833450317383,13.4014783353565,13.305211089517474,13.363436995497022,16530000
2016-08-15,13.628177642822266,13.649138142272264,13.39216434403465,13.459707350845871,25807000
2016-08-16,13.38440227508545,13.585479459017488,13.361111018477374,13.571505297366372,19069000
2016-08-17,13.43331241607666,13.452721055952575,13.334715873961926,13.372757222738322,16613000
2016-08-18,13.503188133239746,13.522596778044267,13.403038222957905,13.417012387985773,21120000
2016-08-19,13.580821990966797,13.590915017710941,13.464368660239153,13.522594585210754,15349000
2016-08-22,13.658458709716797,13.687960379568198,13.513279634498652,13.586257137650115,15393000
2016-08-23,13.767921447753906,13.778014472958883,13.673206047051746,13.719788556866616,19741000
2016-08-24,13.609545707702637,13.795093893644202,13.537344149904603,13.785778280114238,21802000
2016-08-25,13.666998863220215,13.752398670582732,13.562190412580188,13.626628233657787,18735000
2016-08-26,13.75395393371582,13.869631371657325,13.596353993622959,13.728334873643036,22586000
2016-08-29,13.772581100463867,13.87195505628144,13.73376381995303,13.764817348204833,16726000
2016-08-30,13.74152660369873,13.929404064302013,13.65923202018062,13.831583458144452,27838000
2016-08-31,13.696497917175293,13.84400624331303,13.613427399803403,13.749289357572186,32753000
2016-09-01,13.748517036437988,13.793546217457543,13.572284410548281,13.732213597225082,39128000
2016-09-02,13.439528465270996,13.767926544406354,13.104917013272162,13.741531556014676,80668000
2016-09-06,13.283475875854492,13.508618756728096,13.170127764074596,13.479117091964543,36132000
2016-09-07,13.112675666809082,13.353347520635307,13.020289541415504,13.30831835430908,31437000
2016-09-08,13.072305679321289,13.10724182232104,12.931009245419867,13.073083091056755,18680000
2016-09-09,12.482275009155273,12.96905178214668,12.473735325556197,12.913153652064903,45022000
2016-09-12,12.76952838897705,12.79049037360698,12.324675567800922,12.354177236335964,35673000
2016-09-13,12.828531265258789,12.993118969832402,12.755553767984846,12.769527930308044,36003000
2016-09-14,13.167798042297363,13.192641158941116,12.81377807718311,12.827753718530415,40324000
2016-09-15,13.449687957763672,13.471491433619564,13.097716288732522,13.185709948615509,36322000
2016-09-16,13.334441184997559,13.47071290650813,13.226202078983341,13.426327684430506,83067000
2016-09-19,13.294726371765137,13.516655440909277,13.191159868897948,13.358580252322517,28306000
2016-09-20,13.100051879882812,13.409974608127127,13.0953792823803,13.409974608127127,18722000
2016-09-21,13.224644660949707,13.239440725824537,13.051773391835956,13.112512708545069,17977000
2016-09-22,13.147553443908691,13.335219281538269,13.087592401978988,13.31341580638214,20619000
2016-09-23,12.977017402648926,13.162346926035267,12.888245481802011,13.136650611849443,26875000
2016-09-26,12.980131149291992,13.022180065816125,12.67410130032404,12.85631772767902,32033000
2016-09-27,13.304850578308105,13.306407120700849,12.927959384211535,12.995706109555279,25353000
2016-09-28,13.292391777038574,13.448910443383724,13.220752205266432,13.376491115108278,20843000
2016-09-29,13.429441452026367,13.548582288642566,13.198167189624169,13.237881296912995,38570000
2016-09-30,13.43411636352539,13.599978746831468,13.427885737519382,13.471492693308754,34220000
2016-10-03,13.243330955505371,13.540793884295077,13.216076615321771,13.47226889829776,22807000
2016-10-04,13.163907051086426,13.307965949356094,13.088373153481418,13.2853842012991,19596000
2016-10-05,13.508870124816895,13.557927948687153,13.290835352060192,13.3546877561173,26149000
2016-10-06,13.564156532287598,13.599976313097363,13.335996841254147,13.494851784095646,21014000
2016-10-07,13.565718650817871,13.62334341455773,13.423996011608182,13.617892543818897,21842000
2016-10-10,13.609322547912598,13.697316216605252,13.530674075665452,13.606207977514277,16336000
2016-10-11,13.32898998260498,13.66616557231979,13.201282217927432,13.649812966147714,26181000
2016-10-12,13.274481773376465,13.320425023597707,13.113290519375532,13.296285249057707,21740000
2016-10-13,13.1553373336792,13.230092944171213,12.98869672272846,13.14210078435263,22373000
2016-10-14,13.244891166687012,13.443458747228208,13.18648815080704,13.23632424243098,19570000
2016-10-17,13.150665283203125,13.311855014601075,13.138983791616285,13.214517667794325,12741000
2016-10-18,13.406861305236816,13.461371488372372,13.279934757447972,13.288500197794086,14167000
2016-10-19,13.383499145507812,13.415426087811912,13.246447666111134,13.328990456330265,20440000
2016-10-20,13.50341796875,13.59452619597044,13.31730867313106,13.367146248762468,18961000
2016-10-21,13.465262413024902,13.50264022489562,13.292391147060643,13.41620459191349,15842000
2016-10-24,13.747929573059082,13.782971082864256,13.515098769003696,13.561820286993836,19772000
2016-10-25,13.52210807800293,13.744037176172606,13.511206339433205,13.707439118938737,21622000
2016-10-26,13.471492767333984,13.610102289283894,13.32354101945007,13.405304062004424,21075000
2016-10-27,13.412312507629395,13.646699888391485,13.37649123616865,13.573502288200762,19840000
2016-10-28,13.187268257141113,13.461371254967895,13.163128479174825,13.431780607307624,20651000
2016-10-31,13.259686470031738,13.36714731219984,13.135873020164183,13.237882993099134,20317000
2016-11-01,13.144436836242676,13.358580222883786,12.913164058020683,13.293948071315784,28452000
2016-11-02,13.437228202819824,13.561041632985894,13.223086309056315,13.464482544648803,43501000
2016-11-03,13.470714569091797,13.653709319349046,13.405304134693631,13.4286656406575,20654000
2016-11-04,13.406861305236816,13.590634335392087,13.255794979063127,13.269033017870985,21753000
2016-11-07,13.779857635498047,13.851498696207292,13.557928526483906,13.579732004688772,26126000
2016-11-08,13.782970428466797,13.862397153803986,13.635795500172629,13.788421296727686,18923000
2016-11-09,13.504194259643555,13.74403393690122,13.328208456245113,13.352348226710177,32506000
2016-11-10,13.077471733093262,13.588298393403385,12.716154843892042,13.527559074194752,51217000
2016-11-11,13.046321868896484,13.237882034685878,12.905377550286287,13.031527290013537,29793000
2016-11-14,12.753531455993652,13.064232464113308,12.694350170137493,12.963000770056587,28187000
2016-11-15,12.961443901062012,13.04320693133568,12.740293098488193,12.835294164889548,25380000
2016-11-16,13.068904876708984,13.09537946400633,12.906935356711786,12.949762550244404,13333000
2016-11-17,13.007386207580566,13.161568547184155,12.927957996564944,13.031525979330388,18100000
2016-11-18,13.094599723815918,13.172469905117248,12.984802604803523,12.984802604803523,19524000
2016-11-21,13.438783645629883,13.452799950959497,13.170133090186923,13.170133090186923,21384000
2016-11-22,13.784530639648438,13.815679315287182,13.495633059676669,13.527560006631202,31024000
2016-11-23,13.789200782775879,13.842151442582647,13.645920167901144,13.73313406775959,22123000
2016-11-25,13.76350212097168,13.784527323444648,13.67161562929376,13.765838419607592,8198000
2016-11-28,13.599974632263184,13.788420192983518,13.591409195003184,13.70977174505067,26570000
2016-11-29,13.662271499633789,13.78141232964784,13.504974591991076,13.538458072491684,18514000
2016-11-30,13.276040077209473,13.697316552873488,13.27214723542864,13.636577230238176,31249000
2016-12-01,12.676438331604004,13.276036815584009,12.553404659198488,13.238659008568337,46389000
2016-12-02,12.78779411315918,12.842302798895105,12.507462031945517,12.737178268439981,26945000
2016-12-05,12.936525344848633,12.973901667745542,12.646069803194761,12.927180150186707,21372000
2016-12-06,12.829842567443848,13.079805726832499,12.727832610563267,12.989475777827472,39184000
2016-12-07,13.124972343444824,13.124972343444824,12.744968008878658,12.829845624482417,32659000
2016-12-08,13.293171882629395,13.345345768777626,13.043988404296982,13.202843391571635,38361000
2016-12-09,13.945716857910156,14.164531323565166,13.77518193083028,14.090553988385498,75744000
2016-12-12,13.873297691345215,14.07653782690079,13.748706003221107,13.86473225413982,37194000
2016-12-13,13.972975730895996,14.167650490436566,13.86084228518834,13.918467035864724,69076000
2016-12-14,13.910324096679688,14.03562960133817,13.801466181180366,13.998820819932298,46795000
2016-12-15,14.097492218017578,14.190688218251358,13.828088544055579,13.964356568567554,38103000
2016-12-16,13.972976684570312,14.182078116267363,13.899360612431686,14.155452170487457,41541000
2016-12-19,14.132734298706055,14.207134556128363,13.949477657577297,14.02387642125849,22219000
2016-12-20,14.258821487426758,14.353581429641585,14.107672822071073,14.175024110486918,27352000
2016-12-21,14.276055335998535,14.40919102551016,14.236114181022586,14.388828340868544,21013000
2016-12-22,14.143698692321777,14.331654647432563,14.048154527171047,14.31990786703225,17557000
2016-12-23,14.24864673614502,14.251779112491896,14.070087840697864,14.100630377257016,8977000
2016-12-27,14.277620315551758,14.38647820894343,14.257257633698812,14.261956943932773,8283000
2016-12-28,14.111592292785645,14.331657755370864,14.084182136746692,14.30346487879979,14039000
2016-12-29,14.086530685424805,14.149182679126298,13.98942106611937,14.073216968717334,13671000
2016-12-30,13.843753814697266,14.167195110694122,13.785016919558979,14.125688521374974,25421000
2017-01-03,13.966708183288574,14.167195152799298,13.825740829530764,13.96279308734699,32098000
2017-01-04,13.867250442504883,14.018397659881407,13.836706417077552,13.960444972356754,23965000
2017-01-05,13.648749351501465,13.861767323542585,13.617424101747426,13.80929517756195,24861000
2017-01-06,13.829659461975098,13.853937242874597,13.572785214270422,13.643268901560385,23142000
2017-01-09,13.859414100646973,13.963572657847557,13.833569394542218,13.834353608546667,20265000
2017-01-10,14.141349792480469,14.154663508057496,13.853934561321196,13.900140458768094,30181000
2017-01-11,14.051284790039062,14.13351672170283,13.921281529851944,14.100623052792768,18787000
2017-01-12,14.007428169250488,14.026223910790527,13.736459091718297,13.947125849774105,23137000
2017-01-13,14.131954193115234,14.157797412915794,13.97062564169509,14.010565298999719,20902000
2017-01-17,14.027010917663574,14.067734787822046,13.90562352139178,14.05598800592254,26316000
2017-01-18,14.489850997924805,14.493766093128379,14.096708818636637,14.124901686577216,35642000
2017-01-19,14.53214168548584,14.635517536112946,14.463224949648154,14.496117129962128,45718000
2017-01-20,14.964439392089844,15.000463944144803,14.73106028341286,14.77021870411696,57623000
2017-01-23,14.958176612854004,14.999683199901487,14.756122720380837,14.958959333248895,33394000
2017-01-24,15.486804962158203,15.634821294512887,15.058422325245289,15.092879952625754,62008000
2017-01-25,15.857227325439453,15.865843221903532,15.508725665896899,15.656741927429856,60888000
2017-01-26,15.989588737487793,16.075735798082793,15.751511733763058,16.010734142359876,38820000
2017-01-27,16.11018943786621,16.116455681965665,15.940246507903206,16.08434622233233,25780000
2017-01-30,15.91518783569336,16.044406915646135,15.710785767864653,16.011514731885743,33234000
2017-01-31,15.623859405517578,15.856454397653122,15.573736904755869,15.856454397653122,26749000
2017-02-01,15.951997756958008,16.01386703873672,15.679461621390033,15.839224750211162,31184000
2017-02-02,15.98018741607666,16.056935834925174,15.741326260739408,15.817291959239991,22712000
2017-02-03,16.145429611206055,16.17988872211297,15.900303727203855,16.05066967025877,24367000
2017-02-06,16.176759719848633,16.18459140549394,15.999767806740373,16.14465025682527,18716000
2017-02-07,16.125858306884766,16.242547911114368,16.049109860728045,16.227668750503874,22840000
2017-02-08,16.202600479125977,16.348267121287243,16.06711666987364,16.130551372109768,21069000
2017-02-09,16.08121681213379,16.265256211205898,15.947298412651522,16.237063335654287,27519000
2017-02-10,16.095314025878906,16.17206246371283,15.964527995848016,16.132905524254316,23842000
2017-02-13,16.18850326538086,16.2198300016999,16.067898616782763,16.193985294862593,12463000
2017-02-14,16.080434799194336,16.21122082867471,16.0389267108029,16.210436614394965,17357000
2017-02-15,16.132118225097656,16.206516986449586,16.038922226151556,16.118804510962498,17088000
2017-02-16,16.303634643554688,16.306767019834258,16.06868849768689,16.168932007341482,17188000
2017-02-17,16.478271484375,16.478271484375,16.197119520625495,16.367846668095208,30945000
2017-02-21,16.66152572631836,16.72965973264211,16.517426029827316,16.524474993408788,30333000
2017-02-22,16.77195167541504,16.832254002025554,16.56363305338311,16.681105331600367,23949000
2017-02-23,16.49159049987793,16.91292572699118,16.41797442994482,16.844007474559838,29364000
2017-02-24,16.47513771057129,16.497065829142528,15.867412153046011,16.319289732164506,27651000
2017-02-27,16.70303726196289,16.716350979072875,16.461043686241712,16.498635182347382,26991000
2017-02-28,16.518993377685547,16.786047380350514,16.469655112602798,16.77038401227126,27548000
2017-03-01,16.848705291748047,16.86828376187065,16.49002210263384,16.68659251190019,51155000
2017-03-02,17.01707649230957,17.619318493667677,16.91761575010347,17.551184486995798,71171000
2017-03-03,17.097745895385742,17.229314633536067,17.049190339047023,17.07268390300738,30747000
2017-03-06,17.0679874420166,17.114193346880736,16.851054355939976,16.945031606727873,22771000
2017-03-07,17.170576095581055,17.336603937082398,17.001415878767034,17.02099434477715,29129000
2017-03-08,17.200336456298828,17.32642464945287,17.11575634516448,17.16822848800268,24532000
2017-03-09,17.386730194091797,17.4532972917113,17.082084596180863,17.133772534402922,25675000
2017-03-10,17.72661590576172,17.731315216161832,17.44311574064471,17.44311574064471,39430000
2017-03-13,17.734447479248047,17.836256410241962,17.649083147067344,17.68824157725068,26669000
2017-03-14,17.56998062133789,17.721129285552955,17.504196267738337,17.602090077854147,22165000
2017-03-15,17.6937255859375,17.75011283545974,17.48305724110401,17.568421582826886,20727000
2017-03-16,17.493114471435547,17.76531402779225,17.430964610215625,17.738565834303603,27835000
2017-03-17,17.400285720825195,17.599321655128414,17.374323794364987,17.584373515526252,51635000
2017-03-20,17.40500259399414,17.515140438845346,17.368813158815374,17.40028197192463,17215000
2017-03-21,16.99434471130371,17.54189041097746,16.95501019143896,17.483674901433215,30557000
2017-03-22,17.10448455810547,17.1792207481969,16.94478316176316,16.994345198398975,19131000
2017-03-23,17.0604248046875,17.1862970384706,17.026595685279734,17.09189211287558,19223000
2017-03-24,17.226421356201172,17.417590056835035,17.129657600547603,17.15089890073263,23794000
2017-03-27,17.232717514038086,17.32161407360981,16.99041271800471,17.058069476065093,15358000
2017-03-28,17.382190704345703,17.44748715404339,17.177647880084738,17.19023570792999,17929000
2017-03-29,17.410511016845703,17.413657598330136,17.282278443131812,17.37038872675881,15927000
2017-03-30,17.310596466064453,17.657532154029287,17.217765574490816,17.45692373604276,34168000
2017-03-31,17.22563934326172,17.385340768715857,17.15247568038419,17.306670211874945,25897000
2017-04-03,17.213050842285156,17.30666953652548,17.044697447762204,17.228785253142558,19210000
2017-04-04,17.22563934326172,17.339711575655237,17.140675622038675,17.163489468310953,12634000
2017-04-05,17.081668853759766,17.34678748099459,17.055708430578456,17.271265022226974,15690000
2017-04-06,17.110774993896484,17.187085212890764,16.960514866873748,17.047838870031512,14615000
2017-04-07,17.169775009155273,17.294859462489352,17.07458382100901,17.11077174775003,16412000
2017-04-10,17.151683807373047,17.232714649517575,17.013223732581626,17.076947628070567,17994000
2017-04-11,17.114717483520508,17.18158799682597,16.837798682667596,17.036834680365413,22219000
2017-04-12,16.457809448242188,17.003780946016835,16.398019915294185,16.966805247806107,61026000
2017-04-13,16.624591827392578,16.8330674422788,16.44207663034728,16.45859730547754,42579000
2017-04-17,16.8252010345459,16.86375077885295,16.69303562726066,16.70798376290298,14507000
2017-04-18,16.764623641967773,16.81261312490599,16.68280654026403,16.761477061212304,8486000
2017-04-19,16.806325912475586,16.90072937061802,16.77721740428178,16.81812596961441,12081000
2017-04-20,17.1666316986084,17.238222802499447,16.852738822270265,16.91410091073038,16916000
2017-04-21,17.123367309570312,17.176075933245013,17.00536073342452,17.104486317407623,14683000
2017-04-24,17.40500259399414,17.456924935211937,17.28227692379611,17.36173372622671,17531000
2017-04-25,17.559194564819336,17.622130686895137,17.460856780293675,17.466363672218865,14848000
2017-04-26,17.439617156982422,17.616625486225104,17.375894758661317,17.582011591095444,14726000
2017-04-27,17.550540924072266,17.62921145104375,17.469510086224624,17.53480651857487,11850000
2017-04-28,17.371171951293945,17.55447342013626,17.289354844980895,17.530087042778675,16490000
2017-05-01,17.411298751831055,17.48524867474136,17.30037311720767,17.47187457692062,15339000
2017-05-02,17.736202239990234,17.740135091003168,17.425454491927383,17.579648960809564,27277000
2017-05-03,17.692934036254883,17.794418401947304,17.58672904875848,17.66225299556006,18002000
2017-05-04,17.574935913085938,17.76846497756049,17.453784242873297,17.721261741970334,16245000
2017-05-05,17.81487464904785,17.818021230294082,17.626066269633384,17.697655869660913,23128000
2017-05-08,17.70709800720215,17.866011635487343,17.611120513896708,17.820383950475197,17448000
2017-05-09,17.97300148010254,18.046951389113506,17.677988114219218,17.749577712233,19261000
2017-05-10,18.198787689208984,18.363208216498407,17.99109828620848,18.054034423465726,24433000
2017-05-11,18.17990493774414,18.239694487426892,17.95569487669168,18.147651352178944,14823000
2017-05-12,18.56302261352539,18.570102043866317,18.160230336501982,18.21058012138747,25852000
2017-05-15,18.804546356201172,18.872989377278113,18.487505402146304,18.535494894178896,29172000
2017-05-16,18.934354782104492,18.982342778225643,18.77779996557893,18.876137769706244,18128000
2017-05-17,18.186983108520508,18.799823648893213,18.179902175877594,18.723513432642306,31447000
2017-05-18,18.69676971435547,18.772292171967862,17.911639859571952,18.218454814080687,30699000
2017-05-19,18.416704177856445,18.64406083708801,18.25543023612274,18.622033264588723,35812000
2017-05-22,18.753414154052734,18.800617385620388,18.42614711817634,18.529204055912302,20419000
2017-05-23,18.608659744262695,18.796681887154904,18.55359081130596,18.751052699626797,13696000
2017-05-24,18.849390029907227,18.88164511853867,18.64248840141244,18.759707198807295,16392000
2017-05-25,18.94850730895996,19.003576216401353,18.780938775728075,18.968174561544004,19010000
2017-05-26,18.976043701171875,19.006724738378406,18.748687117003218,18.951655825311466,13120000
2017-05-30,18.866695404052734,18.99020734476871,18.802185237307977,18.920190285766015,29364000
2017-05-31,18.83994483947754,19.108209985969886,18.688898456500734,19.079102987996606,44830000
2017-06-01,18.455245971679688,19.027965657280806,18.39388389848008,19.006724362513516,63774000
2017-06-02,20.023935317993164,20.12542119915388,19.207339650333815,19.552701352727762,108613000
2017-06-05,19.841419219970703,20.20094124645395,19.683291889744545,19.982238103268937,39532000
2017-06-06,19.97122573852539,20.087658251297654,19.71633464358227,19.72813469874615,29653000
2017-06-07,20.004268646240234,20.127780601492248,19.901211722076813,19.957066921405,29290000
2017-06-08,20.056976318359375,20.147446905141404,19.850073223966984,20.060909169734423,28273000
2017-06-09,19.14361572265625,20.139581539329534,18.99492961876132,20.10103329017159,58191000
2017-06-12,19.090904235839844,19.125519628058818,18.546506706480585,18.912323383867214,54872000
2017-06-13,19.112150192260742,19.503141113610255,19.012238342906603,19.271063826227845,30853000
2017-06-14,18.923337936401367,19.270273641263422,18.694407277309047,19.161708338928417,34509000
2017-06-15,18.802461624145508,18.920969212547032,18.58756782365992,18.59309816773929,27527000
2017-06-16,18.664987564086914,18.916224848965022,18.576502082884193,18.876721325638567,35819000
2017-06-19,19.05211639404297,19.34127650928692,18.988912252536498,19.34127650928692,28519000
2017-06-20,18.960472106933594,19.2496307334302,18.949411419148024,19.119272842658233,24429000
2017-06-21,19.365764617919922,19.428179134056606,19.11294807958525,19.244097073245356,34998000
2017-06-22,19.28044319152832,19.46768677956115,19.204599118121752,19.396581924744783,18666000
2017-06-23,19.37682342529297,19.504022807481245,19.18168069752053,19.240935227219353,34985000
2017-06-26,19.17852783203125,19.585405972636902,19.056070635351965,19.434505928112056,32103000
2017-06-27,18.59231185913086,19.118485765861166,18.58441115091009,19.068712660285733,33582000
2017-06-28,19.044214248657227,19.09793844298485,18.526730850091628,18.691851525443468,24533000
2017-06-29,18.490388870239258,18.879884791398556,18.216240546057062,18.85855454246052,34513000
2017-06-30,18.41217613220215,18.699755532513546,18.3971643371167,18.666573467889815,26534000
2017-07-03,18.152252197265625,18.58520137773051,18.098529489275116,18.527527562047336,21123000
2017-07-05,18.29840087890625,18.355285042680958,18.100887802684937,18.250208544230393,29699000
2017-07-06,18.56939125061035,18.623905058712776,17.973691974228394,17.97843269847348,26334000
2017-07-07,18.93124008178711,18.976272452555254,18.58756762698732,18.589937989697074,24731000
2017-07-10,19.101099014282227,19.114530063279343,18.867243851843806,19.001552834909447,22499000
2017-07-11,19.031578063964844,19.16667668789061,18.913068965774954,19.119273952758125,20502000
2017-07-12,19.46847152709961,19.52851567867266,19.0450039924222,19.19827284502087,27710000
2017-07-13,19.53879165649414,19.74104402604635,19.47874748982988,19.523779861375196,20400000
2017-07-14,19.77422523498535,19.78291706699688,19.58145281787255,19.643077726005593,14417000
2017-07-17,19.67388916015625,19.937766425514784,19.66124772850626,19.81372849925355,18746000
2017-07-18,19.82083511352539,19.82478621959586,19.440031066750148,19.534836515765278,13003000
2017-07-19,20.098934173583984,20.10999485934584,19.794763808227607,19.909321771849896,25526000
2017-07-20,20.022294998168945,20.146332879030687,19.93696950975236,20.10683086830444,12135000
2017-07-21,19.997018814086914,20.029409747931044,19.787653883847238,19.872189775809176,15504000
2017-07-24,19.990697860717773,20.04205169476867,19.884831718594718,20.01123999710035,13638000
2017-07-25,20.091035842895508,20.099726167463235,19.76553368598527,19.972528266169327,16123000
2017-07-26,20.305143356323242,20.398369593271013,20.116320519535016,20.121850863982665,19971000
2017-07-27,19.826366424560547,20.42206727177897,19.668356832851725,20.39994439189611,32010000
2017-07-28,19.780546188354492,19.8397992253881,19.553800588408315,19.66598820708828,31919000
2017-07-31,19.487438201904297,19.944879042307228,19.392631224525793,19.82874030665534,18902000
2017-08-01,19.624116897583008,19.75131481042081,19.511138147232323,19.61147546539729,17582000
2017-08-02,20.016775131225586,20.326475939759256,19.835063375746383,20.114740591025715,36970000
2017-08-03,19.77422523498535,19.988329409025198,19.532469341560706,19.973319121461603,23447000
2017-08-04,19.68574333190918,19.827953061547383,19.602788158588883,19.809781282527048,13454000
2017-08-07,19.944082260131836,19.979634678202,19.664403639821312,19.703116038423545,18730000
2017-08-08,19.85875701904297,20.090243302196246,19.7844922013949,19.907740485196978,20439000
2017-08-09,19.68574333190918,19.779759195005518,19.555385417678135,19.714184675074435,21256000
2017-08-10,19.017356872558594,19.514301272739274,18.997605857472177,19.487439168906935,29033000
2017-08-11,19.290714263916016,19.375250169712615,18.858556297751228,18.965212073085404,16976000
2017-08-14,19.823209762573242,19.850071864801812,19.435294545127405,19.503239419321503,16736000
2017-08-15,20.042844772338867,20.072077238041597,19.85165308457325,19.99781239927529,20942000
2017-08-16,20.021509170532227,20.125797580529934,19.894311275985334,20.092614014177403,15394000
2017-08-17,19.510351181030273,20.087089290243824,19.486650564455378,19.988332702765916,22793000
2017-08-18,19.701547622680664,19.868249119277316,19.445570976123587,19.540376471779016,20126000
2017-08-21,19.72128677368164,19.900628091420707,19.449508872436994,19.900628091420707,20693000
2017-08-22,20.16135025024414,20.24035580638252,19.83031924545184,19.895893751563303,26917000
2017-08-23,20.29802703857422,20.45524851240438,20.019139525144563,20.061011907046137,27928000
2017-08-24,20.150291442871094,20.49080543666738,19.838221802711363,20.436291612914676,52119000
2017-08-25,19.40289306640625,20.098929503031577,19.259893803170648,19.92906815007209,69099000
2017-08-28,19.21803092956543,19.5648633849939,19.15877637923845,19.5174606488758,34174000
2017-08-29,19.097938537597656,19.323103369993916,18.963629558018702,19.063175734807242,33536000
2017-08-30,19.436870574951172,19.462153435762282,19.03078364785488,19.08450784344659,21924000
2017-08-31,19.914854049682617,19.95119609115897,19.399739479457857,19.484275374667956,29491000
2017-09-01,19.96700096130371,20.173204447431253,19.93302776948891,19.93539813235095,23242000
2017-09-05,19.676259994506836,19.966999367275974,19.515878513496396,19.760794390704593,24306000
2017-09-06,19.702327728271484,19.854808477585262,19.569599495679107,19.799505047338435,13996000
2017-09-07,19.478748321533203,19.75131593900538,19.44556625541863,19.734724905948095,16088000
2017-09-08,19.285972595214844,19.466894704795678,19.20617741881737,19.42897191648871,18094000
2017-09-11,19.5727596282959,19.612261648234302,19.436080288536495,19.520616178386366,16878000
2017-09-12,19.525352478027344,19.73076625034687,19.395782747629937,19.724444783341184,18396000
2017-09-13,19.454252243041992,19.586190859429745,19.368135608552898,19.421070184326904,29664000
2017-09-14,19.510351181030273,19.554593939336417,19.217241400346147,19.326269058689675,28645000
2017-09-15,19.794763565063477,19.845326268809274,19.364974555602597,19.56406840377565,50066000
2017-09-18,19.817771911621094,20.05655027424262,19.72178455620007,19.91534495957323,25743000
2017-09-19,19.81301498413086,19.978810664134418,19.699575914289778,19.92486836118663,22088000
2017-09-20,19.269615173339844,19.822533179035617,18.869006878168832,19.811427278404285,57010000
2017-09-21,19.068918228149414,19.252959982935614,18.89439668318041,19.23392107636699,28620000
2017-09-22,18.97848129272461,19.098267667681295,18.88963408252028,18.907085780791682,23100000
2017-09-25,18.682584762573242,18.86503925854394,18.366857959207035,18.815855556903422,38692000
2017-09-26,18.822206497192383,19.03480736491831,18.66672386131226,18.870597365825297,39010000
2017-09-27,19.08477783203125,19.250573471080052,18.926120834884255,18.999103537752756,26489000
2017-09-28,19.271991729736328,19.305309425587073,18.99910285438843,18.99989570055672,21932000
2017-09-29,19.240264892578125,19.37829581618504,19.158556323347636,19.271996904612898,17319000
2017-10-02,19.076051712036133,19.45999958187573,19.018935012311694,19.45999958187573,19431000
2017-10-03,18.999103546142578,19.11412828040642,18.871384194332617,19.04511283462201,25611000
2017-10-04,19.197429656982422,19.22360720674061,18.84124491168584,18.941992391637807,23271000
2017-10-05,19.329904556274414,19.4941130118378,19.226777040409335,19.298172547372708,22811000
2017-10-06,19.494112014770508,19.494906374098246,19.0625676098509,19.0625676098509,17489000
2017-10-09,19.54805564880371,19.613898201565085,19.46634709254349,19.51473794929536,16551000
2017-10-10,19.513946533203125,19.68608799327907,19.279928260172923,19.636111440353794,15348000
2017-10-11,19.863786697387695,19.92486915951369,19.446519492154646,19.45207244325701,26603000
2017-10-12,19.73209571838379,19.933589104293414,19.69560361075087,19.865366505360637,20067000
2017-10-13,19.67022132873535,19.898686643776138,19.631350677764143,19.843949988675536,15257000
2017-10-16,19.56788444519043,19.790003921475527,19.484590208982947,19.71940127570053,14899000
2017-10-17,19.246610641479492,19.509980893671248,19.224398838337112,19.502047890682455,26965000
2017-10-18,19.356081008911133,19.40447186583419,19.022902499583594,19.30293156137389,19905000
2017-10-19,19.37908363342285,19.385429428461276,18.908667153968555,19.103814725518582,25844000
2017-10-20,19.375123977661133,19.594070636096525,19.33704616636231,19.590896224266878,23548000
2017-10-23,19.37749671936035,19.48697000727654,19.253744635860556,19.44968505646895,23418000
2017-10-24,19.648006439208984,19.684497032517356,19.364804513591334,19.44096011098723,22887000
2017-10-25,19.500459671020508,19.747169525820777,19.37432751205465,19.50521826174467,20955000
2017-10-26,19.33704376220703,19.66149645126703,19.33704376220703,19.615485642245954,24446000
2017-10-27,20.062103271484375,20.06924191402198,19.260093880023604,19.401299195025572,44753000
2017-10-30,20.722902297973633,20.79985073861154,20.09145028490262,20.09383033636407,50202000
2017-10-31,20.93551254272461,21.156837758825343,20.728464615715225,20.823659151872747,32845000
2017-11-01,20.56900978088379,21.072742522448277,20.378620768229,20.961683525954104,27333000
2017-11-02,20.585670471191406,20.993417409713814,19.74241032947475,20.797475429712584,67196000
2017-11-03,21.70657730102539,22.0532402597257,20.39607502292965,20.94502575054958,120503000
2017-11-06,22.01516342163086,22.35468772922538,21.42099474854141,22.07703871758117,78088000
2017-11-07,21.523326873779297,21.775591175393455,21.223466076544373,21.62010707053649,36789000
2017-11-08,21.60900115966797,21.72164735926081,21.1996685740288,21.365464218921076,30254000
2017-11-09,21.072744369506836,21.450348016815262,20.82365445180383,21.310729899652454,30980000
2017-11-10,21.018798828125,21.15206961503093,20.9109127368585,21.084641375388834,20338000
2017-11-13,21.02276611328125,21.099714565094878,20.748291518261045,20.823652764514808,28064000
2017-11-14,20.883941650390625,21.067983348819524,20.725284648591323,20.88711454833616,19718000
2017-11-15,21.069564819335938,21.180625303567247,20.469050502846688,20.807781877968925,29032000
2017-11-16,21.585996627807617,21.787490023719347,21.11002713016071,21.164763781261964,31000000
2017-11-17,21.566162109375,21.58599385400663,21.294066094356225,21.55902195503635,24069000
2017-11-20,21.805740356445312,21.95408282281648,21.528884148642483,21.626457211227294,28639000
2017-11-21,21.94139289855957,22.0699036236421,21.808120555610994,21.90252223984374,20903000
2017-11-22,21.8446102142334,22.03023763681184,21.749415694279346,21.975500976971457,18642000
2017-11-24,22.400699615478516,22.44908896196628,21.935041615529148,21.947734721676103,11572000
2017-11-27,22.57839584350586,22.662484463244915,22.1936535272261,22.232524182036652,26230000
2017-11-28,22.005645751953125,22.600607339917826,21.961222147057487,22.597434441434643,26796000
2017-11-29,21.537609100341797,22.06434807319869,21.01166297383631,22.053242172016738,47231000
2017-11-30,22.048480987548828,22.081004327852398,21.425754722120658,21.559818366887225,31452000
2017-12-01,21.542367935180664,21.855714714996477,20.94661353821756,21.83191570826657,47729000
2017-12-04,20.911710739135742,21.77718124736005,20.636441737110854,21.728791895782734,48439000
2017-12-05,20.756227493286133,21.110823488970674,20.661032972691427,20.836348854631623,38117000
2017-12-06,20.933921813964844,20.97596536687092,20.16523154870991,20.532520649735055,48751000
2017-12-07,20.933921813964844,21.87078780390965,20.757813086507973,21.806532448482205,79282000
2017-12-08,20.618194580078125,21.175872711068113,20.56980523107944,21.08305824478259,41848000
2017-12-11,20.62136459350586,20.906945061601416,20.529342993188838,20.572973741762315,34941000
2017-12-12,20.52220344543457,20.69513771361637,20.285805172627704,20.57456003879813,28541000
2017-12-13,20.786373138427734,20.886327774632264,20.639616352587584,20.657862412410935,26943000
2017-12-14,20.572975158691406,20.863315749953752,20.363548761567007,20.810959150672655,37595000
2017-12-15,21.079883575439453,21.10130252940834,20.487302098381157,20.75622526627508,45091000
2017-12-18,21.112621307373047,21.28191188574526,20.96888523083107,21.087867953949218,29786000
2017-12-19,21.057523727416992,21.18449052135653,20.86347826873146,21.025581361052627,19094000
2017-12-20,21.212444305419922,21.269141562085355,20.984062120115546,21.25237227273985,19845000
2017-12-21,20.884244918823242,21.261156408787702,20.84751240660541,21.237199627899773,17758000
2017-12-22,20.949726104736328,21.031176723703332,20.65825878797172,20.907402305722638,14617000
2017-12-26,20.61033821105957,20.949718974624446,20.2342264704675,20.540865244765765,22256000
2017-12-27,20.69179344177246,20.890629052162144,20.642283683973915,20.669434392843566,35615000
2017-12-28,20.795604705810547,20.825949349293662,20.646277318551018,20.774843382951623,13641000
2017-12-29,20.514516830444336,20.91777932820772,20.49375398652799,20.74369707722339,17980000
2018-01-02,21.321847915649414,21.36097626232819,20.56802485745428,20.74370336625031,33135000
2018-01-03,21.555021286010742,21.61890451708597,21.243590724906042,21.344206471152845,31161000
2018-01-04,21.562204360961914,21.70115032201131,21.435236027318,21.68757496684027,19067000
2018-01-05,21.68996810913086,21.900782854681207,21.516683968911742,21.717916918344287,28633000
2018-01-08,21.74187469482422,21.764233744791262,21.48554372253173,21.634071479727663,20971000
2018-01-09,21.440826416015625,21.868045734376395,21.416071535050907,21.804960616879463,26027000
2018-01-10,20.98805046081543,21.25236698945116,20.820356085952586,21.239589738465938,31607000
2018-01-11,21.041553497314453,21.069502307601287,20.885838261974676,21.04714325937182,17726000
2018-01-12,21.10464096069336,21.18688967309548,20.9225730992996,21.03277214820088,19881000
2018-01-16,21.021589279174805,21.32104210923088,20.89462096242709,21.175706779555686,33528000
2018-01-17,21.226016998291016,21.283512350158745,20.798797701706036,21.19966591395332,37365000
2018-01-18,21.544635772705078,21.565398618490036,21.119812290517107,21.19806896719193,30319000
2018-01-19,21.27233123779297,21.515886458867055,21.246778257679654,21.4927293086231,29963000
2018-01-22,20.930559158325195,21.302678959147944,20.81157641157517,21.21324275426614,27230000
2018-01-23,20.993640899658203,21.11421983175654,20.611139737133623,20.90100925399326,35398000
2018-01-24,20.511327743530273,21.023191672344034,20.44265285426297,20.83952758138644,45405000
2018-01-25,19.747119903564453,20.58958087843095,19.72396275134927,20.581595285885292,59520000
2018-01-26,20.026609420776367,20.039385150289974,19.583418937482456,19.917208479013926,49014000
2018-01-29,19.60178565979004,19.922797943917786,19.44367458620019,19.826174256207988,50401000
2018-01-30,19.243242263793945,19.56665194377975,18.92622197240994,19.264803213745573,46002000
2018-01-31,19.80621337890625,20.214267602004153,19.55307631538647,19.963526368789708,80482000
2018-02-01,19.068359375,19.636122351593293,19.013259853738205,19.302332814785316,66851000
2018-02-02,18.804046630859375,19.00208418355358,18.693049463510956,18.907058204206916,58352000
2018-02-05,18.214717864990234,19.48439804310344,18.17479142843409,18.74015854310161,70776000
2018-02-06,19.19533348083496,19.196931209030357,17.959191433241806,18.016686801828957,77744000
2018-02-07,18.955766677856445,19.41253100223906,18.925422035002768,19.06596420107616,40475000
2018-02-08,18.332107543945312,19.046800629035996,18.32731588334375,18.95656631858496,43200000
2018-02-09,18.805641174316406,18.935005348747094,18.06699131010315,18.589236622229976,43282000
2018-02-12,19.516340255737305,19.602582515566148,18.965346601684665,18.994093513928973,35063000
2018-02-13,19.6329288482666,19.646504203301365,19.169775141719246,19.24563598635254,23719000
2018-02-14,19.776662826538086,19.855717589017786,19.44287182080223,19.56425036834254,25491000
2018-02-15,20.109655380249023,20.110453482475368,19.51873531333759,19.906026603438118,25540000
2018-02-16,19.8748836517334,20.152775533138758,19.807008408913653,20.064937073201193,32639000
2018-02-20,19.933176040649414,20.421882636918976,19.765483198045448,19.86370307398552,41693000
2018-02-21,19.85332679748535,20.240619686367875,19.839751441505292,20.16236300620906,28156000
2018-02-22,19.911624908447266,20.211077866161034,19.825382615027735,19.893259410786374,19342000
2018-02-23,20.259780883789062,20.36518825550564,19.986679135380186,20.13441029470565,18280000
2018-02-26,20.19908905029297,20.31807176030546,20.04337384220227,20.1200327699617,28878000
2018-02-27,20.108060836791992,20.416297408609513,20.097679413822217,20.13041988743699,21176000
2018-02-28,19.680837631225586,20.32206552891651,19.642507402525816,20.289326584868924,28834000
2018-03-01,19.429304122924805,19.893257552251846,19.26959680758941,19.632932968080116,26044000
2018-03-02,20.032995223999023,20.05775010125423,19.183348374937452,19.19931803518607,27402000
2018-03-05,19.722366333007812,20.07053088025286,19.438085007273326,19.955540167676165,25900000
2018-03-06,20.040184020996094,20.067333206738088,19.749514862163654,19.90842403445087,30030000
2018-03-07,19.72796058654785,19.9156182588064,19.510757888589094,19.858920991990736,31549000
2018-03-08,19.719972610473633,19.82777584387539,19.63772236378801,19.824581910922912,33554000
2018-03-09,20.265371322631836,20.305297758699428,19.774268848140093,19.850129685906882,30782000
2018-03-12,20.98885154724121,21.105438457835376,20.731720948210324,20.813971181349956,53881000
2018-03-13,20.85948944091797,21.868047193417635,20.780434655504813,21.275529261639793,66855000
2018-03-14,20.809181213378906,20.94892528775105,20.37477438303665,20.9217760983703,39619000
2018-03-15,21.381729125976562,21.472763039053184,21.0415517706584,21.059917259856448,57990000
2018-03-16,20.352415084838867,21.049542289660522,20.315682574747882,21.001628730658897,113955000
2018-03-19,19.56026268005371,20.481778468047775,19.38618041115247,20.211072505574407,71267000
2018-03-20,19.35344123840332,19.807811297896645,19.267198962060164,19.57224162354851,61918000
2018-03-21,19.931949615478516,20.303850324110133,19.450666072764598,19.49279868562414,54912000
2018-03-22,19.735061645507812,19.99028826900096,19.567340983843852,19.610283395255255,43078000
2018-03-23,19.646745681762695,19.868752106786786,19.47902655407073,19.719667579164017,59070000
2018-03-26,20.072128295898438,20.161253876778414,19.487133395792963,20.06726642290424,48713000
2018-03-27,19.799882888793945,20.600401100110695,19.575445520951124,20.100482889182814,63917000
2018-03-28,19.176807403564453,20.00730670466363,19.089301426731467,19.77638785419053,41744000
2018-03-29,19.093355178833008,19.51387009180088,19.021243064506162,19.291053827355924,46874000
2018-04-02,18.447589874267578,19.131434022215903,18.26609645454222,18.955612271856964,53088000
2018-04-03,19.184904098510742,19.20110930470562,18.40950368158943,18.70524174028511,45569000
2018-04-04,19.201921463012695,19.277274290214265,18.595051406887443,18.639613411283705,37720000
2018-04-05,19.146825790405273,19.581924654897424,19.040683686523614,19.50738317039453,35798000
2018-04-06,18.544002532958984,19.165458126167287,18.454065647774502,18.937780079397687,30248000
2018-04-09,19.019622802734375,19.41826081922371,18.575609883445868,18.633946174132937,37494000
2018-04-10,19.425552368164062,19.572205973174587,19.25621208593264,19.410156954099033,33244000
2018-04-11,19.471731185913086,19.504141600680544,19.209213317033953,19.293478540932977,19922000
2018-04-12,19.399620056152344,19.659706981551555,19.21083233210205,19.56166748886961,41036000
2018-04-13,20.00811195373535,20.41809474018881,19.84282223710401,20.256045755975546,48312000
2018-04-16,20.20500373840332,20.247136356911426,19.906024879076956,20.182317062700026,25172000
2018-04-17,20.397031784057617,20.486968694845693,20.22688170711475,20.328161956365683,25084000
2018-04-18,20.222827911376953,20.391358380153527,20.05024691295706,20.337072628615594,20511000
2018-04-19,19.677536010742188,19.95463954472318,19.49928333282125,19.732633107863272,50141000
2018-04-20,19.212459564208984,19.575447968563758,19.041498131688915,19.544658683862313,41530000
2018-04-23,18.915098190307617,19.309687178588682,18.807336478348386,19.282948427114157,31337000
2018-04-24,18.505115509033203,19.131431539697758,18.367374322830532,19.100642260644747,44889000
2018-04-25,18.554540634155273,18.724692249913733,18.30012532552182,18.554540634155273,34023000
2018-04-26,18.669591903686523,18.78788713545228,18.497820724062088,18.716586386778584,32751000
2018-04-27,18.86081314086914,18.97586766537122,18.69228265683308,18.924822642008866,27211000
2018-04-30,18.58856773376465,18.969382385538278,18.499442182735343,18.8446041414354,39682000
2018-05-01,18.666351318359375,18.704431855930302,18.340633757359473,18.704431855930302,44947000
2018-05-02,18.533472061157227,18.914285164839647,18.376284948352623,18.90294182867493,52950000
2018-05-03,18.25069808959961,18.463792100268968,18.04246595057656,18.35116852808328,58011000
2018-05-04,18.677692413330078,18.80490003124165,17.985745901127107,18.121056121795355,51303000
2018-05-07,19.119279861450195,19.194632698455624,18.71658981261118,18.74089608264177,36953000
2018-05-08,19.352624893188477,19.361537293043412,19.02609755825702,19.100639034692428,40149000
2018-05-09,19.287809371948242,19.37531533957915,18.96371290934973,19.10550462879476,35031000
2018-05-10,19.730201721191406,19.748026524952262,19.333183348470072,19.42393005185463,25747000
2018-05-11,19.719669342041016,19.81041759618641,19.575446673462302,19.69536307101023,24052000
2018-05-14,19.83148193359375,20.128029858281018,19.75369816201039,19.95463905679611,27580000
2018-05-15,19.57382583618164,19.80555446566131,19.324270857609314,19.632973461567282,24984000
2018-05-16,19.487125396728516,19.62486656018221,19.363968300856783,19.619194892488473,29330000
2018-05-17,19.4012393951416,19.580303374540506,19.283753964808263,19.29347770698365,22825000
2018-05-18,19.12090492248535,19.49604649984771,19.11199097320431,19.434467924422552,25262000
2018-05-21,19.368831634521484,19.48631552615791,19.17599337295843,19.402050301083683,25720000
2018-05-22,19.323461532592773,19.556809761515574,19.249728289217966,19.465253259440644,19218000
2018-05-23,19.491182327270508,19.49685399682704,19.124143400018433,19.14034706631277,23454000
2018-05-24,19.731822967529297,19.79907319855673,19.445807036442552,19.51548820352583,22799000
2018-05-25,20.25847625732422,20.311142407876474,19.77314065725422,19.77314065725422,32214000
2018-05-29,20.23093032836914,20.345984841386173,20.132081024602694,20.145855297924307,28281000
2018-05-30,20.20743179321289,20.4205242459837,20.201760125095745,20.35165443182226,26844000
2018-05-31,20.423765182495117,20.68466189874933,20.17502005301917,20.196087130592787,34698000
2018-06-01,20.769746780395508,20.879939447206663,20.46185391461445,20.610128677488333,26360000
2018-06-04,20.93421745300293,21.014432145950813,20.760825137823918,20.904237974561624,25886000
2018-06-05,21.006336212158203,21.175676506643192,20.907486890626636,21.022539878907082,42374000
2018-06-06,21.351491928100586,21.372559006739987,21.042790918750807,21.126244800324038,37465000
2018-06-07,21.44548797607422,21.59133179956867,21.302884886037447,21.3093663529528,46077000
2018-06-08,20.901809692382812,21.06061640241609,20.559077118317806,20.80214905481347,73694000
2018-06-11,21.13353729248047,21.2121308470086,20.76811806284396,20.89289475768038,31859000
2018-06-12,21.182159423828125,21.2064672437371,20.936656469862847,21.093033841656943,27594000
2018-06-13,21.356355667114258,21.55810634366514,21.1238157120687,21.208892285396537,34868000
2018-06-14,21.751758575439453,21.80118246259691,21.398492374716433,21.47141428270592,37042000
2018-06-15,21.895166397094727,22.023183832280566,21.579171020333696,21.87977098575292,60969000
2018-06-18,21.43089485168457,21.795502711018088,21.409017978317053,21.795502711018088,30191000
2018-06-19,21.426795959472656,21.441577169896487,20.86844427116454,21.020348693991263,36221000
2018-06-20,21.44896125793457,21.678871829088894,21.4095478381781,21.47195215843624,24951000
2018-06-21,21.320049285888672,21.559812445953256,21.220695073314943,21.47852363229877,18186000
2018-06-22,21.324981689453125,21.471959055422438,21.263398005535205,21.44568395585754,52412000
2018-06-25,20.726390838623047,21.054833443746112,20.562989409240743,21.054833443746112,29705000
2018-06-26,20.654132843017578,20.906213703259102,20.572844020723576,20.7740144357911,24233000
2018-06-27,20.290380477905273,20.95137202759385,20.269030888742435,20.699291201384703,24720000
2018-06-28,20.108917236328125,20.30762567554845,19.892965619284883,20.22223044267177,33238000
2018-06-29,19.9233455657959,20.27724257768018,19.917597840305497,20.27724257768018,42794000
2018-07-02,19.874900817871094,19.88885980392516,19.49472870189499,19.713964499356997,33369000
2018-07-03,19.648277282714844,19.984931150413274,19.624464156158236,19.9824676155186,11591000
2018-07-05,20.14996910095215,20.167212274976134,19.762406447303484,19.85354938604099,25299000
2018-07-06,20.337182998657227,20.412725650974643,20.069501873980364,20.108915295525303,23112000
2018-07-09,20.3166561126709,20.46445566389434,20.16064530125307,20.445569608833484,17955000
2018-07-10,20.573657989501953,20.675475714478164,20.28544955354017,20.391372124654982,16413000
2018-07-11,19.989036560058594,20.32569043722633,19.920884501894527,20.11302456770481,35761000
2018-07-12,17.241613388061523,17.26624717510981,16.21358777366818,17.00349304448069,435083000
2018-07-13,16.624134063720703,17.57169107614775,16.578152268027186,17.44852532823476,161678000
2018-07-16,16.689008712768555,16.94601510623685,16.46566645762643,16.553525238550353,102277000
2018-07-17,17.104480743408203,17.16852793387577,16.58718398197947,16.603606499139097,110827000
2018-07-18,17.143077850341797,17.233400151491928,16.966539661441725,17.014985003054242,80834000
2018-07-19,17.27363395690918,17.364776912830386,17.082316128323388,17.102843496583393,63247000
2018-07-20,17.270349502563477,17.34260640154644,17.141434436935377,17.251463447015098,62893000
2018-07-23,17.79503631591797,17.952688437849332,17.27609658034525,17.27691723651377,82211000
2018-07-24,17.845945358276367,18.096383334151597,17.735917907760207,17.88371747163004,81158000
2018-07-25,18.5545654296875,18.774621941460268,17.876330490279067,17.876330490279067,92271000
2018-07-26,18.325471878051758,18.866580304230776,18.193272623736487,18.59807851467351,85069000
2018-07-27,18.150577545166016,18.827171077178612,18.070109375905744,18.393624931684748,79443000
2018-07-30,18.490514755249023,18.72288890053932,18.150576692610116,18.15550376245445,75275000
2018-07-31,18.209693908691406,18.790217284443255,18.19080785474562,18.612856893764246,63860000
2018-08-01,17.801605224609375,18.387874804526884,17.752339228697988,18.332040426797384,42669000
2018-08-02,17.7646541595459,17.921485619564862,17.510111370368634,17.593863714484655,40312000
2018-08-03,17.88453483581543,17.900135132351576,17.60453762516136,17.715387277659286,24832000
2018-08-06,17.81392478942871,17.925595132698774,17.724424696769855,17.787649690918943,22638000
2018-08-07,18.089815139770508,18.215444457137078,17.829524587798247,18.000315057498298,29798000
2018-08-08,18.020015716552734,18.165351710852796,17.97814033195166,18.108696686619727,15801000
2018-08-09,17.783540725708008,18.08488598165675,17.730988974717377,18.076674721622663,27563000
2018-08-10,17.42635726928711,17.611106697367532,17.281021261348865,17.473981949137045,37017000
2018-08-13,17.33193016052246,17.57005199402835,17.280200633801908,17.378734184320333,29842000
2018-08-14,17.02155876159668,17.372993937952113,16.98378820352896,17.372993937952113,36327000
2018-08-15,16.962432861328125,17.04454232622478,16.649590600494864,16.843371944635262,41132000
2018-08-16,17.135684967041016,17.149643951697158,16.97146447404325,17.06014388481232,29239000
2018-08-17,17.183311462402344,17.340963590862852,16.87457558737699,17.07656820897772,39093000
2018-08-20,16.973926544189453,17.243248943862948,16.903310970884974,17.200551337462272,54489000
2018-08-21,17.28512954711914,17.36149129501356,17.005952951357134,17.03961864996533,29952000
2018-08-22,17.041261672973633,17.38366328695406,17.032229755251176,17.280204212089235,26890000
2018-08-23,16.881139755249023,17.167706878306564,16.855685324085247,17.056857239265103,35578000
2018-08-24,17.1611385345459,17.18330877765209,16.806420909397005,16.943545648405607,20541000
2018-08-27,17.48712158203125,17.6020760942375,17.130761028054103,17.263779373281974,28213000
2018-08-28,17.607006072998047,17.73263540099294,17.454279424855457,17.623427030213893,24340000
2018-08-29,17.652986526489258,17.719495704972903,17.526534985764737,17.63820688306377,18125000
2018-08-30,17.789291381835938,17.813102943561262,17.62178509504746,17.651344383129793,26529000
2018-08-31,17.984710693359375,18.008522250603505,17.723597955266076,17.738379162663477,27623000
2018-09-04,18.017559051513672,18.088173080110135,17.828703172646527,17.948584769367272,36663000
2018-09-05,18.180957794189453,18.21215995894086,18.029874040166302,18.060255548674682,37194000
2018-09-06,17.73345184326172,18.295909822300004,17.565124934229633,18.187523699741416,62509000
2018-09-07,19.09731674194336,19.32969092887379,18.39280670733758,18.40922923233625,104703000
2018-09-10,19.75666046142578,19.784576865061428,19.053791978730345,19.268100688805994,60880000
2018-09-11,19.094846725463867,19.68193848272278,18.91831012313135,19.517717986889874,60755000
2018-09-12,18.876436233520508,18.955261520510085,18.296734985714373,18.72945732323862,53077000
2018-09-13,19.330509185791016,19.642530857481816,18.977432772837844,19.18845733784794,43757000
2018-09-14,19.406047821044922,19.46762992014774,19.188453352362835,19.30915714829766,28095000
2018-09-17,19.282060623168945,19.731206997770997,19.239363010277188,19.706573217439615,36739000
2018-09-18,19.832197189331055,19.970351502861295,19.430142827496812,19.440897770630603,50511000
2018-09-19,20.00261688232422,20.06052568864234,19.835506583939118,19.89341696815387,31160000
2018-09-20,20.262374877929688,20.354202128383495,19.996821249804498,20.101883894044928,39986000
2018-09-21,20.524620056152344,20.58004839687297,20.283056757996963,20.378192858744764,135321000
2018-09-24,20.63630485534668,20.69007799036306,20.45926960110117,20.520487251831252,45326000
2018-09-25,20.48740005493164,20.628036423122253,20.334355105926125,20.59742838005926,47037000
2018-09-26,20.303743362426758,20.520489562435802,20.251625434976344,20.32111600491023,33428000
2018-09-27,20.38813018798828,20.50642985962435,20.26072920646736,20.32525730420331,29572000
2018-09-28,20.41128921508789,20.431143888636473,20.173034710401563,20.312844243086303,26739000
2018-10-01,20.641271591186523,20.85884461273874,20.48905347346692,20.50642611624432,27709000
2018-10-02,20.524620056152344,20.823265330335662,20.509729448905116,20.610656429021077,24888000
2018-10-03,20.633821487426758,20.79183045537076,20.43693157420561,20.583358782548366,19607000
2018-10-04,20.530414581298828,20.659469163519365,20.367443112396337,20.405497243873832,25660000
2018-10-05,20.2044677734375,20.685939187422026,20.053076504606505,20.548613286982917,33860000
2018-10-08,19.967866897583008,20.302912681888166,19.88596776371291,20.12835789450416,33397000
2018-10-09,20.243350982666016,20.328560552876983,19.885143216453425,19.90334267541445,24675000
2018-10-10,19.178653717041016,20.273961722471732,19.162934710605725,20.096924874045058,56327000
2018-10-11,18.936260223388672,19.4905326625627,18.794797067981712,19.1902337112233,37424000
2018-10-12,19.27130889892578,19.496326441443625,18.95363568193288,19.42104498797374,32589000
2018-10-15,19.231595993041992,19.468196831773984,19.030568829736737,19.112469544885315,30099000
2018-10-16,19.715551376342773,19.751950292242523,19.373059478929232,19.52362393852997,30355000
2018-10-17,19.620412826538086,19.833023322037494,19.351550324147382,19.833023322037494,20262000
2018-10-18,18.863462448120117,19.591461355679666,18.740198740318306,19.47647055997357,37442000
2018-10-19,18.88496971130371,19.11743332125924,18.77328934893865,19.027261266834476,32231000
2018-10-22,18.91309928894043,19.228290470599163,18.86511860544033,19.07359032025331,25619000
2018-10-23,18.94866943359375,18.989205592796527,18.102369418804642,18.4324511502094,35990000
2018-10-24,18.09326934814453,18.730269279370155,18.021296759792246,18.729440883761775,37810000
2018-10-25,18.385297775268555,18.480433887019085,18.129670657955685,18.190061489478882,35193000
2018-10-26,17.633304595947266,17.979930532578848,17.306531749934134,17.833503338468095,53324000
2018-10-29,17.496807098388672,18.091615709633217,17.226289360761935,17.884797655094587,28636000
2018-10-30,18.283546447753906,18.329046680411214,17.455447262660773,17.685428879745928,29697000
2018-10-31,18.488712310791016,18.669056463486225,18.341456656897307,18.6136296777256,28146000
2018-11-01,19.017332077026367,19.377195004821925,18.507731520664326,18.62685953821506,36830000
2018-11-02,18.263687133789062,18.693869034157412,18.013850904486265,18.640924297756577,40241000
2018-11-05,18.207433700561523,18.290988050267444,17.679633656008217,18.118915288683965,27609000
2018-11-06,18.882492065429688,18.95777352125864,18.176828219005188,18.224810482478308,29464000
2018-11-07,19.39126205444336,19.464888287738486,18.961906921955755,19.191888507331797,29004000
2018-11-08,19.875211715698242,20.071274797767728,19.251448797512122,19.251448797512122,29796000
2018-11-09,19.77098274230957,19.77346477404277,19.237391678680723,19.44090092393758,33611000
2018-11-12,18.500289916992188,19.181961753924977,18.22315289467257,19.109989157040125,50306000
2018-11-13,18.59956169128418,19.012370995330873,18.391916812546587,18.654161646746022,26697000
2018-11-14,18.71289825439453,19.071106013738042,18.664915998721465,18.75922529660444,25411000
2018-11-15,19.5517520904541,19.797451091518088,18.68477053508871,18.71455175403691,36694000
2018-11-16,19.656818389892578,19.788355024064632,19.16376508307517,19.34328240355398,36005000
2018-11-19,18.955289840698242,19.94387996287108,18.90648076355328,19.567471138573126,35326000
2018-11-20,18.837812423706055,18.951149556835652,18.413421443495878,18.525930181084835,32123000
2018-11-21,19.027265548706055,19.301092200574203,18.821274262896623,19.045465011666238,19926000
2018-11-23,19.01898956298828,19.249797974115058,18.82706210334073,18.82706210334073,8066000
2018-11-26,19.46654510498047,19.70149077241845,19.155491166624117,19.37637304049956,28714000
2018-11-27,19.50956153869629,19.71968844944556,19.227462030871074,19.323424967673468,30406000
2018-11-28,19.459096908569336,19.689078488052047,19.161279978055138,19.56498796884642,31080000
2018-11-29,19.50542449951172,19.74119854389107,19.25558824059037,19.380507158999347,17920000
2018-11-30,19.640270233154297,19.71224283197011,19.307708006503628,19.473989908777277,40083000
2018-12-03,20.02577781677246,20.436931866391276,19.976140351003405,20.28471377607164,35241000
2018-12-04,19.196022033691406,19.94801269428985,19.157967908738822,19.89506638410268,36455000
2018-12-06,18.79893684387207,18.79976366175228,18.0022725699439,18.716209296846422,57859000
2018-12-07,18.908130645751953,19.71223759830196,18.57225808115463,19.362302822704542,78396000
2018-12-10,19.79248809814453,19.881006519889645,18.738543104905837,18.85767114292635,43344000
2018-12-11,20.420392990112305,20.709938660663386,20.137465019422756,20.140775447250483,57730000
2018-12-12,21.093788146972656,21.52479693362033,20.847262305141772,20.883661225495818,68703000
2018-12-13,21.368440628051758,21.633167476679052,21.060695587627702,21.381677601641716,54355000
2018-12-14,21.081378936767578,21.640615479465207,21.064833112794464,21.125223950189373,42727000
2018-12-17,21.023473739624023,21.618282485861087,20.93661051569926,21.011891976434054,56238000
2018-12-18,20.872150421142578,21.36705704116084,20.800256544033033,21.32442107638014,51849000
2018-12-19,20.38895034790039,21.3954822239403,20.274420499553052,20.816140766553314,59728000
2018-12-20,20.221755981445312,20.774346230536093,19.93417561361115,20.43159055030047,75365000
2018-12-21,20.474224090576172,21.04520555549959,20.22175515059575,20.22175515059575,102138000
2018-12-24,19.545440673828125,20.373071972717728,19.521197531084866,20.230953644017127,28494000
2018-12-26,20.74424934387207,20.774345983156998,19.520361335415416,19.878164533950027,36741000
2018-12-27,20.970802307128906,21.00257000721575,20.2426565803078,20.48174906423199,37507000
2018-12-28,21.19986343383789,21.573551272841982,20.996717899184354,21.150540025858128,28702000
2018-12-31,21.257549285888672,21.61033773914598,20.97916451536986,21.554326891699336,26590000
2019-01-02,21.193174362182617,21.292656700978068,20.606309884002364,20.80360350066912,30346000
2019-01-03,19.30802345275879,20.610494605280238,19.255356318230874,20.444968641967836,68580000
2019-01-04,19.497787475585938,19.766976576361046,19.367372969314236,19.58640313522293,54248000
2019-01-07,19.89488410949707,20.08381765038422,19.291299415278555,19.532900080164577,53433000
2019-01-08,19.735212326049805,20.22259455287509,19.50949468793905,20.072951658079894,36795000
2019-01-09,20.588754653930664,20.62219341294959,19.884014988803166,19.931665738625373,52971000
2019-01-10,20.859615325927734,20.94739386431804,20.42824559753887,20.52939900205121,29594000
2019-01-11,20.9473934173584,21.14385150867957,20.842894704021404,20.852091917438884,20158000
2019-01-14,20.972471237182617,21.031827379614214,20.556984618256013,20.741738883165723,25498000
2019-01-15,21.44229507446289,21.921317025249067,21.067771812388482,21.130470068901474,39247000
2019-01-16,21.041860580444336,21.514195202195655,21.01343659929723,21.501654272557936,24484000
2019-01-17,21.345327377319336,21.514197028554037,20.792737137071935,20.90476041571048,35154000
2019-01-18,21.804288864135742,21.897919323363592,21.48494075253432,21.663006050105025,34634000
2019-01-22,21.5927734375,21.690583100328535,21.309372406979346,21.568528708471977,37156000
2019-01-23,21.528406143188477,21.811805626803576,21.204877281212912,21.697275771854738,31771000
2019-01-24,22.032503128051758,22.30001951582066,21.735727235028346,21.826849466460466,35999000
2019-01-25,22.399507522583008,22.430438094063845,21.811805935638514,22.167938029077547,30333000
2019-01-28,22.372753143310547,22.475580783453374,21.62287100132739,21.866144283198604,31320000
2019-01-29,22.264080047607422,22.371086957514624,22.05591813080691,22.350187531682714,27870000
2019-01-30,22.640274047851562,22.885218421767295,22.351856576013486,22.57172227900336,28727000
2019-01-31,22.42542266845703,22.65531949991308,22.266584190832038,22.618535432851584,21063000
2019-02-01,22.305042266845703,22.53828284531294,22.144532707175987,22.5006648373882,22878000
2019-02-04,22.748952865600586,22.750625521169745,22.149549008951773,22.362725692467016,20761000
2019-02-05,22.571720123291016,22.9587827754076,22.564195566017588,22.735573377246812,22619000
2019-02-06,23.090869903564453,23.40770973221505,22.8016169291726,22.845088428372424,27064000
2019-02-07,22.495649337768555,22.953772018172394,22.262407155730223,22.81081656660814,28646000
2019-02-08,22.9111328125,22.930361174284485,22.32593941075611,22.34851148882404,23903000
2019-02-11,23.04991340637207,23.0733210209768,22.84593071471408,22.939562767657154,18012000
2019-02-12,23.356714248657227,23.440313532941875,23.161928825152515,23.294851511767497,19809000
2019-02-13,23.5180606842041,23.58828350828505,23.238004918303087,23.407710076498702,19190000
2019-02-14,23.533109664916992,23.64513293494388,23.31993299365224,23.457870464582655,16015000
2019-02-15,23.56905746459961,23.749630901926572,23.306555802140664,23.749630901926572,17352000
2019-02-19,23.546485900878906,23.644297179286774,23.42025064136676,23.50384992922249,15152000
2019-02-20,23.69361686706543,23.961970413539913,23.598315377640862,23.679406472309847,16150000
2019-02-21,23.48630142211914,23.68777434848777,23.31826726442934,23.6785787269642,13254000
2019-02-22,23.1151180267334,23.407714780393118,22.96129588827748,23.403535532915765,27225000
2019-02-25,23.290674209594727,23.477099560782992,23.280641465490614,23.472918719231657,19245000
2019-02-26,22.989713668823242,23.241347032289724,22.94373398636182,23.23465800579764,27211000
2019-02-27,22.696287155151367,22.998079523106956,22.53661311656743,22.84091367077106,29146000
2019-02-28,23.01981544494629,23.049074961526962,22.45719560146358,22.569217295079856,31460000
2019-03-01,22.801618576049805,23.253889306475934,22.66618929168225,23.217942361945095,19035000
2019-03-04,22.98052215576172,23.12180494436459,22.64361839369046,22.989717774991703,17382000
2019-03-05,23.157758712768555,23.444503621541774,22.95043227840335,23.03152340885678,21699000
2019-03-06,22.684579849243164,23.15106255631003,22.611848837366885,23.12849047808407,19973000
2019-03-07,22.19636344909668,22.599310785638995,22.076817213089814,22.5867698556216,25411000
2019-03-08,22.086009979248047,22.133660723587592,21.668850705586166,21.866144304121185,22167000
2019-03-11,22.49313735961914,22.61769995624724,22.07430700937004,22.144529832953314,27161000
2019-03-12,22.540790557861328,22.574230912457097,22.092700649040342,22.55165883255734,23324000
2019-03-13,22.672880172729492,22.829210498833625,22.489798516776432,22.61436114039619,32089000
2019-03-14,22.421245574951172,22.76065753938443,22.395329777045806,22.746445547338006,43094000
2019-03-15,24.267940521240234,25.042067355925653,23.700304486779252,23.94775700257871,144066000
2019-03-18,24.564722061157227,24.827222138825995,24.261257072141603,24.26292972762418,56746000
2019-03-19,25.022003173828125,25.161613276479162,24.587288222417005,24.591469063126393,51556000
2019-03-20,24.54714012145996,25.219374775979897,24.48472316990461,25.135028718113627,41263000
2019-03-21,25.0338134765625,25.25058198172937,24.544608296064375,24.6188319866945,27379000
2019-03-22,24.68377685546875,25.003446920976607,24.578344695165168,24.959587103679905,23307000
2019-03-25,24.642452239990234,24.812830359779536,24.375919701738454,24.645825825218626,23878000
2019-03-26,25.053218841552734,25.259023654774303,24.817051757349038,24.828860111559223,28009000
2019-03-27,24.96381187438965,25.192388780986665,24.667758431754297,25.098764946466318,21862000
2019-03-28,25.225278854370117,25.582061599892807,24.938503223992416,25.05996193295502,33030000
2019-03-29,25.363605499267578,25.528924029524482,25.15864533547207,25.406622326473805,24493000
2019-04-01,25.792083740234375,25.873054606604377,25.282635403158054,25.566037457371277,27040000
2019-04-02,25.56097984313965,25.92366682622689,25.523867185393872,25.823294212354725,22857000
2019-04-03,25.657974243164062,25.927880354506204,25.457230647812136,25.82835235529124,22266000
2019-04-04,25.472415924072266,25.809798586167325,25.444581029956115,25.704366403714655,15228000
2019-04-05,25.66472053527832,25.678216483890633,25.455543788774694,25.64110383178222,18875000
2019-04-08,25.68159294128418,25.750757071411343,25.47241617138457,25.65291505275499,13899000
2019-04-09,25.594715118408203,25.65038329588373,25.328182583562725,25.521334412134436,11621000
2019-04-10,25.93716049194336,25.95909121010198,25.5567609884605,25.60736959554925,14992000
2019-04-11,26.097412109375,26.1632010318103,25.829192020753137,25.99113695370239,16669000
2019-04-12,26.740129470825195,26.774711533451356,26.195256062244322,26.261046602395833,30087000
2019-04-15,26.686992645263672,26.781461074611627,26.414555933219777,26.740130231840244,16216000
2019-04-16,26.864118576049805,26.99147985867618,26.661688992617393,26.99063686459915,21116000
2019-04-17,27.035343170166016,27.069925234935884,26.80845226382281,27.010880252558525,18138000
2019-04-18,26.87424087524414,27.197284589711423,26.835442231496533,27.078358067324796,26548000
2019-04-22,26.56890869140625,26.812667512198143,26.50143216225496,26.7645911085752,13504000
2019-04-23,26.62289047241211,26.829538257193263,26.500590363834924,26.717358904500095,19777000
2019-04-24,26.51239776611328,26.738444060425476,26.41624334920941,26.533483880024487,23335000
2019-04-25,26.300683975219727,26.395995380513515,25.857869229358972,26.395995380513515,26732000
2019-04-26,26.181758880615234,26.227304687684605,25.734725923538956,26.07548372201955,16404000
2019-04-29,26.376596450805664,26.541070368809468,26.184289252397857,26.251765772829344,13404000
2019-04-30,26.855682373046875,26.857368361110787,26.360572994625564,26.42720652479655,18953000
2019-05-01,26.897857666015625,27.260544628271127,26.880145136720397,27.032810729817566,18158000
2019-05-02,26.63806915283203,27.175352329845335,26.503959107073154,26.988946090887115,20428000
2019-05-03,26.6287899017334,26.708076381477177,26.20537526053697,26.564688575027148,19214000
2019-05-06,26.279600143432617,26.309965624585132,25.754969893779467,25.8764286008551,14371000
2019-05-07,25.91860008239746,26.115125470788957,25.618328516920435,26.033310007728208,21734000
2019-05-08,25.589651107788086,25.949807406335548,25.56603440681888,25.750751436013914,15099000
2019-05-09,25.64616584777832,25.79714383450093,25.038032495439015,25.303722027179248,22282000
2019-05-10,25.63773536682129,25.75919410228631,25.02201174732771,25.576163004871933,21025000
2019-05-13,24.74535369873047,24.939350131632747,24.30844304298786,24.78246635358234,37864000
2019-05-14,25.472415924072266,25.69171344785848,24.92248130003523,24.94019382946644,34277000
2019-05-15,25.672317504882812,25.959093198616742,25.18648577923398,25.326500040456768,18166000
2019-05-16,25.075143814086914,25.565192010253945,24.856687702502903,25.282634568198365,34233000
2019-05-17,24.45098876953125,24.761381142980216,24.326156459577938,24.694747604144514,39094000
2019-05-20,22.991804122924805,23.61258877220348,22.658638089904564,23.448113240715895,65162000
2019-05-21,23.222911834716797,23.598250095142173,23.165556066116128,23.371359220329342,25060000
2019-05-22,22.70755958557129,23.200138370441653,22.68647186474956,22.813834748638385,31809000
2019-05-23,21.937482833862305,22.39294896550059,21.775537890375606,22.316194681409453,46607000
2019-05-24,21.58745002746582,22.41403794879428,21.57058049223036,22.15762777003847,27963000
2019-05-28,21.46430206298828,21.738426338333397,21.094024990661893,21.64058433581019,61965000
2019-05-29,21.433942794799805,21.623719447511554,21.21970483181982,21.31754524659018,28132000
2019-05-30,21.64480209350586,21.70552983591596,21.433937765510283,21.47948357231786,17310000
2019-05-31,21.224760055541992,21.570577435018894,21.17077948096013,21.342845176686513,22192000
2019-06-03,21.354658126831055,21.78903823413839,21.187653576745625,21.301518926050083,28911000
2019-06-04,22.410661697387695,22.43596599723053,21.572265522888767,21.673479504725627,36805000
2019-06-05,22.412353515625,22.90071420706759,22.132325002849147,22.689849828295664,23651000
2019-06-06,23.0086727142334,23.195077356731748,22.37523670137998,22.52199810156428,32687000
2019-06-07,23.184110641479492,23.43714879944896,23.050000594720064,23.176520478088367,25963000
2019-06-10,23.634521484375,24.01913755967875,23.340155653590607,23.34099864772826,23280000
2019-06-11,23.910329818725586,24.607868799661382,23.567043007234936,24.50159363145803,37105000
2019-06-12,23.594036102294922,23.88334237002221,23.39835366781472,23.757667061935237,27057000
2019-06-13,23.75260353088379,23.860566298155693,23.398351354334586,23.745013366584086,37735000
2019-06-14,22.43006134033203,22.612247790744103,21.716495865989675,21.77047804940964,100797000
2019-06-17,22.43343734741211,22.663701830480434,22.042917111108164,22.338125924314507,35785000
2019-06-18,23.452335357666016,23.87153350408964,22.474767809188577,22.61731265018725,54920000
2019-06-19,23.40509796142578,23.538363409020032,23.086270871240526,23.51390371268599,28920000
2019-06-20,23.53667640686035,24.07648856110095,23.37726206425296,23.828511588582295,57291000
2019-06-21,23.331457138061523,23.928389739168313,23.32890228484967,23.554560953535347,45399000
2019-06-24,23.77511215209961,23.796400430491186,23.417463552869933,23.461743886568684,20506000
2019-06-25,23.546043395996094,24.08847783162082,23.504317920054397,23.771703670457402,24436000
2019-06-26,23.965852737426758,24.18640328844057,23.68143736314473,23.722311759583476,24774000
2019-06-27,24.329465866088867,24.562789093497823,24.033128881735948,24.09273670914125,21813000
2019-06-28,24.512548446655273,24.6351716575386,24.25367993066523,24.512548446655273,49265000
2019-07-01,25.576128005981445,26.035962619233977,25.233806899341214,25.689382882364622,44832000
2019-07-02,25.14865493774414,25.603378241049008,25.026882795321306,25.450952730205838,19011000
2019-07-03,24.2596378326416,24.59088840409243,24.10039886718873,24.158304536150254,49411000
2019-07-05,24.069746017456055,24.306475171834233,24.010989267025288,24.154048051245265,24565000
2019-07-08,23.4140567779541,23.94456806263344,23.365517815814435,23.843234756697555,34291000
2019-07-09,23.46259117126465,23.500910715853475,23.196909212007608,23.28546986509329,26131000
2019-07-10,23.374889373779297,23.741052022258422,23.332311188473565,23.66100698291368,30134000
2019-07-11,23.507728576660156,23.626093161561915,23.242897644301475,23.437901332655322,20712000
2019-07-12,24.302215576171875,24.34819968309625,23.534975169939237,23.534975169939237,21971000
2019-07-15,24.55341911315918,25.077118472476155,24.462303607313626,24.788446086151126,30334000
2019-07-16,24.194921493530273,24.506585957152467,24.04675300884174,24.438462497247492,14617000
2019-07-17,24.275821685791016,24.46401352668284,24.114880532806836,24.31669609346081,15453000
2019-07-18,24.67604637145996,24.720326705248276,24.166821720798577,24.369489964588315,19357000
2019-07-19,24.694778442382812,24.963866360002832,24.654755116799638,24.850611490555757,22047000
2019-07-22,25.218481063842773,25.545474696405197,24.885528272112076,24.95024418845439,33905000
2019-07-23,25.612741470336914,25.74728623734904,25.47904940380864,25.503745234012406,19692000
2019-07-24,25.867355346679688,25.961876792044883,25.588899092680354,25.648508542923466,19006000
2019-07-25,25.579532623291016,25.727701113508406,25.49523058970143,25.727701113508406,15741000
2019-07-26,25.624666213989258,25.803491333263608,25.591456368358404,25.68172081648941,14996000
2019-07-29,25.694490432739258,25.763464969262333,25.287451823983105,25.65106117868104,12068000
2019-07-30,25.50885581970215,25.625518250874983,25.2993757136082,25.468834115540403,11164000
2019-07-31,24.693925857543945,25.616999276604343,24.411212615163965,25.54887581899597,20819000
2019-08-01,24.297956466674805,25.360682673959257,24.040790143580153,24.620691390921007,21911000
2019-08-02,23.718059539794922,24.170229596271028,23.49495409096543,24.01950624411233,20080000
2019-08-05,22.79243278503418,23.18244018611629,22.487580129130954,23.15774435174133,27765000
2019-08-06,22.68854522705078,23.17733276546632,22.528455134901908,23.00276625151558,22199000
2019-08-07,22.995952606201172,23.223315098267122,22.395613952739065,22.48332355945797,22244000
2019-08-08,23.075143814086914,23.209688600057543,22.353034713633043,23.024051618086553,29163000
2019-08-09,23.47962760925293,23.89007220239384,22.95592813405606,22.95592813405606,30735000
2019-08-12,23.471960067749023,23.69080686797498,23.207981860553605,23.27951125066175,20040000
2019-08-13,24.158306121826172,24.311582691001767,23.16455271805549,23.443008968907677,22340000
2019-08-14,23.124530792236328,23.856006508848257,23.024048566378713,23.740196788641267,27108000
2019-08-15,22.875879287719727,23.228418142300654,22.553144344504858,23.161998461025252,20010000
2019-08-16,23.31357765197754,23.481332290491817,23.16029943398006,23.17477585449686,17458000
2019-08-19,23.73934555053711,23.849194487515547,23.469406563993864,23.80065715170812,17489000
2019-08-20,23.874738693237305,24.265597061128034,23.588619544331024,23.68654690535308,17920000
2019-08-21,24.481889724731445,24.5466072499132,24.188107632743524,24.238348741172157,19381000
2019-08-22,24.492111206054688,24.64453833096864,24.230687837227965,24.557681441540804,12294000
2019-08-23,23.173065185546875,24.309877214802693,23.08109860693838,24.182997022048564,25742000
2019-08-26,23.606504440307617,23.668667117456966,23.41746155579982,23.58351238696123,14249000
2019-08-27,23.465999603271484,23.86196773152682,23.409797706826044,23.770853840049313,14298000
2019-08-28,23.507728576660156,23.537532491981352,23.03171538371251,23.36041115282022,17202000
2019-08-29,24.13020133972168,24.310728570053747,23.93264284021704,23.97011130755845,16429000
2019-08-30,24.06804084777832,24.34564438849469,23.834717636404385,24.299660282404275,16720000
2019-09-03,23.336563110351562,23.915611646320553,23.07088115751161,23.84323118839614,22210000
2019-09-04,24.100399017333984,24.213653878824008,23.689954498725648,23.74019560915833,19865000
2019-09-05,24.781631469726562,25.00814279754388,24.55512176610044,24.55512176610044,20938000
2019-09-06,24.857425689697266,24.97579027657326,24.635172935655824,24.852315982930815,13748000
2019-09-09,24.917028427124023,25.307886806824175,24.728838257745025,25.120547713668383,21686000
2019-09-10,25.07286262512207,25.073713701384893,24.594294646418493,24.80973550688052,20850000
2019-09-11,25.376863479614258,25.442432082347935,25.082228681241702,25.23295200958162,19260000
2019-09-12,25.595712661743164,25.744732227372722,25.245727015306606,25.668093129565676,33109000
2019-09-13,24.722026824951172,25.375161288570183,24.17448429264972,25.34620845266809,62557000
2019-09-16,24.580665588378906,24.717765182955354,24.328608996433253,24.422279345302627,22176000
2019-09-17,24.59514617919922,24.635169502973543,24.162562297720203,24.526171644229485,21912000
2019-09-18,24.502328872680664,24.759495217228263,24.173633139091624,24.56619532671989,16510000
2019-09-19,24.749277114868164,24.860829834172467,24.45890091349572,24.567047703264176,19421000
2019-09-20,24.428728103637695,24.784510922653762,24.21903826148585,24.721776243276636,35524000
2019-09-23,24.531848907470703,24.67794350058384,24.24137917538591,24.373723052776597,14850000
2019-09-24,24.261146545410156,24.827476410246696,24.041144919388447,24.691695257981273,20292000
2019-09-25,23.69911766052246,23.8228692234759,23.203255779210405,23.353646596198647,55588000
2019-09-26,23.79708480834961,23.94747560998267,23.433566883103065,23.655286361835465,27477000
2019-09-27,23.559038162231445,24.172635961003728,23.457631316569334,23.77302421090919,28660000
2019-09-30,23.724895477294922,23.7807556162771,23.4180966254086,23.700832950804752,19826000
2019-10-01,23.620054244995117,24.03255615416098,23.493724326449623,23.913961322556307,19429000
2019-10-02,23.20927619934082,23.52982425215778,23.05888535133098,23.500606629642515,19543000
2019-10-03,23.58395767211914,23.589973303763145,22.964344334513292,23.203251785024726,17096000
2019-10-04,24.18552589416504,24.208729516396403,23.650132963036704,23.932869329405047,25884000
2019-10-07,23.725753784179688,24.150286895767042,23.69309726489323,24.06348969324855,18658000
2019-10-08,23.231611251831055,23.62434674826503,23.109579169167883,23.552159171259483,22757000
2019-10-09,23.473957061767578,23.625206761868522,23.37684640781868,23.5195037533243,16329000
2019-10-10,23.585676193237305,23.957788097814422,23.51692588108589,23.595129094798406,17340000
2019-10-11,24.14083480834961,24.413259327163363,23.984428384852567,24.01880272049663,23697000
2019-10-14,24.20528793334961,24.290365680856134,24.05231878587444,24.098724382931646,13312000
2019-10-15,24.949512481689453,24.97529446421023,24.251695890506905,24.289509137043357,21230000
2019-10-16,24.7913875579834,24.930607646384548,24.624667670640637,24.836075345939843,20046000
2019-10-17,24.873031616210938,25.068969133118088,24.777640400654846,24.934046851070033,13125000
2019-10-18,24.6409969329834,24.916857110409683,24.40638563470417,24.87904550126348,16981000
2019-10-21,24.88505744934082,25.085292739693198,24.669351987569673,24.78794680029387,13031000
2019-10-22,24.7037353515625,24.995924654572015,24.684829544132192,24.88678271008207,13046000
2019-10-23,24.090131759643555,24.366852459948795,23.956068406403936,24.31700795141264,20957000
2019-10-24,24.261146545410156,24.363412273162727,23.950910453724415,24.3109894088418,16896000
2019-10-25,24.906543731689453,25.03974654130122,24.339353238851782,24.34279050863614,20869000
2019-10-28,25.055217742919922,25.135138776314207,24.777638117009186,25.02170067308838,12999000
2019-10-29,24.763885498046875,25.23998258764048,24.756150411955378,25.117950499395945,13272000
2019-10-30,24.942638397216797,25.005373080605843,24.62294934815395,24.922872046343112,17281000
2019-10-31,25.166934967041016,25.27263961673526,24.732948929696153,24.904823890200262,27881000
2019-11-01,25.488344192504883,25.488344192504883,25.10162265168196,25.178966959846544,21234000
2019-11-04,26.21108627319336,26.25061734106662,25.704052014154723,25.74014581166557,34075000
2019-11-05,26.987960815429688,27.22343100876044,26.165535412816823,26.21108210636791,38711000
2019-11-06,26.912330627441406,27.008580719757017,26.529906980677605,26.817798350124892,18076000
2019-11-07,26.79030418395996,27.45718371021967,26.696632433608077,27.12030667723334,23981000
2019-11-08,26.933820724487305,26.95014980539595,26.222255043574776,26.629600210686647,17830000
2019-11-11,26.87710189819336,26.919211323213553,26.712960375729477,26.743899083291026,9154000
2019-11-12,27.116008758544922,27.19077470483652,26.920930172045413,26.984523761992907,16875000
2019-11-13,26.95616340637207,27.131475631618898,26.81264715458428,26.85389602931862,12625000
2019-11-14,26.55225372314453,26.798896257962905,26.30647173508121,26.705224514322833,17268000
2019-11-15,26.89084815979004,26.90373832964096,26.647642912910534,26.83584693276211,18120000
2019-11-18,26.732723236083984,26.93381743286056,26.471471086568258,26.79717572674244,15850000
2019-11-19,27.302492141723633,27.987418490051976,27.212257670981238,27.212257670981238,31743000
2019-11-20,26.784284591674805,27.227725120329865,26.55483006152958,27.147802461221023,19927000
2019-11-21,27.091947555541992,27.130619711662632,26.623585504363945,26.73874306500717,19317000
2019-11-22,27.06358528137207,27.455461876374713,26.959600091325548,27.211397707211464,13216000
2019-11-25,27.467493057250977,27.515619748337294,27.179601653155856,27.208819263884838,19636000
2019-11-26,27.17960548400879,27.515623626550596,27.160698040123176,27.414215145330708,30793000
2019-11-27,27.3660888671875,27.494995502925672,27.196790622305986,27.323120534987044,20182000
2019-11-29,27.17444610595703,27.31022727424646,27.07046091171879,27.22944569938489,9229000
2019-12-02,26.702648162841797,27.32225990363587,26.688897444229053,27.304213007471095,23158000
2019-12-03,26.34170913696289,26.55483462541235,26.050378791069654,26.28155281518832,18736000
2019-12-04,26.61670684814453,26.758503639233844,26.394126848158304,26.619285210038754,14439000
2019-12-05,26.7430362701416,26.852178186348652,26.559988959056675,26.691473947424395,15494000
2019-12-06,27.160694122314453,27.185617194946616,26.817801489167813,27.039522585237176,16937000
2019-12-09,27.017175674438477,27.255224191207486,26.979362434337776,27.156395733736794,24694000
2019-12-10,27.075613021850586,27.148659498093103,26.92006553038864,27.079050290961987,14563000
2019-12-11,27.476085662841797,27.616162995327475,27.08592690392434,27.08592690392434,20829000
2019-12-12,28.170467376708984,28.3732810517507,27.45116825125068,27.47694859490516,38935000
2019-12-13,27.106552124023438,27.480381804003773,26.694050295139164,27.333428293823445,70952000
2019-12-16,27.769140243530273,28.153281821588884,27.287887997120592,27.32570124732214,37921000
2019-12-17,27.82671356201172,27.925540384426778,27.650539162868046,27.821556838344936,20248000
2019-12-18,28.1395320892334,28.462658426140393,27.805233395162887,27.87827989232176,35155000
2019-12-19,27.852495193481445,28.295934110107588,27.81897812722987,28.291639572080438,31787000
2019-12-20,27.6919002532959,27.993127391266736,27.510470877713708,27.993127391266736,50540000
2019-12-23,27.73790740966797,27.980973357835342,27.57123565083381,27.825585467318785,20254000
2019-12-24,27.822114944458008,27.83774182068779,27.692770173935195,27.7787113702381,7024000
2019-12-26,27.603355407714844,27.929754752351446,27.502656610248632,27.888954006401853,15848000
2019-12-27,27.477487564086914,27.72228711555373,27.363768007012844,27.717947420159142,14487000
2019-12-30,27.210983276367188,27.54693129638964,27.1493483494068,27.476616979580324,13104000
2019-12-31,27.433210372924805,27.462725595296284,27.153688335409196,27.181466686454094,12487000
2020-01-02,27.986183166503906,27.995733476428367,27.546065875943807,27.719681834291443,20329000
2020-01-03,27.274351119995117,27.778707739304135,27.264802467374054,27.562554192854552,22870000
2020-01-06,27.233549118041992,27.250911206955482,26.878502181738803,26.9844082749272,20789000
2020-01-07,27.13979721069336,27.48182342147374,27.105942295014284,27.36636701587793,18565000
2020-01-08,26.801244735717773,27.213585256765388,26.77259712233034,27.169312425048442,31979000
2020-01-09,26.585960388183594,27.170181657265427,26.307305953383718,27.112020474996,42397000
2020-01-10,25.974828720092773,26.524325780196378,25.938367669330912,26.515644735323555,40705000
2020-01-13,26.144977569580078,26.372415028132085,26.013895919363897,26.044280410106584,22054000
2020-01-14,26.75263786315918,26.83684219412215,26.180569639671457,26.216161434118128,28911000
2020-01-15,26.315120697021484,26.726593681226174,26.103308465961668,26.677113538698528,22733000
2020-01-16,26.654541015625,26.724855334213938,26.408004613024016,26.47658371589531,21508000
2020-01-17,26.805583953857422,26.818604692943943,26.395847919103183,26.794298430254454,26896000
2020-01-21,26.743085861206055,26.86809093783243,26.59203930208769,26.719648858111317,21967000
2020-01-22,27.1684513092041,27.59815236677287,26.954032928661583,26.980076069260452,29264000
2020-01-23,27.748327255249023,27.761347995765433,26.98180897713232,27.36029296160658,30266000
2020-01-24,28.125946044921875,28.783953754478397,27.84555306642974,28.69019912186742,55782000
2020-01-27,26.826417922973633,27.76829056214826,26.792563008165757,27.467065104077786,38843000
2020-01-28,27.632001876831055,27.711866498909483,27.151083895991608,27.21705851465725,23166000
2020-01-29,27.562557220458984,28.250080153576558,27.530439172272857,27.849894372857197,23668000
2020-01-30,27.362028121948242,27.38980647265821,26.78822313116961,27.285635587820774,21128000
2020-01-31,26.490468978881836,27.308204141119358,26.356782884242826,27.271744748692324,22123000
2020-02-03,26.496551513671875,26.615478369704427,26.358525693679596,26.53127404277456,21288000
2020-02-04,27.049516677856445,27.307338578747018,26.880240441554964,27.06601115989834,22559000
2020-02-05,27.551273345947266,27.762217957466394,27.419324098830405,27.561689607474296,24825000
2020-02-06,27.75179672241211,27.768291204199862,27.27782293692291,27.678010325464776,22683000
2020-02-07,27.3646297454834,27.650228315785675,27.333377655423366,27.63286788324107,15883000
2020-02-10,27.275222778320312,27.309945307166178,26.936670257306925,27.1163627797453,19218000
2020-02-11,27.7925968170166,27.84728591088931,27.432342552537964,27.487900909937256,15527000
2020-02-12,28.18671417236328,28.22056743927883,27.920209519316547,27.955801313585194,15310000
2020-02-13,28.123340606689453,28.25268703366465,27.861180632691873,27.907187030796493,13857000
2020-02-14,27.58512306213379,28.273513473129555,27.526960231756988,28.1988594735842,19137000
2020-02-18,26.97573471069336,27.345537681105334,26.741351426974024,27.344670073194308,26693000
2020-02-19,27.404563903808594,27.503525829819655,27.058197990639894,27.171048264044767,20525000
2020-02-20,26.844654083251953,27.404569174825347,26.573811388098115,27.254390213498986,25521000
2020-02-21,26.433177947998047,26.86287891754626,26.241330659754226,26.78041147281985,24522000
2020-02-24,25.3133487701416,25.93836913463321,25.17966431417609,25.539050982365264,36849000
2020-02-25,24.539016723632812,25.6718674633608,24.399255703485895,25.531237179671923,31892000
2020-02-26,24.816808700561523,25.018204686995837,24.653608989961086,24.683991826735614,23074000
2020-02-27,23.781179428100586,24.7673233141597,23.745587639482682,24.332413380558663,34837000
2020-02-28,23.665721893310547,23.796803517217626,22.808055198972284,22.859272204230948,44586000
2020-03-02,24.737808227539062,24.77513688769908,23.538115258920588,24.025111466426704,31976000
2020-03-03,23.807222366333008,25.042507192647168,23.574575970107794,24.71003125406092,29930000
2020-03-04,24.779476165771484,24.80291482198525,23.85236107956513,24.092820896223305,23477000
2020-03-05,23.788990020751953,24.57460718725453,23.65096587939156,24.068513701713112,24374000
2020-03-06,23.390539169311523,23.519016312050343,22.787220640138628,23.176122499325903,30169000
2020-03-09,21.50419044494629,22.59363750919439,21.202964992723388,21.79586724504874,43934000
2020-03-10,22.82194709777832,22.88965693475019,21.129181304599996,22.27418521275715,55071000
2020-03-11,21.352279663085938,22.26550481540201,21.050186555666365,22.038934984837333,36030000
2020-03-12,18.991954803466797,21.073620608146403,18.778405743573355,19.704651507018134,64281000
2020-03-13,20.332279205322266,20.353980990173167,17.462389941821073,19.57617723224775,84714000
2020-03-16,16.283533096313477,18.993693437191755,15.645491936485476,18.071788857979268,76935000
2020-03-17,17.31916046142578,17.362564040210227,15.754003965174643,16.65160235937515,70662000
2020-03-18,14.572537422180176,16.27485012971994,13.5134739295093,16.116859414017767,98993000
2020-03-19,16.87990379333496,18.010149916068134,14.323395061001808,14.55256932899416,74438000
2020-03-20,16.969955444335938,18.42311041938245,16.589451510978066,17.833373777219276,74044000
2020-03-23,17.080312728881836,17.30102282115859,15.69248722410015,17.02822513363345,46921000
2020-03-24,18.783309936523438,19.30860100768391,17.770692649341694,18.154727719301857,62970000
2020-03-25,19.206192016601562,21.541305261166634,18.470787491165577,18.732990185430957,64442000
2020-03-26,21.468021392822266,21.61192441792019,19.95483458346666,19.95483458346666,60213000
2020-03-27,20.366243362426758,21.372680778738076,20.305327165393393,20.570178585301342,39448000
2020-03-30,21.197874069213867,21.30822908541533,20.167599799609878,20.49954720338531,52343000
2020-03-31,20.93214225769043,22.310256663996203,20.840328471509082,21.01159801770424,50191000
2020-04-01,19.742958068847656,20.694659115118913,19.39423575200724,20.127875476808455,41858000
2020-04-02,20.928617477416992,21.007190905854223,19.550504338511683,19.63437358436855,45049000
2020-04-03,20.681419372558594,21.41329278502412,20.353885333960413,20.89153446803536,28960000
2020-04-06,22.286418914794922,22.372054527204718,21.502458022023344,21.59250709479428,38868000
2020-04-07,22.359691619873047,23.4394047189557,22.294361975789247,23.116285919213542,45892000
2020-04-08,23.050960540771484,23.148071827756723,22.392361427623126,22.668690196273772,27565000
2020-04-09,22.45063018798828,23.615979171123147,22.186661114072454,23.46501389009984,34828000
2020-04-13,22.94678497314453,23.088039282639667,22.31820279072592,22.38000134064452,25729000
2020-04-14,23.627456665039062,23.6936686808097,23.158668319002647,23.4941469103398,23094000
2020-04-15,22.72783660888672,23.158663374587746,22.614832839458845,23.04212850047212,25926000
2020-04-16,22.802879333496094,23.109224982470863,22.433851102493893,23.109224982470863,26896000
2020-04-17,23.472957611083984,23.609798465495903,22.860266219674372,23.238123112144887,34089000
2020-04-20,22.801998138427734,23.418220617992272,22.76933415245524,22.953847449028196,23801000
2020-04-21,21.863536834716797,22.493885352012676,21.78849622659702,22.47357939443893,29138000
2020-04-22,22.951202392578125,23.149841825783724,22.136340380642494,22.492124965588406,35438000
2020-04-23,22.859384536743164,23.412926142024535,22.82318775961937,22.97591943428826,21659000
2020-04-24,23.378498077392578,23.40145110669534,22.854973341913354,22.937077865115867,23373000
2020-04-27,23.699848175048828,23.944395324911866,23.337883772590217,23.337883772590217,16588000
2020-04-28,23.371427536010742,24.40258589593725,23.31757524187304,24.21100872960911,18988000
2020-04-29,24.36815643310547,24.453792046831083,23.768708820910348,23.932033798928448,28871000
2020-04-30,23.979705810546875,24.194236003574126,23.730743556900315,24.148328273299075,23379000
2020-05-01,22.92736053466797,23.6468758051469,22.794934834820616,23.483550831464637,26836000
2020-05-04,23.153369903564453,23.168378364011367,22.540678510725662,22.884103338642987,17046000
2020-05-05,23.383792877197266,23.743108550646152,23.281384079427315,23.53211109934527,26462000
2020-05-06,23.3228759765625,23.879066346163512,23.273437131955184,23.689255534112224,22727000
2020-05-07,23.638046264648438,23.878179919650826,23.48354990159144,23.83668564849605,18238000
2020-05-08,24.28076171875,24.326669463685157,23.839341482962237,24.03091703008738,16757000
2020-05-11,24.313425064086914,24.43172467907485,23.991186841042232,24.13420756297978,20851000
2020-05-12,23.699848175048828,24.518241205598617,23.67954389809777,24.417598808450588,18764000
2020-05-13,23.231945037841797,23.86582479349099,22.897348790252487,23.842870081495132,21927000
2020-05-14,23.536523818969727,23.56742309680132,22.490358465809507,23.038602584296896,19912000
2020-05-15,22.990047454833984,23.312284002624146,22.66869326249567,22.90264543245242,21650000
2020-05-18,24.148330688476562,24.430839307998212,23.660118775432956,23.71485511514501,26531000
2020-05-19,24.008838653564453,24.369038285629845,23.978821736911666,24.148328238534923,18702000
2020-05-20,24.602998733520508,24.835186212816225,24.373460004695694,24.45203342775569,18605000
2020-05-21,24.260452270507812,24.675388310241843,24.247210204179048,24.624183071814663,14847000
2020-05-22,24.42378044128418,24.476750393725013,23.881716153523563,24.16687356192528,17452000
2020-05-26,24.897857666015625,25.34545759605973,24.842238978928577,25.1609443276295,23573000
2020-05-27,25.389602661132812,25.408142224989998,24.71952624482864,24.986144032596798,22812000
2020-05-28,24.99673843383789,25.540569031719635,24.934057529658606,25.160947449896227,18543000
2020-05-29,25.71449089050293,25.77893819389055,24.88815161789248,24.975553631905864,27300000
2020-06-01,25.601486206054688,25.699481532708443,25.370181132673924,25.63944769213762,18444000
2020-06-02,26.31393814086914,26.336892851144654,25.61031531431429,25.693302182456026,31847000
2020-06-03,27.32655143737793,27.443086314738064,26.53023089800636,26.577903338444223,31926000
2020-06-04,27.270050048828125,27.632896740247382,26.670600817004935,26.992838961955037,34997000
2020-06-05,27.993101119995117,28.96687456193299,27.817416421110988,28.224404516742272,50958000
2020-06-08,28.031946182250977,28.148481076000863,27.664684290703633,28.030179787667507,23916000
2020-06-09,27.837722778320312,28.152014751553626,27.506657632491798,27.544620806486265,22335000
2020-06-10,27.81300163269043,28.18114589039899,27.782984711079692,27.955139990711533,25914000
2020-06-11,25.93343162536621,27.240034755039712,25.902532352182888,27.15793025034512,45115000
2020-06-12,26.507282257080078,26.83393394086106,25.843387256620126,26.734172209375938,39439000
2020-06-15,26.846288681030273,27.081123156455558,25.81513026369408,26.043786568387,29824000
2020-06-16,27.431610107421875,27.76973737940637,26.83834073400866,27.368045170866747,30387000
2020-06-17,27.671749114990234,27.960437626699804,27.526081325986024,27.669982720239922,20279000
2020-06-18,28.13700294494629,28.17319971989301,27.502240902043376,27.55521084759134,33625000
2020-06-19,27.00513458251953,28.37247100193616,27.00513458251953,28.33500986999862,58465000
2020-06-22,27.96575164794922,28.02283479705853,27.07292451406486,27.248634592523644,27195000
2020-06-23,27.765958786010742,28.313607615159114,27.765067340227333,28.101327834904406,22419000
2020-06-24,27.379749298095703,27.73652322046736,27.16033286799826,27.578650568429275,19096000
2020-06-25,27.54743194580078,27.60362364512395,27.02564872122587,27.298582505588985,15029000
2020-06-26,27.418994903564453,28.165544995838054,27.039031462431485,27.968428306782716,31425000
2020-06-29,27.630382537841797,27.68657423759521,27.154980002894998,27.47786026567429,14516000
2020-06-30,28.15038299560547,28.280605524448465,27.36012656028359,27.645547409597413,25125000
2020-07-01,27.893503189086914,28.2609795472692,27.823039853440903,28.105782940454866,15661000
2020-07-02,28.137895584106445,28.48664139937021,28.065647651060818,28.34125578878939,16638000
2020-07-06,28.434017181396484,28.630242417843863,28.304686099968023,28.541941656873846,17561000
2020-07-07,27.928293228149414,28.37782860010368,27.877451895461252,28.304689213289908,16150000
2020-07-08,28.503583908081055,28.527664846831684,28.017478984323468,28.197649658948983,18023000
2020-07-09,28.675735473632812,28.928150730029927,28.11827393350757,28.542835197099894,25225000
2020-07-10,28.49199104309082,28.80862777300551,28.13521714310017,28.712300606301792,13280000
2020-07-13,27.766849517822266,28.856795004148577,27.701738255416437,28.691785682020942,21549000
2020-07-14,28.10310935974121,28.2047903147741,27.220984671615092,27.5599211883914,18363000
2020-07-15,27.98716163635254,28.3430441686408,27.665172759578994,28.18071086026005,15253000
2020-07-16,27.769521713256836,27.99607308115075,27.587566441736485,27.7044104598615,12929000
2020-07-17,27.8917179107666,28.11470180952604,27.650003446170512,28.02015753470261,13354000
2020-07-20,28.285953521728516,28.332334214453574,27.673193510362655,27.815011626745527,14323000
2020-07-21,28.0371036529541,28.473260446989116,27.888150571131124,28.473260446989116,14312000
2020-07-22,27.988941192626953,28.15662655853573,27.683008584843666,28.09686566966173,14404000
2020-07-23,27.620574951171875,28.193197909137265,27.50551549207417,27.950591944237186,19417000
2020-07-24,27.27450180053711,27.731172096617264,27.13089907972044,27.345856587463143,15631000
2020-07-27,27.88904571533203,27.91401980655531,27.426131880705988,27.498378115854422,20646000
2020-07-28,27.41364288330078,27.838204105101028,27.30750130192653,27.75525372177287,13974000
2020-07-29,27.54743194580078,27.759711698799414,27.42166835595927,27.518890373304725,16562000
2020-07-30,27.837310791015625,27.91134161320708,27.29323120191826,27.29323120191826,21259000
2020-07-31,28.25206184387207,28.399232046936188,27.77487639352913,28.069215098425076,24719000
2020-08-03,28.65164566040039,28.85322123677969,28.299330722054783,28.363548827324227,20796000
2020-08-04,29.29027557373047,29.308114695109847,28.57672773087791,28.58653703603464,25258000
2020-08-05,29.392845153808594,29.574802143498513,29.059264144305818,29.277787418602447,22299000
2020-08-06,29.358951568603516,29.512365276118917,29.024475729627408,29.23497257872913,14193000
2020-08-07,29.070858001708984,29.409794509502323,28.673946900166808,29.29027613667437,14192000
2020-08-10,29.19840431213379,29.368762299552866,28.904063926353178,28.91833726429128,11989000
2020-08-11,28.901390075683594,29.729999037121445,28.788115230717885,29.217135369987716,19316000
2020-08-12,29.758543014526367,29.958339154409735,29.020021001236664,29.06372566254696,18471000
2020-08-13,29.382144927978516,29.738025695330155,29.242109699316615,29.630994371666684,15095000
2020-08-14,29.239431381225586,29.42049350136631,29.07709642277338,29.257267097354077,10140000
2020-08-17,29.46242332458496,29.59353730954177,29.344687831618554,29.390175384878905,10594000
2020-08-18,29.31256866455078,29.717509529664692,29.26797256729291,29.599774063622572,8857000
2020-08-19,29.363412857055664,29.70948089925476,29.276894995889826,29.38660065097753,11273000
2020-08-20,29.32952308654785,29.432988641864426,29.082456499887403,29.22784382530676,8910000
2020-08-21,29.43566131591797,29.474908746387083,28.98791056949287,29.282250986920012,11508000
2020-08-24,29.790653228759766,29.98598531998012,29.535556846534764,29.61315685706382,11996000
2020-08-25,29.981525421142578,30.066260402043913,29.70145834425005,29.87984616603274,11140000
2020-08-26,30.296375274658203,30.46049313769692,29.7469453477692,29.856651002541813,14844000
2020-08-27,30.249107360839844,30.441765110059766,29.981523940151224,30.369517178178093,12552000
2020-08-28,30.755725860595703,30.755725860595703,30.120669429582822,30.236622024937066,14589000
2020-08-31,30.963544845581055,31.269477426127366,30.639773144534225,30.639773144534225,22229000
2020-09-01,32.06865310668945,32.29431475892165,30.987628894517076,31.217747775228446,29205000
2020-09-02,33.4484748840332,33.80078983788036,32.428099707020976,32.63235303154413,37053000
2020-09-03,31.40416145324707,32.90350503826661,31.232017167940175,32.64573773561085,41795000
2020-09-04,32.372802734375,33.22727724909488,31.529923818602956,32.19620121800517,58514000
2020-09-08,31.265914916992188,32.35496900995103,31.217749626844395,31.455003489659145,26685000
2020-09-09,32.11236572265625,32.274700746076924,31.3158690033957,31.767189017263274,26273000
2020-09-10,31.8492374420166,32.80806891881845,31.609305860782644,32.29966588506573,22851000
2020-09-11,32.08293151855469,32.49054342619928,31.635177328533853,32.15428461261403,17362000
2020-09-14,32.30591583251953,32.6350396806743,32.05171426508519,32.50303424356665,16447000
2020-09-15,32.726009368896484,33.101512117084695,32.58686559760603,32.67160056472224,16618000
2020-09-16,32.73760986328125,33.18001197367688,32.67606607618936,32.83929253009025,18498000
2020-09-17,32.6377067565918,33.01232147931031,31.663713921466567,31.663713921466567,22862000
2020-09-18,32.08560562133789,32.80896627809942,31.668181007612173,32.744748153669306,35295000
2020-09-21,31.663469314575195,31.678768920956845,30.91551221103134,31.50325606659931,24198000
2020-09-22,32.545536041259766,32.564437373424234,31.767875836731793,32.07570145596396,19500000
2020-09-23,31.64546775817871,32.511330720743494,31.50685799301411,32.418626641985895,15542000
2020-09-24,31.729175567626953,32.1837105741921,31.42045378979064,31.520361327926445,13611000
2020-09-25,32.114402770996094,32.197208114269465,31.34754433072255,31.686872160484285,18183000
2020-09-28,33.059471130371094,33.161177800173974,32.315115784122504,32.5536330664757,22192000
2020-09-29,32.785858154296875,33.3745051389095,32.76155594681632,33.07658163748432,13722000
2020-09-30,32.791259765625,33.392504220594894,32.55634414382532,32.667949579254056,22403000
2020-10-01,33.176490783691406,33.36640372023699,32.8362632960714,33.210691730338255,16016000
2020-10-02,32.11710739135742,32.845263729275935,32.05590552068244,32.40242999742145,17100000
2020-10-05,32.95146942138672,33.01897516586576,32.39342857176388,32.47803307050291,18923000
2020-10-06,32.76065444946289,33.482510312786836,32.58424199580239,32.952369945279194,16672000
2020-10-07,33.009071350097656,33.28989262368201,32.94786605326171,33.153981568484326,12747000
2020-10-08,33.60221862792969,33.68862570832888,33.150385752136486,33.29259382874674,17045000
2020-10-09,33.90554428100586,34.20256823214748,33.662529054507715,33.83623937910322,17253000
2020-10-12,34.421287536621094,34.661604063554165,34.18366972940127,34.363683948034456,18839000
2020-10-13,34.336669921875,34.904612922280386,34.0774521294306,34.599492873227256,16731000
2020-10-14,34.22956466674805,34.53918946849191,34.00904909873811,34.521187707136114,17298000
2020-10-15,34.196266174316406,34.24666973696021,33.75433199457725,33.757034147424704,14361000
2020-10-16,34.081050872802734,34.49777973821055,34.03604475963194,34.49777973821055,10295000
2020-10-19,33.821834564208984,34.527487808302695,33.76603013460688,34.31417226026111,14803000
2020-10-20,33.931640625,34.30516597038376,33.802929591509475,33.93343977087855,13297000
2020-10-21,33.48701095581055,33.91994249062904,33.330395979093645,33.821834095296275,11896000
2020-10-22,33.605812072753906,33.690416552745596,33.042367042922486,33.39969659292837,13547000
2020-10-23,33.54731369018555,33.65712340323678,33.37090123766311,33.59591810197822,8868000
2020-10-26,32.67604446411133,33.2988888191206,32.18730857292188,33.266487027649546,15509000
2020-10-27,32.36642074584961,32.868660546831954,32.33221980750944,32.868660546831954,9620000
2020-10-28,31.25124168395996,31.93979271508525,31.100031015710446,31.862388234953166,22331000
2020-10-29,31.953289031982422,32.35201956390432,31.085623514627844,31.255738927825146,15697000
2020-10-30,31.46906280517578,31.771484182828818,31.000127695097227,31.447459316209013,18530000
2020-11-02,31.614858627319336,31.987487745683417,31.353838329918904,31.955985532789136,11757000
2020-11-03,31.840787887573242,32.334025187496195,31.201740776534567,32.03790426631799,15457000
2020-11-04,32.819156646728516,33.21068374341683,32.14500571254896,32.44562787542992,21277000
2020-11-05,34.28086853027344,34.44107835679081,33.48340738912931,33.51490961064829,21783000
2020-11-06,34.258365631103516,34.53288646282309,33.94784127934227,34.2070625034607,13545000
2020-11-09,33.80113983154297,35.452763073640064,33.75343498463881,35.02163060558083,24088000
2020-11-10,32.684146881103516,33.59051471523376,32.43482782955952,33.33129692755622,26784000
2020-11-11,33.83534240722656,33.945152144311386,33.17199298552724,33.3799077072198,15133000
2020-11-12,33.320491790771484,34.076548458585,33.147677660933795,33.953238304826144,12160000
2020-11-13,33.617523193359375,33.96225199274792,33.444712440565354,33.75253470557583,10997000
2020-11-16,34.27546691894531,34.32587047228748,33.662521255277554,33.735424432942004,12100000
2020-11-17,34.256568908691406,34.42217961902408,33.935242791487916,34.08195560096909,11950000
2020-11-18,34.258365631103516,34.64719403379651,34.168360264483994,34.19265903535324,13517000
2020-11-19,34.59228515625,34.638190840682036,33.69402044006267,33.99734130573918,14555000
2020-11-20,34.50228500366211,34.99912055012472,34.4455810027096,34.590491227366,16140000
2020-11-23,34.832611083984375,35.026125723530924,34.47258272973992,34.68589827640779,12212000
2020-11-24,35.3033447265625,35.355547429365714,34.75880433873815,34.97842032659674,13455000
2020-11-25,35.177337646484375,35.597668310061934,35.01262650547799,35.3582514030667,11787000
2020-11-27,35.548160552978516,35.92798978755321,35.3726476868724,35.38614814834447,6846000
2020-11-30,36.14491653442383,36.197119248084284,35.349254336790324,35.46446494300426,15454000
2020-12-01,36.41402816772461,36.60394107435219,36.01349844163021,36.31412062944993,18181000
2020-12-02,36.33842849731445,36.48963918778491,36.10260986327967,36.4293334528298,10031000
2020-12-03,35.98468780517578,36.600335527161505,35.83167802260973,36.40772050624388,16120000
2020-12-04,37.053977966308594,37.11878499589604,36.217814494547525,36.21871750110548,20083000
2020-12-07,37.8829345703125,38.05844742538303,37.20338277324093,37.47970273001479,19707000
2020-12-08,38.10974884033203,38.40586968830772,37.63721557228572,37.73802266946893,18121000
2020-12-09,37.46261215209961,38.351877936292844,37.23309397097093,37.75513135205531,20908000
2020-12-10,36.90636444091797,37.37529946521729,36.723648125190486,37.03237332522342,26244000
2020-12-11,36.52653884887695,36.63274683815988,35.84788651843062,36.3627272829542,26664000
2020-12-14,37.06477737426758,37.289794233784264,36.54273661211616,36.5904414498561,26116000
2020-12-15,37.62822341918945,37.747931880315974,37.17188920312916,37.37800475253074,21207000
2020-12-16,38.243858337402344,38.44637209194473,37.529202672763695,37.62280974763551,23160000
2020-12-17,38.35186767578125,38.70379294147005,38.21235834491169,38.38787119132314,17152000
2020-12-18,39.44659423828125,39.54553509600615,38.30647684674047,38.560641931156084,45243000
2020-12-21,38.93101501464844,39.2142291360578,38.46080595523582,38.86474854065547,19096000
2020-12-22,39.31407165527344,39.35491813835305,38.851124070596796,38.93100602364559,17929000
2020-12-23,38.62056350708008,39.577315216744445,38.58606768721943,39.486542939909775,10533000
2020-12-24,39.165199279785156,39.214217826856796,38.81208983367867,38.89560073363111,4123000
2020-12-28,39.20332717895508,39.69259852540752,39.1370641815191,39.42662890949719,10625000
2020-12-29,38.94552993774414,39.56188385626435,38.74129059066803,39.56188385626435,9593000
2020-12-30,39.47111129760742,39.75886154988993,39.04174881993898,39.18426482053094,10553000
2020-12-31,39.74525451660156,39.804256160333004,39.30954128054995,39.605463662828555,10211000
2021-01-04,38.59877395629883,40.14374129806052,38.23749588079824,39.87958962302494,24171000
2021-01-05,38.860206604003906,38.977302635419775,38.34279699889916,38.58334665321657,15069000
2021-01-06,38.62056350708008,39.44841816811037,38.17395656404387,38.42449275743449,17226000
2021-01-07,40.24813461303711,40.357062037820306,39.087140086026935,39.219669549380946,21267000
2021-01-08,40.4523811340332,40.84724788009631,39.81787539608795,40.5758347766686,15271000
2021-01-11,40.4632682800293,40.737403052927476,39.97853655867883,39.995784468840974,11660000
2021-01-12,40.79277420043945,41.28023108017885,40.44874402458156,40.64572200744729,13846000
2021-01-13,40.957984924316406,41.164949467349665,40.67658877204592,40.87538124725876,13118000
2021-01-14,41.036048889160156,41.619721469435206,40.9688751899898,41.16676387292125,19692000
2021-01-15,40.471431732177734,40.84814321735091,40.00031902898093,40.68293589169954,18165000
2021-01-19,41.68961715698242,41.709590243191286,40.69201551959887,40.69201551959887,18819000
2021-01-20,41.926536560058594,42.28146050722245,41.30201404751457,41.71231067355116,14710000
2021-01-21,42.37495422363281,42.61550384011259,41.792188946741575,41.94740972621302,15749000
2021-01-22,42.21156692504883,42.441226254672905,41.97192451493523,42.09356365868679,16248000
2021-01-25,42.19068908691406,42.663619767615266,41.400051984528865,42.62368052110079,14692000
2021-01-26,42.10718536376953,42.39402843018332,41.926544560196156,41.99643998489239,10742000
2021-01-27,40.36705017089844,41.47993342661034,40.07748195623065,41.351036372860285,21857000
2021-01-28,41.00608825683594,41.617902460934744,40.57854375798159,41.35012185685761,16946000
2021-01-29,40.89353942871094,41.583421289980265,40.63302012021022,40.83907744048605,22069000
2021-02-01,42.36770248413086,42.60189802607501,41.174029971844725,41.37917658203413,17027000
2021-02-02,43.288143157958984,43.29631176246832,42.48207260598679,42.64183652071844,16141000
2021-02-03,42.22699737548828,43.43701035975148,42.172531936041295,43.29267988854608,17857000
2021-02-04,42.72080993652344,42.76892125351747,41.527137482020414,41.75588612176603,15243000
2021-02-05,42.30144500732422,43.29178551499792,42.242439898037965,43.0566792415179,12488000
2021-02-08,42.90871047973633,42.97406624214392,42.26240037132845,42.550154098999904,17610000
2021-02-09,43.08390426635742,43.13473729538595,42.53835297954429,42.84516909242395,12758000
2021-02-10,42.66815948486328,43.343515038510546,42.254230435349676,43.318098524737266,14587000
2021-02-11,43.42521667480469,43.51236000754009,42.59009710928795,42.99857931727219,17123000
2021-02-12,44.14504623413086,44.20858751901179,43.10750188916315,43.424304538344145,13551000
2021-02-16,44.40011978149414,44.91299318935548,44.20858868384083,44.55897646062241,15163000
2021-02-17,43.796478271484375,44.12689296694467,43.1229371603056,43.95533149045568,14084000
2021-02-18,43.867286682128906,44.06245022325756,43.12929694851948,43.5922411706609,16715000
2021-02-19,44.4754524230957,44.94566130417032,44.18588428182725,44.22945593496009,17992000
2021-02-22,43.24094009399414,44.17136798779667,43.14653540890745,43.9344507685271,16967000
2021-02-23,42.83608627319336,43.08299349420967,41.39823191963779,42.76709810192236,21303000
2021-02-24,43.651241302490234,43.69934915664418,41.99734293237651,42.453029197625035,15125000
2021-02-25,41.49808120727539,43.51507180812515,41.32107286793176,43.0947886755465,23148000
2021-02-26,42.651817321777344,43.186474793015854,41.823055476516494,42.43940591396329,22640000
2021-03-01,44.44096755981445,44.47909232988568,43.01400693323387,43.544124762456796,24677000
2021-03-02,43.61764907836914,44.55715629722953,43.53504540997174,44.512677398861705,18546000
2021-03-03,42.033653259277344,43.69753471150963,41.934708911363494,43.38981134880016,23991000
2021-03-04,40.26628494262695,42.3912957546741,40.07021421638319,41.90747133556954,34575000
2021-03-05,40.8608512878418,41.392783554078505,39.3049902694313,41.233930357057304,42414000
2021-03-08,38.2384033203125,40.66296902036941,38.057762550239836,40.560392266255455,45243000
2021-03-09,40.26719665527344,40.566747936555736,39.087139752429145,39.5491766628847,37884000
2021-03-10,39.721649169921875,41.213969216615965,39.49562223333094,40.60760176678432,19914000
2021-03-11,41.18310546875,41.52441396597862,40.130131045553796,40.75919329275398,26170000
2021-03-12,40.954349517822266,41.16494297981708,40.35070389479404,40.42695343083044,18906000
2021-03-15,42.73351287841797,42.77527006133576,41.13771256409005,41.318353327111225,31241000
2021-03-16,43.406150817871094,43.934454200455676,42.428518773787665,42.778903090116025,31190000
2021-03-17,43.89723587036133,44.23128297126389,42.664528000014364,42.69085175231884,23754000
2021-03-18,42.132591247558594,43.875443697253836,42.096280955838274,43.07754529372886,28728000
2021-03-19,43.40512466430664,43.60821750980456,41.542527080909515,41.81240437524059,108602000
2021-03-22,43.48013687133789,44.02903469671205,43.14988245068724,43.26332212562088,31805000
2021-03-23,42.45368957519531,43.48836497850234,42.32469933198897,43.342906336462306,24712000
2021-03-24,41.83252716064453,42.99619296758979,41.79593304028469,42.946791254084744,20882000
2021-03-25,42.2378044128418,42.45004756636302,41.10432867718659,41.621207655633455,17537000
2021-03-26,44.09857177734375,44.18639628617682,41.774900550928876,41.774900550928876,28925000
2021-03-29,43.23679733276367,44.018064060155375,42.83884409753151,43.94853662243533,28410000
2021-03-30,41.730987548828125,42.44821637170376,41.315651543623204,42.437237435844324,27935000
2021-03-31,42.417118072509766,42.72907554312182,41.38701734167061,41.99080655734047,28684000
2021-04-01,43.541439056396484,43.59907323291051,42.92392453833382,43.186483721150026,23528000
2021-04-05,44.687721252441406,44.79384281667702,43.621026611898905,43.93938781479798,22966000
2021-04-06,44.26598358154297,44.66393332783455,43.70518894073754,44.19737047327653,18063000
2021-04-07,44.13697814941406,44.26962919303476,43.72896390574887,43.91284531216854,12074000
2021-04-08,44.413265228271484,44.64197323334465,43.92291590751914,44.64197323334465,18121000
2021-04-09,44.377586364746094,44.39771208332458,43.595405389862854,43.911937889690456,16614000
2021-04-12,44.24768829345703,44.40778322595686,43.783868409124494,44.08850769059894,23247000
2021-04-13,44.36569595336914,44.663931412803095,43.938470228994134,44.369356761440216,15281000
2021-04-14,43.66493606567383,44.752670687530376,43.471907831106265,44.13790619155442,18220000
2021-04-15,43.91194152832031,44.123266825616156,43.61736687148368,44.061975335294846,18370000
2021-04-16,43.801246643066406,44.07478123958884,43.61736519953591,43.955852092029,16263000
2021-04-19,42.26524353027344,43.61919461348402,42.086851550750225,43.59449375603527,26319000
2021-04-20,41.83161544799805,42.267987971771376,41.582778205830344,42.08319218914338,19128000
2021-04-21,42.06306838989258,42.113384438381395,41.40530244099058,41.64498941854009,25947000
2021-04-22,41.634925842285156,42.18656670417333,41.07596336411933,41.634008022894776,27057000
2021-04-23,42.64307403564453,42.80042598975467,41.853574765792985,41.9441422636986,22890000
2021-04-26,43.166358947753906,43.34749393797557,42.40887520011299,42.724493428296704,18271000
2021-04-27,42.6631965637207,43.38682914268984,42.54518522433134,43.335598764696115,13267000
2021-04-28,42.00909423828125,42.62843744347245,41.720923342767236,42.573546253456826,15940000
2021-04-29,42.65771484375,42.968757951104536,41.993545032999364,42.968757951104536,14650000
2021-04-30,41.7346305847168,42.14905211840711,41.51873019901142,42.055738175152726,19367000
2021-05-03,41.18025588989258,42.067644225437625,41.010096349807476,42.05940827895388,15098000
2021-05-04,40.667945861816406,40.9570345434736,40.00652262810136,40.91312229449013,23497000
2021-05-05,40.602996826171875,41.29918557911461,40.46943140930615,41.20495727663528,16388000
2021-05-06,41.03753662109375,41.08419185396625,40.23797292714872,40.600246326001425,13495000
2021-05-07,41.40347671508789,41.93408108590506,41.09426227534508,41.58735818954744,11712000
2021-05-10,39.89583206176758,41.032968493233945,39.86564173425414,41.01924656885724,25239000
2021-05-11,40.2590217590332,40.413627232718426,38.70197761681253,38.880369621774854,17887000
2021-05-12,38.640682220458984,39.41645954937639,38.34427887155674,39.27283301315508,29940000
2021-05-13,39.392677307128906,39.77873383024098,38.93891850830473,39.32772151033359,21841000
2021-05-14,40.400814056396484,40.721007385287756,39.52532255644246,39.922357956906325,16964000
2021-05-17,40.247127532958984,40.44839173470152,39.597597505272695,40.44839173470152,15725000
2021-05-18,39.679927825927734,40.658797889253236,39.63784423735314,40.61122483349,17824000
2021-05-19,40.40996551513672,40.48132161139262,38.94440335916531,38.97184720623121,21369000
2021-05-20,41.62485885620117,42.018236922378435,40.74021711697128,40.77863989609702,21886000
2021-05-21,41.2808837890625,41.898394752709194,41.10706345824415,41.898394752709194,13216000
2021-05-24,42.008174896240234,42.30549603285166,41.74928003092039,41.80051040623238,14420000
2021-05-25,42.040199279785156,42.353074528972776,41.762092988007765,42.25609974341468,9600000
2021-05-26,42.12710952758789,42.27439687576497,41.67335421726853,42.15272471857521,9873000
2021-05-27,42.784873962402344,42.854401405371156,42.05026241796521,42.08228140552927,19098000
2021-05-28,43.210269927978516,43.41976658098592,42.78487282462118,42.997112466572034,19946000
2021-06-01,42.84251022338867,43.72898080208897,42.740963787917735,43.49478327174258,16277000
2021-06-02,43.338340759277344,43.70152850563535,42.948620007225536,43.1645204320911,13286000
2021-06-03,42.52139663696289,42.97515537987277,42.3805131042976,42.88733088190262,20389000
2021-06-04,43.45452880859375,43.76557189123705,42.953200463867304,43.042853627182346,23865000
2021-06-07,42.42808532714844,43.40695897015719,42.308245326788644,43.27156140655907,24142000
2021-06-08,42.405208587646484,43.215747707435796,42.40337992869777,42.818712347521085,16615000
2021-06-09,42.441802978515625,42.740038410011124,42.23962448955296,42.740038410011124,12126000
2021-06-10,42.87543869018555,42.95502724421925,42.10149008094802,42.58543567167283,15413000
2021-06-11,43.0611457824707,43.191968193922435,42.73638081242483,42.8543956305768,14508000
2021-06-14,43.530452728271484,43.5368565245744,42.63666074455506,43.04193206044436,14675000
2021-06-15,43.06481170654297,43.5981590407493,42.86446183769009,43.59724122128391,11131000
2021-06-16,42.60831069946289,43.09957444950919,42.21767556065459,43.021814549540224,20437000
2021-06-17,43.10414505004883,43.47647959695303,42.44272182548886,42.52871417327751,20881000
2021-06-18,42.40247344970703,42.97516142626785,42.12893880201129,42.7473676931732,28537000
2021-06-21,42.83672332763672,42.907716492231074,42.2678565241777,42.51955956228496,18591000
2021-06-22,42.82197570800781,43.20276077279263,42.53339207740671,43.01836142155029,13722000
2021-06-23,43.02573013305664,43.138211292983016,42.6919690826713,42.767573191791634,17674000
2021-06-24,43.339210510253906,43.67020712048568,43.204599594693384,43.32353468524271,12502000
2021-06-25,42.61452865600586,43.55956961623684,42.411689017831854,43.45814979714984,19100000
2021-06-28,43.59183120727539,43.91360940532164,42.919698175094126,42.9648756385477,13987000
2021-06-29,43.9929084777832,44.00765930071576,43.40191186818636,43.55219510926533,14184000
2021-06-30,43.964317321777344,44.12566892829214,43.56693851999716,44.08325592317047,15381000
2021-07-01,43.30049514770508,44.05652939257757,43.23503440948846,44.05652939257757,11153000
2021-07-02,43.16495132446289,44.124746459722644,42.01614591932033,43.957862419981865,37054000
2021-07-06,43.63609313964844,43.95602489102758,43.17694303249293,43.3705607594335,13870000
2021-07-07,43.29126739501953,43.82786811276526,42.99899782968504,43.794677004712675,12581000
2021-07-08,43.37977981567383,43.43325770093676,42.555516957629465,42.81920988559414,16011000
2021-07-09,44.27227783203125,44.33681708474828,43.15205577826346,43.29404213424093,16782000
2021-07-12,44.78582763671875,45.54831582693036,43.634257437207204,44.3773838514984,33142000
2021-07-13,44.62538528442383,44.94992440930426,44.44006448951871,44.74708833553506,11806000
2021-07-14,44.40227127075195,45.362066537943385,44.324824178922384,45.103906048053176,14020000
2021-07-15,44.01042556762695,44.665961398480896,43.62134361162098,44.55808765680714,12624000
2021-07-16,43.155731201171875,44.281485418790034,43.08105209388338,44.16900073884369,13980000
2021-07-19,42.9344596862793,42.96211835751043,42.18948688242897,42.73254153834198,14938000
2021-07-20,43.20368194580078,43.54112899279973,42.71318016745592,43.13914270090344,20727000
2021-07-21,44.16531753540039,44.189290258373774,43.19537891293735,43.29956670235058,13660000
2021-07-22,43.91730499267578,44.16255413383346,43.74950294872579,43.942199204938994,12583000
2021-07-23,44.54610061645508,44.58574916626996,43.9634009366377,44.258438482080045,13489000
2021-07-26,44.462196350097656,44.5894318538017,44.22616562757238,44.45482093956948,11160000
2021-07-27,43.82787322998047,44.42255933553328,43.13084581099358,44.32575046027473,14715000
2021-07-28,44.03900146484375,44.17084791793896,43.73197758252474,43.951410991669505,8359000
2021-07-29,44.634613037109375,44.793196686605604,44.019643729419805,44.11460962176711,9162000
2021-07-30,44.75354766845703,44.840213138067824,44.216025501312124,44.43638039770657,11548000
2021-08-02,44.687164306640625,45.60178208065664,44.57929408653014,45.0900755816715,15619000
2021-08-03,44.8817024230957,44.971135865387936,44.2519788634287,44.76184233658174,11135000
2021-08-04,44.97482681274414,45.175823467157166,44.625393418587855,45.04213403216568,12123000
2021-08-05,44.96283721923828,45.21730822250724,44.70652324264843,45.21730822250724,8372000
2021-08-06,44.75631332397461,45.00433041272054,44.6272348442183,44.723122217340816,9964000
2021-08-09,44.687164306640625,44.88539298207744,44.34787078646331,44.85404484801012,5952000
2021-08-10,44.46405029296875,44.85036430220618,44.05560653131301,44.79965438956042,9319000
2021-08-11,44.58298110961914,44.806104000352114,44.23631217019723,44.69915174725388,9816000
2021-08-12,44.648441314697266,44.716670021115306,43.95418195727256,44.46588846259552,8702000
2021-08-13,44.8236198425293,45.082698284699156,44.45021022662515,44.4963126976409,8582000
2021-08-16,45.00617599487305,45.077169162854105,44.6613500263222,44.70099857636681,9188000
2021-08-17,44.134891510009766,44.82915437943277,43.75042051880884,44.77106554460215,16499000
2021-08-18,43.23871994018555,43.98645727899826,43.181556101372934,43.946812241706944,15616000
2021-08-19,43.65914535522461,43.871203372884096,42.65693706918664,42.99715208761696,14044000
2021-08-20,43.81035232543945,43.908086199973205,43.37424990572813,43.59368686290516,10007000
2021-08-23,44.48155975341797,44.82638570741408,43.859215063573295,43.91730038037881,15707000
2021-08-24,44.38751983642578,44.535960093718465,44.270424196429445,44.476953288918104,9429000
2021-08-25,44.57007598876953,44.83376541500137,44.40043097276555,44.40043097276555,10017000
2021-08-26,44.78489685058594,45.003408778761916,44.31099242381721,44.532268812068295,10836000
2021-08-27,45.72533416748047,45.771433125844716,44.86788017683017,44.99419068966569,16459000
2021-08-30,45.99732208251953,46.823427966084616,45.93831527307743,46.09966339152272,19614000
2021-08-31,45.84242248535156,46.218596566533684,45.426603373613744,46.218596566533684,17378000
2021-09-01,45.469017028808594,46.029586936103826,45.44412281923897,45.755754147962776,12586000
2021-09-02,45.352848052978516,45.7290221824366,45.192421419656355,45.71150338164346,16991000
2021-09-03,45.885765075683594,46.652860677606505,45.64235889499522,45.72257045695197,25191000
2021-09-07,45.78525924682617,45.87837864378606,45.26986329157973,45.87837864378606,12398000
2021-09-08,45.58150100708008,46.08951806642391,45.00341226536554,46.064627372445216,13987000
2021-09-09,45.49943923950195,45.97979758814696,45.440432437366766,45.440432437366766,13174000
2021-09-10,45.92909240722656,46.65193547982157,45.777887681023735,45.827676104278076,16110000
2021-09-13,46.00376892089844,46.327390111865846,45.478233120557924,46.284055618979956,14927000
2021-09-14,46.27206802368164,46.599375152556405,45.94844684134797,46.284054384189325,14134000
2021-09-15,46.997684478759766,47.08619645251147,46.046189553741996,46.29512816099671,23346000
2021-09-16,46.7773323059082,46.94329138719487,46.11902841908782,46.5791035986561,17569000
2021-09-17,46.652854919433594,46.80222018264232,46.19185831541893,46.465691114176636,34470000
2021-09-20,45.622074127197266,46.37626542926718,45.03384542886917,46.007470194550926,30105000
2021-09-21,45.600704193115234,45.857040149846846,45.23013448675821,45.83289173817775,16935000
2021-09-22,46.4923095703125,46.7161394415996,45.71494743886295,45.90348292805273,20610000
2021-09-23,46.83687973022461,47.114575882299846,46.49231131484041,46.6706326264625,18370000
2021-09-24,46.89445877075195,46.94832503885059,46.51459954510529,46.648340518168666,10605000
2021-09-27,46.8879508972168,46.97803977323286,46.194173019317724,46.41707460947624,9831000
2021-09-28,45.60350036621094,46.572186291998904,45.55892003805095,46.15889267353155,20124000
2021-09-29,45.46046447753906,45.90533234549501,45.29050090277001,45.845893100630185,15783000
2021-09-30,45.037879943847656,45.928550975658524,44.996087888718534,45.928550975658524,15735000
2021-10-01,45.262638092041016,45.38430484074321,44.34781864834714,45.30907488989896,16052000
2021-10-04,44.20387268066406,45.18927399403266,43.909457581679646,45.037889363894216,20093000
2021-10-05,45.0833854675293,45.489249500864304,44.146277701009495,44.2029322202188,16557000
2021-10-06,45.395450592041016,45.44839215924002,44.55214807754518,44.8707080062542,12042000
2021-10-07,45.872833251953125,46.428229077710604,45.75302650390789,45.75302650390789,13261000
2021-10-08,45.773460388183594,46.251766246659706,45.62764519591298,46.142173678141425,10279000
2021-10-11,45.72609329223633,46.39943584176585,45.58770757036453,45.623930192495024,11186000
2021-10-12,45.07039260864258,46.13102382080761,44.76761982477653,46.05115265873602,20991000
2021-10-13,45.04531478881836,45.079677385557225,44.538219369575756,44.68867574607946,16424000
2021-10-14,46.21461486816406,46.358573578506416,45.58492438345268,45.681514502815354,19233000
2021-10-15,46.73936080932617,46.98176257507149,46.53782286746174,46.84616511266528,25103000
2021-10-18,46.749568939208984,46.8071517069842,46.31305875221082,46.47373284938512,16042000
2021-10-19,47.40248489379883,47.44706521712606,46.60189909693552,46.83873140031749,16383000
2021-10-20,47.30961227416992,47.684826783777226,47.22138340203094,47.45914042534149,13458000
2021-10-21,47.7516975402832,47.811136794235814,47.23624084018393,47.312399045045666,11787000
2021-10-22,47.868717193603516,48.42318120875417,47.646743813787324,47.806489679468655,15367000
2021-10-25,48.487266540527344,48.71295288687485,47.847358362975214,48.06189874229537,12416000
2021-10-26,49.583187103271484,49.687206670527466,48.66651112392731,48.78074487416691,24043000
2021-10-27,48.583858489990234,49.78751668737953,48.46776470062298,49.39279851211112,23500000
2021-10-28,49.18382263183594,49.219113465471985,48.613567967690045,48.67951197797694,11872000
2021-10-29,49.37885665893555,49.42343697574759,48.62006657610398,48.62006657610398,15564000
2021-11-01,49.04265594482422,49.46337897505585,48.75288561935652,49.2553398315101,16896000
2021-11-02,49.88039016723633,50.228671509661424,48.915417300683195,48.98693075788586,16262000
2021-11-03,50.372623443603516,50.50450792585126,49.57389771584366,50.064277701253324,14038000
2021-11-04,50.953094482421875,50.9948900849308,50.23795638273304,50.50543831866751,15956000
2021-11-05,51.909706115722656,51.97936309134859,51.06361531056747,51.08126250021158,18674000
2021-11-08,51.912498474121094,52.37130064075584,51.83355554887105,52.192979335949936,17231000
2021-11-09,51.80569839477539,52.1864859333513,51.55865185484761,51.93479464921234,15838000
2021-11-10,50.96702575683594,52.093600956860215,50.9001570435315,51.480625941899575,18450000
2021-11-11,51.58279800415039,51.742543894711105,50.97075112282601,51.33110673108327,14157000
2021-11-12,52.3090705871582,52.55240411777143,51.50756008032045,51.86234264958282,13592000
2021-11-15,52.5458984375,52.724219718534655,51.99422273151276,52.724219718534655,13972000
2021-11-16,52.82453536987305,52.89512059852779,52.26449828463783,52.389881572400284,13194000
2021-11-17,52.90533447265625,53.065080351437736,52.390805996006144,52.76602050593609,12532000
2021-11-18,53.385498046875,53.56381936155659,52.90533570212083,53.04093316848038,12712000
2021-11-19,52.819889068603516,53.60839717343366,52.56076481321543,53.52202124067055,19612000
2021-11-22,51.385894775390625,53.12822979407016,51.311596595146675,53.09479543581532,25898000
2021-11-23,51.556793212890625,51.62551841840638,50.94474633030152,51.306030179526374,17109000
2021-11-24,51.892059326171875,51.9245654404418,50.83885413802463,51.38124744068693,12084000
2021-11-26,50.76456069946289,51.75925143175917,50.46085967699794,51.245651235510245,14219000
2021-11-29,52.413082122802734,52.711213658383826,51.423036287909184,51.65708029604341,18703000
2021-11-30,51.423038482666016,52.47345538719663,51.26700913725047,52.31370953898043,22574000
2021-12-01,51.523353576660156,52.79759698376419,51.39054083743598,52.333221830895404,21980000
2021-12-02,51.308799743652344,51.92734766798571,50.52400829597549,50.716256709486736,22619000
2021-12-03,51.83540725708008,52.84588865311858,51.11841268627408,52.46881416681615,20305000
2021-12-06,52.472530364990234,52.78737733795432,51.633869039051845,52.44188072943246,22482000
2021-12-07,54.83341979980469,55.08139454828136,53.124519067521305,53.124519067521305,29562000
2021-12-08,54.66252517700195,54.88357032138848,54.09320222285712,54.88357032138848,17998000
2021-12-09,54.185142517089844,54.8185494075342,54.09505363560167,54.09505363560167,29080000
2021-12-10,58.667293548583984,59.881169356067076,57.45156126100586,57.95215544999058,57087000
2021-12-13,57.7366943359375,58.921780684136756,57.696758751305985,58.88277333967323,26898000
2021-12-14,57.10978698730469,57.45435185390383,56.248833626526064,57.38191015088236,35956000
2021-12-15,59.42701721191406,59.51989082547157,56.68534661689363,57.17108192216365,29092000
2021-12-16,57.64566421508789,59.50130800835963,56.7930722699308,59.194818762691064,42748000
2021-12-17,58.971920013427734,59.43908336701932,57.127422096560885,57.35310841897451,50661000
2021-12-20,59.90716552734375,60.00561564446275,58.055238329637625,58.167619131243164,32770000
2021-12-21,60.403499603271484,60.70540311017962,59.19401008852831,60.57734941418686,36534000
2021-12-22,61.24098205566406,61.424187916463715,59.7510857617059,60.13057241015803,28383000
2021-12-23,62.1382942199707,62.69256131765153,61.32791257982339,61.32791257982339,23596000
2021-12-27,63.02438735961914,63.21319118600835,62.10651808533165,62.13830153654093,19442000
2021-12-28,62.530853271484375,63.34964238758638,62.34672038610069,63.33001038907891,17247000
2021-12-29,62.86827850341797,63.278603684229054,62.54207212401195,62.60563187960057,14797000
2021-12-30,62.164451599121094,63.15709044441232,62.0485493652347,62.914068711279086,11473000
2021-12-31,62.195308685302734,62.74677325836826,61.99528760981115,62.341118907791106,12046000
2022-01-03,61.99995803833008,62.78322712907056,61.8036736766098,62.28036834429065,22591000
2022-01-04,62.7103157043457,62.82902048074704,61.43072014577887,61.95882304864908,21103000
2022-01-05,60.10066223144531,62.73742597565366,60.00812156086814,62.73742597565366,34961000
2022-01-06,59.54264831542969,60.62875860541216,59.29963010848925,59.83520648110116,28581000
2022-01-07,57.87142562866211,59.811845400789466,57.80693168635253,59.4323587370372,27832000
2022-01-10,58.059288024902344,58.141538466329585,56.415163456348694,56.9096181106283,29793000
2022-01-11,58.142478942871094,58.69861788879888,57.443328764487994,57.533993942350165,19037000
2022-01-12,58.1378059387207,58.97809188352771,57.926564055894126,58.6528196748563,18806000
2022-01-13,55.81883239746094,58.687396711097975,55.53468543849246,58.649077590382795,30048000
2022-01-14,55.74219512939453,56.11700374911257,55.33373470788139,55.68704653664556,25661000
2022-01-18,54.005531311035156,55.24399807268839,53.837286581459985,54.98976262249345,35825000
2022-01-19,52.71379470825195,54.654214417079864,52.653975223796465,54.3597878849876,22692000
2022-01-20,51.19491958618164,53.29049836255945,51.10612275730205,53.090473735860286,25225000
2022-01-21,49.840545654296875,51.91275537067842,49.663886204171284,51.09396630984726,38010000
2022-01-24,50.62101364135742,50.80140980864052,47.98705274702788,49.621828387175526,54256000
2022-01-25,49.92561340332031,50.97807552421535,48.99839888865306,49.351710737120364,38158000
2022-01-26,52.07353210449219,53.66717918363964,51.414572916226255,51.59496910895793,49715000
2022-01-27,50.68925094604492,53.301715395797146,50.56961198109373,53.251241258947616,34183000
2022-01-28,52.35205841064453,52.38944691857029,49.76202889073379,50.78738536615133,30254000
2022-01-31,54.76170349121094,54.80750317229583,51.968842860775375,52.28663809436165,40288000
2022-02-01,55.401031494140625,55.51132511469835,53.82140421387856,54.76077012743484,25719000
2022-02-02,56.40208053588867,56.53013422476012,55.48608341151477,55.98801507854745,24443000
2022-02-03,54.29154968261719,55.98988522930633,54.2233190352708,55.676764462758186,30602000
2022-02-04,55.161739349365234,55.757138662970064,53.851301778958565,53.87373630928566,20548000
2022-02-07,54.925270080566406,56.22916498498783,54.600932057246744,55.16174545964611,18671000
2022-02-08,56.102054595947266,56.25441119844806,54.865459523330415,54.995381589371235,14570000
2022-02-09,57.141422271728516,57.17694242709884,56.227293495039376,56.768482033728226,22004000
2022-02-10,55.27391052246094,57.44987121180881,55.013128691342935,55.64217629920374,24920000
2022-02-11,53.59708023071289,56.05906020340852,53.19142587974143,55.273919184350184,27281000
2022-02-14,54.07938003540039,54.47475127078559,53.28395597784663,53.74475889568546,19291000
2022-02-15,56.340396881103516,56.64604067121315,54.98322521067501,55.05613031649939,34284000
2022-02-16,55.82070541381836,56.15719488642121,54.88694819701487,55.52627534250851,22931000
2022-02-17,54.118629455566406,55.294470607226,54.10834636765735,55.11874889383411,21424000
2022-02-18,54.21116256713867,54.93554620327227,53.58398334862595,54.29995938382234,19708000
2022-02-22,53.97468566894531,55.166418577099755,53.25964735027848,54.21116460785496,20204000
2022-02-23,52.82782745361328,54.68599310219927,52.785764483911414,54.23360135261606,22416000
2022-02-24,54.212100982666016,54.74394061533004,51.3164274364179,51.55570891877543,35316000
2022-02-25,54.96078872680664,55.08884242063493,53.65128870574357,54.19621397243003,22380000
2022-02-28,54.90751647949219,55.36177660130874,53.87374863143332,54.30557421779149,25005000
2022-03-01,53.288631439208984,54.924341523426456,52.83810803662716,54.659822951261454,24898000
2022-03-02,54.752357482910156,55.196338081693156,53.61203628534364,53.69989537459598,21771000
2022-03-03,54.08124542236328,55.49262787920314,53.68213036568888,55.49075952327031,26454000
2022-03-04,55.70668029785156,56.633894849464475,54.58692165612552,55.40757928966227,44757000
2022-03-07,53.342838287353516,55.967450501906,53.27741017413923,55.80855467426123,26494000
2022-03-08,53.83355712890625,55.712285441744065,52.68014675442669,53.480241722930245,26993000
2022-03-09,55.80294418334961,56.234773281754045,54.86638445203126,55.0336950069233,22560000
2022-03-10,54.93461227416992,55.148656673723316,53.87280500850715,54.73178514037914,19323000
2022-03-11,54.01115036010742,55.56086981378054,53.942919703428856,55.333739741608646,19813000
2022-03-14,53.071781158447266,54.21023755034574,52.786699971452755,53.927958897470575,25234000
2022-03-15,55.40477752685547,55.77865200951554,53.74850469041371,53.956940507834986,28260000
2022-03-16,56.746986389160156,56.80213141365734,54.5915846670813,55.768363658743745,29454000
2022-03-17,56.33104705810547,56.73577075953218,55.85996462911308,56.522660513555444,18174000
2022-03-18,57.054500579833984,57.31621304227569,55.706674267129415,56.45255835065317,41538000
2022-03-21,56.582115173339844,56.98769113784491,55.41243716446998,56.98769113784491,25789000
2022-03-22,57.52782440185547,57.73108261295537,56.39766883094545,56.62257278693581,19262000
2022-03-23,56.40237808227539,57.53065272682291,56.38167642094281,57.21352998239697,13839000
2022-03-24,58.947818756103516,59.02215735763334,56.64892559300895,57.084611755782504,26016000
2022-03-25,59.177425384521484,59.3223406075074,58.34933378073274,59.008983424566296,14538000
2022-03-28,59.55476760864258,59.594293531239856,57.94563790026092,58.89606205995489,14427000
2022-03-29,60.36309814453125,60.72444209069701,59.283754422638964,60.224766397601485,23001000
2022-03-30,59.386329650878906,60.62846525080008,59.03250964237724,60.118436899766934,18626000
2022-03-31,59.25364685058594,60.130672946312636,59.10026357689742,59.32892953952778,21731000
2022-04-01,58.999568939208984,59.713795946065474,58.21946779341074,59.44278260936315,16267000
2022-04-04,59.740150451660156,59.916119963122384,58.768084115673254,58.946875112539885,16484000
2022-04-05,57.789432525634766,59.49643124851464,57.684039632434015,59.24141706166605,19778000
2022-04-06,56.648921966552734,57.551352111602064,55.87446735453159,56.656449516769,23742000
2022-04-07,56.74773406982422,57.17965827220538,55.82460216216702,56.44472949947256,16583000
2022-04-08,55.237403869628906,56.328037126308054,55.14047903275375,56.21417260922795,20464000
2022-04-11,54.6360969543457,55.45195488078578,54.52505751278458,54.82147499207562,23512000
2022-04-12,55.055789947509766,56.328039312106554,54.78289560156505,55.43595816988776,17350000
2022-04-13,55.75872802734375,56.1511298692952,55.14800927059819,55.37855621151456,20266000
2022-04-14,53.99997329711914,56.18406498553134,53.90681402590836,55.98927480778081,27385000
2022-04-18,55.190364837646484,55.63452269378874,53.905881654720375,53.905881654720375,21375000
2022-04-19,56.236759185791016,56.33838649860097,54.51847110132546,54.51847110132546,16581000
2022-04-20,56.24616622924805,57.724495213248154,56.00244519432889,56.85594085890683,13920000
2022-04-21,55.77660369873047,57.95410830222362,55.58181711329331,56.98204200652573,20352000
2022-04-22,55.232696533203125,56.342150434679105,55.16776647842587,55.53005809211724,21064000
2022-04-25,55.32021713256836,55.40302737402189,53.74308210229695,54.718910463623885,26959000
2022-04-26,52.70326232910156,55.09249332395126,52.66938655549764,54.936284977639026,35809000
2022-04-27,52.653385162353516,53.64521263448475,52.22616705543801,52.30050565522218,19313000
2022-04-28,54.47895812988281,55.051091533167096,52.50565554479016,53.255643057980286,22334000
2022-04-29,52.168766021728516,54.41684374127865,52.075606748169264,53.884232732654766,26108000
2022-05-02,54.235225677490234,54.35661774893846,52.35602673035652,52.42754384421828,26725000
2022-05-03,54.68879318237305,55.21387659783916,53.80423963356465,54.20323209732533,17064000
2022-05-04,56.80513381958008,56.843715657795286,54.012207904775906,54.747140231440504,23896000
2022-05-05,54.57775115966797,56.260278787385346,54.04137464954603,55.91775193996103,32806000
2022-05-06,54.588104248046875,55.51782671234926,53.584046775536834,54.1025431499101,20745000
2022-05-09,52.9714469909668,54.39049253220832,52.72207938691895,53.908693414915554,30074000
2022-05-10,54.70949935913086,55.6279287541643,53.807069150402306,54.624808131289,29271000
2022-05-11,53.3657341003418,55.02003636273443,53.24810759164247,54.06867166706904,26660000
2022-05-12,53.78541946411133,53.97738454516504,52.532931398386374,53.01661146554307,25518000
2022-05-13,55.354095458984375,55.66933364215618,53.96704099161127,54.30110343669468,19449000
2022-05-16,54.82994842529297,55.43878621842615,54.357561402126876,54.9908628382498,14189000
2022-05-17,57.22764587402344,57.307634625512534,55.85941571868844,56.03256015342905,24676000
2022-05-18,53.691314697265625,56.528464973179794,53.2782112526471,56.46071343805471,35024000
2022-05-19,51.399017333984375,52.76725108593643,50.71678503794574,52.50847133796256,34884000
2022-05-20,51.11483383178711,52.225228339223285,48.22122105681297,52.12265693439517,40281000
2022-05-23,49.53110885620117,50.397778663534766,48.39248161423368,49.30902996797292,58586000
2022-05-24,49.327850341796875,49.76730567218107,48.57410091842459,49.559341375645495,25060000
2022-05-25,50.02701950073242,50.57468917656729,49.29961834123534,49.29961834123534,17842000
2022-05-26,51.81776809692383,52.18570269428565,49.65908420519026,50.01855075717386,39743000
2022-05-27,54.88734817504883,55.09249097757786,52.697613524178635,52.89334419630535,37301000
2022-05-31,54.59093475341797,55.24023180224459,54.20229486549144,55.0021572945777,30009000
2022-06-01,53.97833251953125,55.608167508181516,53.48994632001572,55.29198524950638,18345000
2022-06-02,54.27192687988281,54.36885172072161,53.461715475625184,54.366970730513856,29488000
2022-06-03,53.00909423828125,53.600048285581494,52.7888963159027,53.53135624028405,20562000
2022-06-06,52.81241989135742,53.89364109122195,52.46518693589517,53.78072065123915,14557000
2022-06-07,53.91904830932617,54.06490402583,52.46424235574059,52.74748933266644,15895000
2022-06-08,53.201053619384766,54.22769733512305,52.89804907725186,53.808947283494426,24004000
2022-06-09,52.34097671508789,53.98021675356898,52.3136844062226,52.80583620551886,18787000
2022-06-10,50.93415069580078,51.853520453240456,50.7882949982263,51.76412317295903,24018000
2022-06-13,48.70866394042969,50.15593869675546,48.558102164573,49.57063127385389,31619000
2022-06-14,48.9486198425293,49.40030876372063,48.42353640744876,49.40030876372063,24380000
2022-06-15,49.56404495239258,50.23404360848763,48.511049411213435,49.79365139474767,19141000
2022-06-16,46.78523254394531,48.4084803746816,46.324138680716786,48.17510836817158,37244000
2022-06-17,46.92356872558594,47.08447955054302,45.90915495129707,46.58009773856124,43504000
2022-06-21,47.79837417602539,48.475827645978725,47.71488102460298,47.82778933302253,21901000
2022-06-22,47.07063293457031,47.79837118439218,46.89035607373432,47.09055792892668,24721000
2022-06-23,47.116172790527344,47.606707655963554,46.58768452358765,47.606707655963554,16707000
2022-06-24,48.30314254760742,48.56027089634943,47.578249156053936,47.91507748423456,21201000
2022-06-27,47.98244094848633,48.77280267301806,47.70823610941431,48.75003280220928,13207000
2022-06-28,47.293609619140625,48.78324651051954,47.261349584023876,48.63712986992006,15667000
2022-06-29,46.530757904052734,47.05450113014658,46.175901174249674,47.01180626483623,14444000
2022-06-30,46.094303131103516,46.8467114318404,45.61040628985511,46.304939813178194,18890000
2022-07-01,45.33810043334961,45.948185314262425,44.540148730667546,45.48706555777994,21315000
2022-07-05,45.19198226928711,45.25175725158335,44.016400378589466,44.78399222663518,20711000
2022-07-06,45.790679931640625,46.21195326622733,45.11607144938288,45.593326592565134,22975000
2022-07-07,47.30214309692383,47.5725547698113,46.31253142054148,46.31253142054148,21319000
2022-07-08,47.316375732421875,47.40556587291053,46.49185736647202,46.77555237506065,12713000
2022-07-11,45.81439971923828,46.64555967390104,45.63602307405915,46.44346486716805,21449000
2022-07-12,45.67303466796875,46.738549610230365,45.549687904295986,46.28501978613776,21159000
2022-07-13,45.70718765258789,46.07817258693832,44.81150758279048,45.06673933965978,17665000
2022-07-14,45.98329162597656,46.17684819169137,44.919669758122794,45.77549981944877,19957000
2022-07-15,46.9150276184082,46.941594278382404,46.124665864739754,46.5706093309661,18714000
2022-07-18,46.59242630004883,47.669331453538135,46.320118062258295,47.45584628321051,18042000
2022-07-19,48.29460525512695,48.517573371868046,47.05071006092329,47.1370517070259,27257000
2022-07-20,48.55742263793945,49.11153294729094,47.86478927554504,48.34583765061757,27412000
2022-07-21,49.11817169189453,49.13050310947545,48.01185496228371,48.63142997299751,13912000
2022-07-22,48.628578186035156,49.31836658407041,48.07447156656495,49.225383286091486,17867000
2022-07-25,48.68456268310547,48.70448767662972,48.06024259991,48.43312772395152,15061000
2022-07-26,48.49290084838867,49.03562073297167,48.28700563708335,48.828780848985005,17958000
2022-07-27,50.07741928100586,50.305136078095856,49.047009370333406,49.16750762367077,25699000
2022-07-28,50.62963104248047,50.90573608469546,49.393325871152996,50.15332776610109,14867000
2022-07-29,50.80706024169922,51.030031969721136,50.31272854736038,50.474976999604365,18482000
2022-08-01,50.89150619506836,51.215999485826025,50.32885763857989,50.422792859654855,11485000
2022-08-02,50.401912689208984,51.160014357058714,50.024286103236165,50.5926243762255,13072000
2022-08-03,51.87541961669922,51.99496957465407,50.6780162140237,50.78902792339195,19228000
2022-08-04,52.45039749145508,52.48360581181403,51.71127257586905,52.03386923911408,16293000
2022-08-05,52.32136535644531,52.3744986734459,51.54713185238561,51.700842050367974,14357000
2022-08-08,51.760623931884766,52.46843726461222,51.11637875793647,52.12307065806967,13722000
2022-08-09,50.552772521972656,51.17424770767319,50.07362440145544,51.149577634782275,20072000
2022-08-10,52.22364044189453,52.28151884302666,51.16381528852671,51.81090529610626,19519000
2022-08-11,51.75113296508789,52.92196990017757,51.639172945448315,52.559523179630325,14268000
2022-08-12,52.965606689453125,52.982683186172224,51.77199648703053,51.97693978370822,18399000
2022-08-15,53.03487014770508,53.113621828334175,52.23217342834493,52.586081845107195,14329000
2022-08-16,52.34129333496094,52.938094893078905,51.806163346325114,52.8982449030561,14782000
2022-08-17,51.102134704589844,51.68280795908039,50.38577967656853,51.65054793167143,19022000
2022-08-18,52.98648452758789,53.18668276152142,51.39057755091723,51.559467665030006,23459000
2022-08-19,52.0357780456543,52.714179851848854,51.982644720599815,52.266339758140354,16923000
2022-08-22,50.16850662231445,51.529103191072416,50.007210087760996,51.479766662428254,18555000
2022-08-23,50.2662353515625,51.01010541047281,50.18368687995343,50.65240019274787,9003000
2022-08-24,50.36681365966797,50.41046043999288,49.66469372201903,50.24536709966945,11883000
2022-08-25,52.19706726074219,52.23027558192574,50.50153905728118,50.614447349305244,17345000
2022-08-26,49.419891357421875,52.2786664789205,49.338294798195875,52.07467146141976,25682000
2022-08-29,48.786094665527344,49.5982781129008,48.57925472940109,49.33830484934995,16580000
2022-08-30,48.046966552734375,49.140000105200706,47.57255980486568,49.03847491845055,18282000
2022-08-31,47.35622024536133,48.40465851406102,47.11237525469762,48.40465851406102,32445000
2022-09-01,46.68256759643555,46.80401414621907,45.62274249436537,46.631330862849815,31930000
2022-09-02,47.461544036865234,49.32026916937657,47.27937420658049,49.148534172906196,40426000
2022-09-06,47.2698860168457,47.820199557822406,46.52696418430159,47.30119775846648,24738000
2022-09-07,47.92741394042969,48.33540401073746,47.353382241377126,47.71677724012601,20440000
2022-09-08,48.572601318359375,48.64945279440887,47.31731952261416,47.687356140397625,22535000
2022-09-09,49.56601333618164,49.904738241390476,48.905636404728234,48.905636404728234,23019000
2022-09-12,50.19791793823242,50.40665803562479,49.77095482183637,49.97874300763188,18157000
2022-09-13,47.7869873046875,49.17415055020522,47.60006878201514,48.75382547153162,35136000
2022-09-14,48.46063995361328,48.67412149804052,47.70348662276186,48.11717000278138,20605000
2022-09-15,47.45395278930664,48.53749605826051,47.18259282597296,48.287961293050174,36574000
2022-09-16,47.67787170410156,47.79078000256055,46.47857166581384,47.22433830649286,59012000
2022-09-19,47.6152458190918,47.76231434479511,46.911229405473556,46.911229405473556,17948000
2022-09-20,46.782188415527344,47.32965337202245,46.46528512026904,47.06113831005836,17132000
2022-09-21,46.129676818847656,47.82698393384798,46.09427390123465,46.97641606394699,20669000
2022-09-22,45.696258544921875,46.23204699934651,45.255185663935755,46.15741984316381,23540000
2022-09-23,44.84186553955078,45.732617563157866,44.202744320003276,45.44175886570607,29649000
2022-09-26,44.22761917114258,45.28389256223658,44.13672492002977,44.87056533545484,19361000
2022-09-27,44.46584701538086,44.957626324736886,43.677471590518834,44.925099442213394,17850000
2022-09-28,44.58163070678711,44.848568745598605,43.662173001142584,44.13960149053156,27605000
2022-09-29,43.06705856323242,44.142467821833556,42.56475320221345,44.09749881631778,39997000
2022-09-30,42.48151397705078,43.80281285661061,42.44611106083396,42.96467983835134,27202000
2022-10-03,43.70330810546875,44.10228071630076,42.76471476434133,42.98190252759929,21479000
2022-10-04,45.911537170410156,45.940239084906125,44.572058530551345,44.82464559751575,27277000
2022-10-05,46.384178161621094,46.6989539089236,45.10784818502319,45.21213715485821,18493000
2022-10-06,45.8770866394043,46.85299172029063,45.80245948404939,46.2875414685339,17250000
2022-10-07,44.05731964111328,45.28772447349277,43.917631390002654,45.19587396458441,28425000
2022-10-10,41.87779998779297,44.020961548929876,41.31713083214097,44.011395460170405,33454000
2022-10-11,41.21379470825195,41.973468308650546,40.718186720091346,41.63860051245098,28046000
2022-10-12,41.19561767578125,41.68835331342861,40.950684222647446,41.35635422789815,15046000
2022-10-13,41.90362548828125,42.458549779220675,39.71262293575436,39.93746430312433,27980000
2022-10-14,40.86361312866211,42.476726846347745,40.7975958178968,42.411665779247876,22816000
2022-10-17,41.65486526489258,42.21649058621329,41.46542680559774,42.054797795220686,24120000
2022-10-18,41.60320281982422,42.915888280389986,41.15638879369021,42.88335774327303,20341000
2022-10-19,41.64817428588867,41.935208049644494,41.22528454089738,41.450125952606,12702000
2022-10-20,41.16978073120117,42.30738226049394,40.963118947399494,41.63190192608369,23402000
2022-10-21,43.028785705566406,43.11776747033291,41.061668240731656,41.341044703644556,26980000
2022-10-24,43.678436279296875,43.89562406796005,43.16082369274047,43.31581913564902,25287000
2022-10-25,44.01809310913086,44.41897829193532,43.70809854439464,43.81908488358418,18246000
2022-10-26,44.12429428100586,45.13655509174098,43.56554126300299,43.81908458763539,29291000
2022-10-27,43.5712776184082,45.04183093057063,43.52439612406144,44.5902356749448,18512000
2022-10-28,45.24562072753906,45.38339281944537,43.59519150776746,43.72052878148141,23094000
2022-10-31,44.97964096069336,45.23700922551444,44.490730312296215,44.66677770939255,19259000
2022-11-01,44.76723861694336,45.621631483043394,44.31468712464024,45.52308727693516,16324000
2022-11-02,43.63154983520508,45.96797803831361,43.60188803141278,44.99494532131736,21070000
2022-11-03,42.492034912109375,43.32825176568605,42.22796931344178,43.14455443397621,23887000
2022-11-04,44.51848220825195,44.86196355703143,43.36844562811842,43.71097073299842,28891000
2022-11-07,45.46759796142578,45.708702815779574,44.161609683890205,44.659126594522704,17687000
2022-11-08,46.126800537109375,46.76688158363898,45.30302216112642,46.04451978379241,20743000
2022-11-09,44.91744613647461,45.829250065205706,44.875349514396724,45.7814086812802,23695000
2022-11-10,48.46706771850586,48.524471545212315,46.612848930305624,46.97737490920528,33970000
2022-11-11,49.56925582885742,49.656325100052314,48.02981665933934,48.29771087906206,26728000
2022-11-14,49.10331726074219,50.23230543224179,49.0822689473389,49.31093896288529,21608000
2022-11-15,50.174896240234375,50.95466189532015,49.36068391258732,50.70494359306939,23315000
2022-11-16,48.96076202392578,49.61232176766288,48.82203001956106,49.43819049176271,25405000
2022-11-17,48.99711227416992,49.05738847858126,48.13889080678296,48.31685068876253,20375000
2022-11-18,49.2889289855957,49.534818680647135,48.890912583512474,49.45253791762982,14536000
2022-11-21,49.50707244873047,49.83333041551719,48.901438008633725,49.07652551389368,18622000
2022-11-22,50.71356201171875,50.73556656872692,49.65728852854394,50.03616911545059,18920000
2022-11-23,51.057037353515625,51.80714489289227,50.59396353491076,50.742261614133575,13964000
2022-11-25,50.70016860961914,51.146979016509725,50.659028225971966,50.77479577644258,7455000
2022-11-28,49.96345138549805,50.59013412321302,49.39225998371129,50.25335018327773,23505000
2022-11-29,49.8849983215332,50.31171664469067,49.257359305828786,50.03903751915253,12694000
2022-11-30,52.720863342285156,52.78113954996382,49.544389317793716,50.14523890697368,47349000
2022-12-01,52.69407653808594,52.85385685604116,51.85307467037081,52.720865965053626,23006000
2022-12-02,51.742088317871094,51.92387318086282,51.290493066848306,51.383299810803045,19320000
2022-12-05,50.7700080871582,51.615794763458354,50.27727245502843,51.45218583200831,18548000
2022-12-06,50.30884552001953,51.050339559560044,49.91943897269649,50.77096309089397,19655000
2022-12-07,49.608482360839844,50.23038381079218,49.37407492499592,49.71372755850423,16524000
2022-12-08,50.812110900878906,50.94031692006812,49.78836428566898,49.82950831887194,27514000
2022-12-09,52.11714553833008,52.87490676668452,51.7612257266246,52.712257712265405,37028000
2022-12-12,53.256649017333984,53.27961346653206,51.87985875211689,52.12000732623248,23416000
2022-12-13,54.63535690307617,55.6686659004091,54.06033686097029,55.092693264310306,40414000
2022-12-14,54.960662841796875,56.03319981500016,54.31866918812328,54.397124981387414,35218000
2022-12-15,53.38772964477539,54.200025898389946,53.35902773186011,53.94074148900357,36876000
2022-12-16,53.18775939941406,53.5599425820822,52.70554979604345,53.33510122266619,49549000
2022-12-19,53.02568435668945,53.68653735780333,52.64846362826806,53.449209841303556,25092000
2022-12-20,52.484458923339844,52.964906664226255,52.18538436330726,52.59540338512219,29831000
2022-12-21,54.14480209350586,54.21040602472582,52.767134258840684,52.83659507999212,25619000
2022-12-22,53.35948944091797,53.537969962395096,52.79125327214234,53.38457394582318,27553000
2022-12-23,53.29582214355469,53.41062719001794,52.81537434084001,53.06138725768338,13761000
2022-12-27,53.40290451049805,53.843797064502965,52.766168072842284,53.210917516635156,16677000
2022-12-28,52.568389892578125,53.810992877303505,52.332990816894444,53.21960068075372,15410000
2022-12-29,53.81485366821289,54.276970171178526,53.10962061244349,53.239864251615835,18176000
2022-12-30,53.942203521728516,53.99237253482614,52.869399238130434,53.23697043246371,14376000
2023-01-03,53.39711380004883,54.75645027307762,53.137594440753794,54.508508943255514,20173000
2023-01-04,54.04928970336914,54.813377149091636,53.64313121746551,54.314598099817125,17074000
2023-01-05,53.54568862915039,54.01070148188361,53.1694357680456,53.61225678275248,16277000
2023-01-06,56.768924713134766,57.016866053474104,54.24802766264839,54.32713806700537,35261000
2023-01-09,55.65560531616211,58.04626259244096,54.08016506744218,57.14228924895497,37739000
2023-01-10,55.46651077270508,55.48580626268505,53.060418743801776,55.18383902096329,44635000
2023-01-11,55.77619171142578,55.795487200103985,54.68891687008788,55.28030906113417,22502000
2023-01-12,56.14280700683594,56.44863484361588,55.353638699350135,55.5301871107341,19514000
2023-01-13,55.85915756225586,56.14182926902528,55.634368635978966,55.68067706851567,19647000
2023-01-17,55.882320404052734,56.472748429173926,55.42888557734028,55.46361966842619,15835000
2023-01-18,55.40476608276367,56.684992186280574,55.34977596177205,56.26532356982781,15703000
2023-01-19,54.33678436279297,54.99667687191583,54.056041055694365,54.905988436942266,22692000
2023-01-20,55.06613540649414,55.12209342924182,53.94026955743022,54.318454521295706,22950000
2023-01-23,56.112892150878906,56.41775573493113,54.969662911278945,55.18383806202502,23429000
2023-01-24,56.4409065246582,56.60105577198378,55.53404061833104,55.80513800792899,13825000
2023-01-25,56.50361633300781,56.628067266192446,55.57359439155142,55.73084728734176,13766000
2023-01-26,57.74814987182617,57.939168959647645,56.559572755592384,56.95994587835938,24525000
2023-01-27,57.01590347290039,57.812789193923344,56.93872519147384,57.24069244002326,19344000
2023-01-30,56.09552764892578,56.8827637371789,55.932485733056,56.24506309034199,16984000
2023-01-31,56.43898010253906,56.65315525492855,56.02703262019117,56.155344131086416,23719000
2023-02-01,58.150455474853516,58.68589337975009,56.21612577950859,56.30005729960668,26553000
2023-02-02,58.44180679321289,59.152828852893045,57.8610246904169,58.621251537560426,24188000
2023-02-03,57.6555290222168,58.66080076079716,57.523356953642384,57.69218787322392,19093000
2023-02-06,58.010562896728516,58.19579297290733,57.13842737403469,57.24261860184058,18709000
2023-02-07,59.27920913696289,59.526186244431656,57.85812930677956,57.94881773727689,24025000
2023-02-08,58.05011749267578,58.86726288548027,57.94495836328237,58.529597340545195,15290000
2023-02-09,57.828224182128906,59.32551807856425,57.449074995598195,59.10072912548294,18837000
2023-02-10,57.23393630981445,57.73657221700382,56.88469641547908,57.529150305810134,21035000
2023-02-13,57.993194580078125,58.027924988585056,57.25515959841238,57.40276659474552,19847000
2023-02-14,58.108001708984375,58.42347542468019,57.24069096649553,57.322694038474786,17571000
2023-02-15,58.627037048339844,58.683955612096184,57.566771468195604,57.77516127513593,12683000
2023-02-16,57.93724060058594,58.74763275185879,57.84173105653376,57.9575003123618,17449000
2023-02-17,57.459686279296875,57.96714698307038,57.15675482108652,57.88514391245161,14215000
2023-02-21,56.104209899902344,57.218497733859095,55.94020375994261,56.9203910704308,22737000
2023-02-22,55.58613586425781,56.25374209551372,55.19348022112409,56.17270325264864,23475000
2023-02-23,56.322242736816406,56.52870041509634,55.34591236602758,56.510369149021855,18939000
2023-02-24,55.73857116699219,55.97879136338113,55.339162261722045,55.71734355231581,15353000
2023-02-27,56.48142623901367,56.90109484859335,56.36662120647188,56.521949342501976,18321000
2023-02-28,57.33427429199219,57.748153918257096,56.165956805639894,56.492044341521115,27822000
2023-03-01,57.26480484008789,57.712450616271454,56.949331139424174,57.30629216556919,15484000
2023-03-02,57.754905700683594,57.9758340949416,56.54703304093369,56.86154253844155,27525000
2023-03-03,61.04567337036133,61.3322056849387,59.4046293435397,59.592755765782606,46088000
2023-03-06,61.06110763549805,62.13487603652914,60.94630260245731,61.26177630777179,24983000
2023-03-07,60.31148910522461,61.33702052935871,60.15327199594427,61.24922845329902,19334000
2023-03-08,60.997432708740234,61.04277324198644,60.168709335570796,60.56522186742791,20912000
2023-03-09,60.05776596069336,61.979557000833005,59.99602260139176,60.787119283084195,21775000
2023-03-10,59.31586837768555,60.79483091267674,59.12195295580059,60.60477606048219,26098000
2023-03-13,59.474082946777344,60.23816657280124,58.54888586729529,58.56914557676779,22364000
2023-03-14,61.016727447509766,61.104523211558,59.66993321374284,60.1416992766863,25893000
2023-03-15,60.39735794067383,60.786153031111695,59.448040482243194,60.554610841163395,22963000
2023-03-16,61.406490325927734,61.46148044597892,59.603364951892175,59.99312794508325,31716000
2023-03-17,60.872982025146484,61.70266967423068,60.4976934021283,61.40649145426032,79303000
2023-03-20,62.102081298828125,62.20144773797172,60.93376382952407,61.0437440764636,25857000
2023-03-21,61.87275695800781,62.82890347237262,61.63760590595958,62.48881127316669,25000000
2023-03-22,61.30625534057617,63.01449668587122,61.28196515976701,61.88732924932099,25799000
2023-03-23,62.113739013671875,62.98340759241048,61.365532464811956,62.08167211851561,27162000
2023-03-24,61.81639862060547,62.120539268757966,61.07596509717426,61.99713491709506,17228000
2023-03-27,60.90980529785156,62.10110657891117,60.82721200702776,62.09139124746654,14707000
2023-03-28,60.70186233520508,60.88065259609912,60.134392114597404,60.75335989075927,12439000
2023-03-29,60.779598236083984,61.60651341523704,60.696033783974585,61.4869937118208,26395000
2023-03-30,61.58124542236328,61.80473509901001,61.148840918697054,61.48213125548061,21523000
2023-03-31,62.33819580078125,62.40427191172516,60.81943494511208,61.26933149024812,22097000
2023-04-03,62.42856979370117,62.567520161329675,61.842636339554566,62.09139108055603,15682000
2023-04-04,61.64537811279297,62.60055710159483,61.411198240328844,62.49464109298743,13429000
2023-04-05,61.12066650390625,61.382050065866466,60.79903380109713,61.32763531333405,16908000
2023-04-06,60.501686096191406,61.06138325908043,60.145073062977964,60.64938431899664,14493000
2023-04-10,60.96324157714844,61.00988331728894,59.90020800437615,60.055679235935635,15400000
2023-04-11,60.397727966308594,61.30237697829947,60.324850002952836,61.29265793959753,16518000
2023-04-12,59.92449951171875,60.97587545280552,59.88174612677835,60.95838711656928,14112000
2023-04-13,60.657161712646484,60.87676673807296,59.96434112529842,60.15479645167934,17265000
2023-04-14,60.200469970703125,61.02544287068463,59.77972678599826,60.291811140995065,17465000
2023-04-17,60.96033477783203,61.05556059327055,60.032363098447036,60.11010057611836,13201000
2023-04-18,61.442291259765625,61.75129141559417,60.93798367116669,61.37427282379416,16806000
2023-04-19,61.65412902832031,61.87664756295107,60.784460422491115,60.9049512936528,19060000
2023-04-20,61.510311126708984,62.45383249729584,60.93895625125667,61.00891701367581,20239000
2023-04-21,61.4986572265625,61.58611003829067,60.43853699168591,61.27516753141876,14807000
2023-04-24,61.65800476074219,62.076805555008164,61.390790549368546,61.570551960884536,12338000
2023-04-25,60.44144058227539,61.79889941340742,60.4142332100473,61.60455945175259,23670000
2023-04-26,59.87495040893555,60.54930784011043,59.61453800969101,60.24225369491984,17179000
2023-04-27,60.090660095214844,60.25390433364963,58.615627561670124,59.874943435361274,18250000
2023-04-28,60.87677001953125,60.90397739523413,59.71656448887715,60.154799694221055,16183000
2023-05-01,61.98935317993164,62.090409666976825,60.847610962157695,60.8767643667944,17030000
2023-05-02,59.5008430480957,60.87676514938502,58.78955927344186,60.804858359325564,28357000
2023-05-03,59.58441162109375,60.434645809416125,59.50667785137369,59.94393818284368,19816000
2023-05-04,59.28901672363281,59.658262333156294,58.42712485622319,59.27347071061929,17684000
2023-05-05,61.2285270690918,61.359704436072185,59.600936539696036,59.851633616781704,24876000
2023-05-08,61.12552261352539,61.287799416161675,60.30152460826164,61.19548708621229,13934000
2023-05-09,60.10038375854492,60.64064661212882,59.842881150171664,60.51043671092201,16990000
2023-05-10,60.85441589355469,61.022519659704955,60.07705968711596,60.44533411278083,19174000
2023-05-11,60.990455627441406,61.069164267557014,60.0498551295354,60.88454331821925,14430000
2023-05-12,61.32860565185547,61.47921737267018,60.65424826988121,61.05944539650896,11942000
2023-05-15,62.16912841796875,62.19050511369718,61.06819708077351,61.398573968857285,14614000
2023-05-16,62.32847595214844,62.85999832000378,62.06515008766008,62.233250143326565,14967000
2023-05-17,63.886112213134766,64.21939885284253,62.63359437716024,62.902754642032676,24133000
2023-05-18,65.87129211425781,66.01315597631809,63.743274875718924,63.743274875718924,26389000
2023-05-19,66.29398345947266,66.5563456312989,65.92085685675475,66.07535325858744,22968000
2023-05-22,65.91695404052734,66.53009856173858,65.50398759809717,66.21137935712575,17796000
2023-05-23,66.70694732666016,67.92059644541234,66.27162931571922,67.10923098717954,36088000
2023-05-24,66.02967834472656,66.49414606978924,65.69249962622914,66.21526675418227,23021000
2023-05-25,70.81722259521484,71.1660626884402,67.12186767204673,67.96141172044541,49263000
2023-05-26,78.97267150878906,79.19130168133033,72.58765631007392,72.62748879853021,82500000
2023-05-30,78.06024169921875,89.56901314180018,77.6200604765352,81.1482935680742,116912000
2023-05-31,78.50917053222656,79.84136827068279,76.77663884789179,77.24013542444172,89998000
2023-06-01,76.75914764404297,78.29831414231093,76.2937013463845,77.79594143014181,80792000
2023-06-02,78.9017333984375,80.04542179505289,76.49193082358916,76.82619605717005,62815000
2023-06-05,77.95919799804688,78.62966340894727,77.19932632595983,78.62966340894727,26222000
2023-06-06,76.76399993896484,77.93003241569423,75.44055018663006,77.93003241569423,37823000
2023-06-07,77.01956176757812,78.26527412950664,76.52205227011535,76.74651683618217,28957000
2023-06-08,78.143798828125,78.22250745793221,76.64544361514338,77.24109231808399,21909000
2023-06-09,78.18461608886719,79.46045661322682,78.11271300314995,78.29927997450369,19241000
2023-06-12,83.11500549316406,83.37153321925297,78.81621819630863,78.81621819630863,51065000
2023-06-13,82.7030029296875,83.88263904087404,81.7196454095089,83.67567025012923,38990000
2023-06-14,86.10977172851562,86.3390920951617,82.32404706068444,83.16747570043243,43524000
2023-06-15,85.84256744384766,86.28371245824262,84.63668754624908,85.9377932649397,33814000
2023-06-16,84.35391998291016,86.4761101610408,84.09544990808176,86.41100520773108,68299000
2023-06-20,84.34614562988281,85.22455833206372,83.6640115248961,83.82434228564239,27535000
2023-06-21,82.80561828613281,84.59720306882974,82.50669537687683,84.01108074030131,23229000
2023-06-22,82.29470825195312,82.92772451830331,81.59917664514087,82.55456278945316,23464000
2023-06-23,80.31360626220703,81.66853006176636,79.99124385192337,81.47218211598403,37413000
2023-06-26,80.2628173828125,81.76426621852171,80.12507942417744,80.59202161260899,21372000
2023-06-27,82.87789916992188,83.03420242248575,80.20126931983461,80.95150555447302,24923000
2023-06-28,82.83296203613281,83.8674686214434,81.7701267916906,81.93326439225156,19445000
2023-06-29,84.26214599609375,84.2885145339936,82.6835142498578,83.4689210505822,23386000
2023-06-30,84.73687744140625,85.43436906442264,84.43404924459901,84.84335771428933,23145000
2023-07-03,85.61705017089844,85.64537883061664,84.49169211403202,84.85313778894742,9038000
2023-07-05,84.19277954101562,85.66200194569568,84.18203983997549,84.7339680568574,14440000
2023-07-06,82.83883666992188,83.41518818538755,82.48031997178967,82.54577177710725,23939000
2023-07-07,82.71671295166016,83.81471859021305,82.51254688030419,83.07619846986792,19409000
2023-07-10,85.74307250976562,85.88373947270982,82.86618195316943,82.86618195316943,30622000
2023-07-11,86.16507720947266,86.25788132881907,84.46336029956858,86.0732494264284,25498000
2023-07-12,86.93680572509766,87.68313655512085,86.16018611155141,86.84400160786612,28197000
2023-07-13,86.97686767578125,87.81501892828696,85.79582857371233,87.81501892828696,25912000
2023-07-14,86.80298614501953,88.24582505941048,86.56657857674753,86.56657857674753,18510000
2023-07-17,88.92963409423828,89.20901535054743,86.92019972404549,87.04035617216522,26819000
2023-07-18,88.25364685058594,88.88567938023903,87.74859768520332,88.50274680269371,24513000
2023-07-19,88.05239868164062,88.50175934721548,86.51480309288652,87.65187719211461,24118000
2023-07-20,86.77953338623047,88.60237573168094,86.55094397754084,87.18981824646862,28268000
2023-07-21,87.60108947753906,89.00778153308796,87.31584273968906,88.3571837557024,74287000
2023-07-24,88.07388305664062,88.449981221088,87.35490452135588,87.99671522288742,19992000
2023-07-25,89.67597198486328,90.18296635145354,87.97913653334908,87.97913653334908,20042000
2023-07-26,87.24354553222656,88.9560022251151,86.71212789288866,88.79775375399801,19877000
2023-07-27,87.28652954101562,88.88078996404292,86.55094578629857,88.74891002301413,21922000
2023-07-28,87.89805603027344,88.26634354775929,87.32756253005138,87.85214585911665,18791000
2023-07-31,87.78668212890625,88.01624785940685,87.03937494764219,87.67434383087898,14952000
2023-08-01,89.87232208251953,89.93288475444982,87.69389186578654,87.818937461362,19683000
2023-08-02,87.1663818359375,89.18850866560439,86.97002642605318,89.12012785312095,26877000
2023-08-03,86.45130920410156,87.46236889967057,86.0703293242698,86.61151780961944,18281000
2023-08-04,86.12601470947266,87.2953303974697,85.31716094934988,86.45131361913725,21156000
2023-08-07,87.6313705444336,87.66165187833353,86.47963644330338,86.71506021274247,11146000
2023-08-08,86.27350616455078,87.00029534596041,85.32007281846558,86.95047983801265,14081000
2023-08-09,83.10550689697266,86.30964883898726,82.90915896048652,86.23052833438537,24672000
2023-08-10,82.34062194824219,84.15760623364922,81.7711048388409,83.33898175181282,20186000
2023-08-11,81.0570068359375,81.70565189741284,80.44353224101587,81.47218081556046,20331000
2023-08-14,83.43472290039062,83.44253359115403,80.8245137662175,81.19084112538054,17688000
2023-08-15,82.30350494384766,83.48552040851968,81.71152460157488,82.95703174480036,14035000
2023-08-16,81.3725357055664,83.47378272387533,81.27191344868383,82.81830336156398,16003000
2023-08-17,80.79716491699219,82.00067465878739,80.788370436556,81.71640425811145,19228000
2023-08-18,80.674072265625,80.90168532374732,79.32207753099428,80.10357884234303,17759000
2023-08-21,84.51318359375,84.72809682824672,81.2533606329781,81.47706089422859,30012000
2023-08-22,83.59981536865234,85.45196272920094,83.12016590430927,85.32106657894133,17079000
2023-08-23,85.63072967529297,85.78800926733973,83.03420407260222,83.10942669130706,19692000
2023-08-24,83.46989440917969,88.88177204031787,83.27452277892341,88.14814091098714,30934000
2023-08-25,83.21198272705078,84.93323371049048,81.82970674341105,83.71996078510378,24181000
2023-08-28,84.1165771484375,84.41452369453576,82.75188254496646,83.65842200852458,14306000
2023-08-29,86.93484497070312,87.21911533802073,83.66134595979719,83.85476488310027,27822000
2023-08-30,87.16442108154297,87.79255566841368,85.87788547973696,87.17516823477348,23234000
2023-08-31,90.15463256835938,90.23082407036246,87.30997592475751,87.7241735892221,55203000
2023-09-01,85.23412322998047,88.1012431440086,84.46630545235084,88.1012431440086,65017000
2023-09-05,85.19993591308594,86.25788955927355,84.69488678462679,84.94008137294196,24808000
2023-09-06,85.2096939086914,85.70790119804595,84.66948925108531,85.232164550267,20142000
2023-09-07,83.72095489501953,84.17617362788586,82.10813651567028,83.96223669822218,27789000
2023-09-08,83.77173614501953,84.0921533307303,83.04592324848929,83.52263622880231,16810000
2023-09-11,83.92707061767578,84.89026748129052,82.60926985909344,84.86779683786953,15710000
2023-09-12,82.4988784790039,83.84207879676585,82.21948977210614,83.05764843985021,16680000
2023-09-13,83.32042694091797,83.92413820299811,82.47152854873262,82.75970429110748,17413000
2023-09-14,85.14815521240234,85.63952069622857,83.52263719325396,83.91631687270713,19648000
2023-09-15,83.19831848144531,84.8082077402221,82.34062560209746,84.8082077402221,50190000
2023-09-18,83.03421020507812,83.65257401289144,82.0573371438419,82.30937355369164,16541000
2023-09-19,82.9560546875,83.13482113761725,81.91080085903364,82.64247928425506,13126000
2023-09-20,81.57803344726562,83.48545427884952,81.55642956948728,83.48545427884952,13681000
2023-09-21,79.3965835571289,80.78540645148017,78.09321700308489,78.09518031079801,53654000
2023-09-22,81.43168640136719,81.5790169079255,79.59498956603471,79.67945675844229,27764000
2023-09-25,81.90411376953125,82.36280083992177,80.83549001954987,81.32560499625164,15648000
2023-09-26,80.16564178466797,81.54856719550949,79.67650842026464,81.44052532818151,17641000
2023-09-27,80.2265396118164,80.90130300688956,79.00567692105713,80.46717969472941,15352000
2023-09-28,81.71847534179688,82.39226446686787,80.01732190951432,80.5565420467742,16180000
2023-09-29,81.57901763916016,82.90105060755054,80.82567698415359,82.15556318342018,16481000
2023-10-02,82.00823211669922,82.36280395723642,80.88361659407224,81.4297158279837,14676000
2023-10-03,80.03206634521484,82.08681025830873,79.45060503590084,81.22739103487159,18761000
2023-10-04,80.91407012939453,81.57901697034683,80.17644343572861,80.57226725055892,16417000
2023-10-05,80.91899108886719,81.38749478649875,80.09590800247776,80.55066854530604,11474000
2023-10-06,83.0208740234375,83.32829651790374,79.72659377170635,80.48092352144307,21103000
2023-10-09,84.06397247314453,84.13567817188876,82.29111295413487,82.54943031719382,15760000
2023-10-10,84.31246948242188,85.70128493602466,84.04825471414507,84.18870615638144,14718000
2023-10-11,85.8987045288086,85.97531099556116,84.1297718135512,84.44014677651944,14334000
2023-10-12,88.94743347167969,90.15847963374915,86.0823754532952,86.0823754532952,43871000
2023-10-13,86.745361328125,90.94227649025757,86.63830110375811,89.28138551879047,28312000
2023-10-16,88.64984130859375,89.94829972011809,87.51049326631575,87.51049326631575,21150000
2023-10-17,86.86518096923828,87.70789703591281,85.0579413356999,86.93884247196738,33008000
2023-10-18,87.12349700927734,87.96818386461788,85.9615561361359,86.42810395833123,20404000
2023-10-19,85.23768615722656,87.3651173999168,85.02553652139518,87.12252150749316,26620000
2023-10-20,83.84297180175781,85.93209602510247,83.6671583488789,85.93209602510247,26953000
2023-10-23,84.68668365478516,85.80442027900662,82.7812259663497,84.26826678775208,16456000
2023-10-24,86.54204559326172,86.72768308947732,84.7750760711957,84.86151406896936,14972000
2023-10-25,83.45010375976562,86.30829043951115,83.10142926391181,86.14524595894406,21432000
2023-10-26,81.20283508300781,83.920562299294,80.37680715034709,83.28115349388293,27917000
2023-10-27,82.34317016601562,82.52488105325133,81.37865396209918,81.52205786531292,18236000
2023-10-30,82.62701416015625,83.43044908608782,81.24211796336596,82.61228185964065,20889000
2023-10-31,82.63880157470703,83.04444940000667,81.77741909972515,82.88631321584363,14747000
2023-11-01,83.77519989013672,83.8626195360845,82.06913048912325,82.70067860680138,18684000
2023-11-02,85.57850646972656,86.48213007407969,84.46863064841624,84.66506632692648,18759000
2023-11-03,86.69624328613281,87.16966271468262,85.55493955114576,86.18746933198196,18041000
2023-11-06,86.5145492553711,87.01153592350285,85.5696810974235,86.58624746170813,12870000
2023-11-07,88.18328094482422,88.5712515138989,86.05584979209429,86.66088575063831,19365000
2023-11-08,89.49059295654297,89.66542477368579,88.29919479068913,88.3974126393579,15280000
2023-11-09,89.51514434814453,91.32434744447878,89.23816808187532,89.62514953154457,24486000
2023-11-10,94.04698181152344,94.18743325031302,90.18597977728673,90.53269842538764,36272000
2023-11-13,93.00684356689453,93.54410049743653,92.37332460597786,93.31328444110767,16893000
2023-11-14,95.56349182128906,95.93771178304198,93.82403105351675,94.52040585168449,23886000
2023-11-15,95.80313873291016,96.42683359842145,94.96925755120985,96.20681575715705,16099000
2023-11-16,94.24636840820312,95.14507625806034,93.35944789813149,94.68344416641928,26198000
2023-11-17,96.03199005126953,96.63701849864526,93.406583230502,94.1147452736324,19789000
2023-11-20,97.7979736328125,98.206566427854,95.56741636209334,95.56741636209334,18674000
2023-11-21,96.37281036376953,97.33535561207485,95.43285064585264,95.76384781333333,43344000
2023-11-22,95.46919250488281,97.0397262368653,95.37097466665443,96.61738278829662,33743000
2023-11-24,96.14396667480469,96.24120286254485,94.95355024846265,95.75993019318513,23158000
2023-11-27,93.33194732666016,96.35415233053737,93.24256437049205,95.87680627999539,96962000
2023-11-28,92.94986724853516,93.39283290039168,91.75257184893304,92.32028246731902,39025000
2023-11-29,92.40769958496094,94.23457986401985,92.2642956952001,93.14532627088907,34843000
2023-11-30,90.92459106445312,92.56387065079862,90.20169663535461,92.42440086139081,49571000
2023-12-01,91.343994140625,91.72704900044107,89.1831714701989,90.60342241078615,29612000
2023-12-04,90.75172424316406,91.43925660715664,90.01212675802685,90.42465366996315,25009000
2023-12-05,89.68603515625,90.09364629326178,88.97198317289276,89.53674884185439,37066000
2023-12-06,88.75492095947266,90.45706376418131,88.70188167771923,90.39715290551804,24813000
2023-12-07,90.58377075195312,90.7664632890617,88.7549270342923,88.94154618704668,43517000
2023-12-08,92.74851989746094,93.38006801402642,89.43165397789161,91.13182595936934,69668000
2023-12-11,101.09127044677734,102.09997592890086,93.906523796334,93.99688090727261,101184000
2023-12-12,105.3186264038086,106.0169719369861,100.63356737754583,100.96849867014186,90242000
2023-12-13,107.02862548828125,108.01965369107577,104.36196673126115,104.89824943884895,71654000
2023-12-14,108.67871856689453,110.14906369193314,107.08658092182813,107.27320006406477,66964000
2023-12-15,110.96231842041016,112.9404559074238,107.51285411184944,107.57179081263003,118544000
2023-12-18,112.6575698852539,113.13098927971015,109.87207109127385,110.08422820376488,54741000
2023-12-19,112.44347381591797,113.51701153217255,111.74586927550678,112.68225439192373,36020000
2023-12-20,109.5622787475586,112.61910511864727,109.45176773781479,111.7646096005948,34523000
2023-12-21,111.23079681396484,112.03299531264592,110.01813423671366,111.75967629750343,24106000
2023-12-22,110.70685577392578,111.69553783412569,109.87308485200533,111.29888010319544,19089000
2023-12-26,111.6846923828125,112.04089466131646,110.8094798143667,110.92986002941745,16793000
2023-12-27,111.12028503417969,112.44247996983574,110.80355205808243,112.09022237249489,20055000
2023-12-28,110.74928283691406,111.71922017623118,110.41774981695562,111.66495084060719,21247000
2023-12-29,110.14147186279297,110.94367035353933,109.98557455845496,110.65555129762507,20558000
2024-01-02,107.09549713134766,108.73540361932663,106.2775124586859,107.76053548023992,28831000
2024-01-03,104.45111846923828,106.07129413146792,104.12846096036911,105.59767015698053,34735000
2024-01-04,103.5068359375,105.52860015235848,103.3450141001766,104.38993781294526,25658000
2024-01-05,103.53347778320312,104.14326064978513,102.76680391735646,103.76239666409363,22475000
2024-01-08,106.0564956665039,106.36731163963721,103.80186032564399,104.24588421983411,33110000
2024-01-09,106.81034088134766,107.40828974118176,105.0559711219507,105.14575755089747,23225000
2024-01-10,106.62089538574219,106.8567174517454,104.84778084388776,106.5991921674479,17643000
2024-01-11,108.53610229492188,108.66634419036734,106.02294787509592,106.99091292914878,25757000
2024-01-12,109.29585266113281,110.08620956270094,108.53904804323525,109.73197965286954,26882000
2024-01-16,110.01419067382812,111.12719762777003,108.40289048628084,109.75567169970373,26145000
2024-01-17,108.90018463134766,109.83163881504457,107.57208026064178,109.15870359267,18314000
2024-01-18,112.8707046508789,113.13119594338298,110.69698788638317,110.99496860571932,32228000
2024-01-19,119.51028442382812,120.08257034219625,114.0636425342731,114.19290578395805,53077000
2024-01-22,120.42792510986328,121.4965319241514,119.21624116957845,120.00857046497362,31222000
2024-01-23,121.00119018554688,121.0673010583075,118.75247951201578,120.47724909772313,16952000
2024-01-24,123.72057342529297,126.74779964726746,121.46495192046135,122.57895256093742,34805000
2024-01-25,121.36529541015625,126.3975209983414,121.24688753382326,126.3975209983414,36356000
2024-01-26,118.88668823242188,120.49798851242993,118.42787179320729,120.3489943704575,25818000
2024-01-29,120.15856170654297,120.74071688465001,118.89754668191266,119.87635962769205,21526000
2024-01-30,119.21031951904297,121.16795268407203,118.82846184602194,120.0598766205401,20683000
2024-01-31,116.43174743652344,118.13086170176541,115.87030936264969,117.36418782461975,27400000
2024-02-01,118.40615844726562,118.7100637311887,116.34393864350321,117.15698502397248,19411000
2024-02-02,120.80680847167969,121.82805658174901,118.91331390156759,119.26852998089629,26689000
2024-02-05,122.65788269042969,123.11670662406353,120.59072462581635,121.06533477068959,22045000
2024-02-06,120.64006042480469,125.5203257399298,119.58329518312493,124.67767933289008,25354000
2024-02-07,124.03533172607422,124.27707078643549,121.03967798339666,121.75997938201859,25768000
2024-02-08,125.78179931640625,127.87461268573944,124.819758897801,125.01611165212222,29326000
2024-02-09,126.63826751708984,126.86620023450372,123.23906033410219,123.53902093447454,26293000
2024-02-12,124.81878662109375,127.29247176256251,124.2267622612969,127.28655475600377,24778000
2024-02-13,123.50151824951172,123.91790684456006,121.07815800584319,121.87048726563188,31907000
2024-02-14,124.54447937011719,125.60815538149038,122.48225958643206,125.23715305397577,27306000
2024-02-15,124.82569122314453,126.29884511232561,122.83056102261368,126.29391427376761,21873000
2024-02-16,122.89271545410156,125.87258294368536,122.58782402580101,124.23069656858195,21268000
2024-02-20,121.0248794555664,122.12703854850915,119.64447051020201,121.94350596363712,26329000
2024-02-21,121.11369323730469,121.17289341445172,118.66566353150057,120.18125280724837,20640000
2024-02-22,128.75575256347656,129.3556737398479,125.95053463293563,126.46757255688706,40819000
2024-02-23,127.91407775878906,130.2081898360714,127.16912217986477,129.09814143325545,23115000
2024-02-26,129.17312622070312,130.12629119890357,128.41632153892164,129.25897550840293,16282000
2024-02-27,127.9002685546875,129.45038860210673,127.50459701369293,129.1731174035163,12126000
2024-02-28,127.22834014892578,128.12624970712972,126.59190809327606,127.58158395412683,10967000
2024-02-29,128.3206024169922,129.10109013045638,127.01715978079677,128.5988522565441,27536000
2024-03-01,138.05747985839844,138.9050571770439,130.24569117020468,130.83081235920048,44488000
2024-03-04,138.36236572265625,141.905643970494,136.6780513792144,138.45018735102218,34854000
2024-03-05,132.49044799804688,137.64601255521973,131.46624880007056,137.64601255521973,36040000
2024-03-06,133.205810546875,137.62923185301048,132.9157116295011,137.30855420918928,43196000
2024-03-07,138.8310546875,139.55134860062103,135.46439843827693,136.36230793830225,62832000
2024-03-08,129.13265991210938,139.42207709523953,128.42815981870567,137.57199649433667,74025000
2024-03-11,127.59339904785156,128.17555414744095,123.59130481409967,126.0945898095279,31105000
2024-03-12,127.4710693359375,129.04092800275058,124.25439327503726,128.96296805169408,42789000
2024-03-13,124.11526489257812,126.58301796775629,123.5715853378286,126.58301796775629,37838000
2024-03-14,124.54940795898438,125.62098082094704,123.11276483855895,124.57604954357453,38029000
2024-03-15,121.90798950195312,125.05262990168602,121.37220684411093,123.68011781883817,88823000
2024-03-18,122.07967376708984,124.60960046777764,121.53303573310355,123.73142940962579,25737000
2024-03-19,122.15565490722656,122.37864926069834,118.80182645564905,120.07764142590712,24491000
2024-03-20,126.44035339355469,127.6284542487443,121.54425595762277,122.77596322516155,40946000
2024-03-21,133.57492065429688,139.08537093887162,130.40400575237865,131.62480383158555,72468000
2024-03-22,134.116943359375,136.3712617209385,133.39160122326675,133.77309683395939,38624000
2024-03-25,133.92965698242188,134.609411929263,132.53146983816646,133.28061098629,21237000
2024-03-26,131.93893432617188,136.73990382579728,131.84181782055623,135.22875406388766,23522000
2024-03-27,130.67453002929688,133.77311054565794,128.42417290708966,133.77311054565794,25583000
2024-03-28,131.33644104003906,131.80019005996675,129.9610549799594,130.592259263677,19856000
2024-04-01,133.7988739013672,135.05931700881513,131.33645717492527,131.3632046600753,17252000
2024-04-02,132.65931701660156,133.01702868185134,129.15644012555333,130.3831803629661,24694000
2024-04-03,135.08209228515625,136.4307309218434,131.32256646890596,131.59309556232606,28650000
2024-04-04,130.55262756347656,139.1220277135209,130.3048996174358,137.27298898541278,27014000
2024-04-05,132.72569274902344,134.8858883402912,130.22562723145597,131.39491102051804,19438000
2024-04-08,132.39573669433594,133.0299196917864,130.37922739271283,132.1529681225346,17139000
2024-04-09,132.19557189941406,134.71248132837366,129.67468588026327,134.50340038098267,18008000
2024-04-10,131.0352020263672,132.3610394625839,130.35246839886332,131.0976329770684,17467000
2024-04-11,136.98960876464844,137.92205117779304,131.16205914414306,132.05685246927374,31713000
2024-04-12,133.18548583984375,135.4090952824155,132.44726135493508,133.9722761334843,27823000
2024-04-15,129.87782287597656,135.75492069723197,129.41309103387428,135.75492069723197,24370000
2024-04-16,131.69813537597656,132.4175353185553,129.9085488272106,130.3425566027372,18923000
2024-04-17,127.09732818603516,133.4758243111024,126.97742567386442,133.09036721869782,24718000
2024-04-18,124.75481414794922,128.09022080300983,124.40501784677376,127.62945041756727,24888000
2024-04-19,119.37615203857422,124.8549034459283,118.66764607588499,124.75482339712093,44797000
2024-04-22,121.33319091796875,122.19924841476454,118.9629314783413,121.33715238805195,25162000
2024-04-23,123.78372192382812,124.64680836294164,121.68596464448629,121.70082771812856,22025000
2024-04-24,124.53978729248047,127.39361081222067,123.36456875524041,125.24135309158976,20108000
2024-04-25,128.26560974121094,129.61423323502794,124.55761333865347,126.08857785343251,30410000
2024-04-26,133.18548583984375,134.35079308734313,129.12869855902008,129.80945148758067,24100000
2024-04-29,132.64544677734375,134.06840084620399,131.3651963584878,133.18648986995905,13372000
2024-04-30,128.8452911376953,133.60960921868195,128.7244058161208,131.68029763049094,22113000
2024-05-01,123.15647888183594,128.06248010624563,123.00685021798488,126.67124047077718,30958000
2024-05-02,122.73136901855469,125.29584629969077,121.21923659517678,124.48627000234532,29480000
2024-05-03,126.64942932128906,127.22118889630387,123.58057525359332,124.75580128402083,24898000
2024-05-06,129.84017944335938,129.88575147072393,126.3482039464057,127.45306100797947,16287000
2024-05-07,129.12673950195312,130.70030523329183,128.4975006988726,130.44761783236234,12413000
2024-05-08,131.33248901367188,132.57509032097022,127.67800253037761,128.1744563928272,13918000
2024-05-09,129.38040161132812,130.9599094499033,129.0167325719135,130.5853539266878,12170000
2024-05-10,132.06874084472656,133.17855736809057,130.33564289457635,130.33564289457635,16300000
2024-05-13,132.53546142578125,134.60448288398828,131.80218119383957,133.57492399264711,18507000
2024-05-14,136.7488250732422,136.94304296489562,131.37510556141544,132.02315373862575,19420000
2024-05-15,142.31179809570312,142.58727148177846,135.7529489913657,136.74584162232296,32757000
2024-05-16,139.92962646484375,143.22638593413546,139.22905109151358,141.3040297294084,28395000
2024-05-17,138.2609405517578,140.66290678261453,136.9222056353851,139.95836993866487,18174000
2024-05-20,140.117919921875,140.40627565722136,138.04988115378407,138.33131187592772,27170000
2024-05-21,138.64837646484375,139.65811280128597,138.07958801447188,138.59684711615782,15333000
2024-05-22,137.95872497558594,139.2231295971234,137.16401165275983,138.33229769375686,21002000
2024-05-23,138.06275939941406,141.60130496003438,136.54766332432766,141.54483132783957,31039000
2024-05-24,139.50453186035156,140.07332034814235,137.93690857263894,138.7068550709983,16730000
2024-05-28,139.96133422851562,140.43004265289176,137.98843146941218,139.71856567269825,22919000
2024-05-29,137.80313110351562,138.63847203997318,137.04310345473874,138.63847203997318,26861000
2024-05-30,135.16830444335938,137.02130471083592,134.33196555215457,136.64673411528304,21728000
2024-05-31,131.6475830078125,135.01669220122312,129.5379339620685,134.8987704310315,73091000
2024-06-03,130.9886474609375,134.07038409781526,129.06925460413373,134.04065795020196,26278000
2024-06-04,131.87254333496094,131.98848438636747,129.51318527516332,130.84000571635096,23048000
2024-06-05,140.0247802734375,140.14962707283433,132.83570934835384,133.37675246604996,32947000
2024-06-06,138.85350036621094,140.97603180424818,137.56234842581918,140.8947763087431,20172000
2024-06-07,139.3856201171875,141.20493274651693,138.43235739297037,139.49858249089283,17859000
2024-06-10,142.73788452148438,143.58808863088674,139.63236394474333,139.69875637306248,31082000
2024-06-11,144.77520751953125,145.16960064188956,140.335926154805,142.51296590854352,34844000
2024-06-12,148.19186401367188,149.21151927788233,146.29823580312788,148.63678854775046,56697000
2024-06-13,166.37310791015625,172.00743718927686,163.75016114314332,169.44592344804516,89061000
2024-06-14,171.9271697998047,173.13608348297106,166.68129122420464,167.152963214929,69705000
2024-06-17,181.22488403320312,182.6250519949534,176.24159670089588,178.36412813221642,87528000
2024-06-18,178.6138458251953,183.4792267499585,176.87876724013043,182.28715686379854,86797000
2024-06-20,171.87960815429688,178.8348311150876,170.65682928121024,178.7069905372297,68157000
2024-06-21,164.35562133789062,169.8422877591837,163.64116565726786,168.02495576009179,99999000
2024-06-24,158.2749481201172,165.11308808287376,158.12087029857375,163.2293433757166,58575000
2024-06-25,157.1397247314453,159.64973084724264,155.47070012438482,159.06223903935728,56810000
2024-06-26,158.2540740966797,160.8565148948284,156.42400941763205,158.8127313273431,46479000
2024-06-27,157.7232666015625,159.60799739883376,156.1665768884448,158.2540903765215,31649000
2024-06-28,159.59902954101562,162.94901618969016,157.65764601615336,158.63976696099562,69377000
2024-07-01,163.10508728027344,163.89536180664135,158.4031957799921,159.86446269082361,47623000
2024-07-02,164.76316833496094,164.93414344211865,161.23624552920063,163.1050798977856,32539000
2024-07-03,171.89454650878906,171.89454650878906,165.45702701828998,166.0077361661244,39954000
2024-07-05,169.31893920898438,175.49800904402613,168.59229496363244,174.5128999312088,45240000
2024-07-08,173.54867553710938,174.6461198758597,169.48695443706285,169.48695443706285,36398000
2024-07-09,172.3011016845703,176.0457325264952,169.54259614867505,174.61229921630004,37802000
2024-07-10,173.43235778808594,175.599412845356,171.61025626245979,173.5625913217547,41074000
2024-07-11,169.58139038085938,175.4383806511629,165.85864660526326,175.4175093082442,51026000
2024-07-12,169.0565185546875,171.56552383077457,168.1260753510352,170.08635849000052,30453000
2024-07-15,170.40147399902344,172.47905223046251,168.2543044050536,168.98991301635607,22999200
2024-07-16,168.37359619140625,171.78320880849785,165.41129159822177,171.37564127365945,22244900
2024-07-17,155.05320739746094,161.87244785468937,154.68541068498038,161.34559817589937,43343400
2024-07-18,159.5662384033203,160.55034638706488,152.98556231454728,157.94591856276037,37973500
2024-07-19,156.4150848388672,162.97586073889804,156.1864405011179,160.87839704854977,26309500
2024-07-22,160.10302734375,162.02156774984775,156.9617994759364,159.27795713471585,28813300
2024-07-23,162.79693603515625,164.34766459433044,158.94992000537655,159.44694916757987,21570200
2024-07-24,150.44078063964844,160.4509550784009,150.2022163534127,159.39725569919034,37162600
2024-07-25,148.37313842773438,152.63765708723832,144.65537004246298,150.3612550549387,30872100
2024-07-26,150.72906494140625,152.66747559353476,149.02921857376992,152.58794910932872,20839900
2024-07-29,149.3274383544922,154.07903579324676,148.26378869767066,151.1167463199099,16625800
2024-07-30,142.66725158691406,152.55812864687442,142.4982634959425,152.36925514281032,31102300
2024-07-31,159.72528076171875,160.37142775920606,150.10280367441686,150.57001229003234,45827500
2024-08-01,146.14645385742188,157.96580630379862,145.30149824474378,156.56418047632704,40320000
2024-08-02,142.96548461914062,144.4863927390781,138.77055700902645,141.08669970473017,33745800
2024-08-05,141.23580932617188,144.5559605075419,127.73649538654685,128.8399007394125,41309300
2024-08-06,143.0648651123047,148.0252213648885,139.41667306337052,140.8878750632386,24751300
2024-08-07,135.4603271484375,149.20815509120627,135.02293907483158,147.36914119121568,29749800
2024-08-08,144.87405395507812,145.40090361099902,137.57765491563833,140.3610210327322,27583200
2024-08-09,147.3790740966797,148.66141776301933,143.2537383309176,143.34319993513884,18438700
2024-08-12,147.7369384765625,150.23203449663248,145.50030731996637,147.20015367295477,17778500
2024-08-13,155.23214721679688,155.4508412554699,148.91987096697457,150.64953786335425,22053600
2024-08-14,156.75306701660156,159.29785402054426,153.80071244002494,157.0811080993464,20184200
2024-08-15,165.1428985595703,165.67968332965194,159.38729291525843,160.24218359955498,27945000
2024-08-16,164.73533630371094,165.1031330066535,161.71339069470199,163.49276347687757,19296900
2024-08-19,166.71353149414062,166.83281364158285,159.46683767449332,163.88045914737492,20441700
2024-08-20,164.96397399902344,167.36959329616684,163.17466600210344,166.05744421050957,19417500
2024-08-21,164.79498291015625,165.48088556051692,161.91221992228256,164.1389007951916,16097700
2024-08-22,161.3754119873047,171.39552092542203,160.53047157922626,169.8249070768394,30044500
2024-08-23,165.3715362548828,167.28012633447008,162.48877330686702,164.04943692080985,18848000
2024-08-26,158.6715850830078,164.71546152300374,157.71729758455527,163.97986806963956,18521200
2024-08-27,160.4310760498047,161.06727278529524,154.90411406620674,156.6636015878473,16683100
2024-08-28,157.24014282226562,161.3157881322914,155.32161748380648,159.12886279174472,18063600
2024-08-29,155.99757385253906,162.23032412462845,154.4866160402539,157.5483176621903,23519300
2024-08-30,161.8525848388672,162.27008751798223,157.76700448908807,160.16267354057243,25158500
2024-09-03,151.88217163085938,159.78494780439127,150.4805608573739,159.42708618457803,37179100
2024-09-04,153.2042694091797,156.85246176591298,148.2637981523412,149.40697436587254,20324100
2024-09-05,151.9119873046875,155.43094679538282,149.21808280408638,149.67535626782077,31548500
2024-09-06,136.1859893798828,142.64736843805244,135.78837212047668,142.39885385889207,76634600
2024-09-09,139.98330688476562,140.74872090828976,134.0984679889083,138.2834603988103,39516700
2024-09-10,147.3293914794922,148.96958165358234,140.20197991916967,140.3809183056507,36067500
2024-09-11,157.32962036132812,157.92604627446957,144.1782173811907,147.50831894337253,39700800
2024-09-12,163.5822296142578,165.33178191053378,155.89816328720718,157.160621561338,43581900
2024-09-13,166.69363403320312,167.08131615249908,163.0653122400802,165.749281708572,29850000
2024-09-16,163.04544067382812,164.51664265716147,159.45688973482305,164.2084870222868,26126900
2024-09-17,161.50465393066406,165.03356394493866,159.74516648478613,164.50671425705235,19844300
2024-09-18,160.70941162109375,166.47495308460316,160.40125595950022,162.79694022330244,26557600
2024-09-19,166.97262573242188,169.54573339481084,165.2173342063493,167.23192549324614,32453100
2024-09-20,170.64279174804688,171.56033149294285,166.02515918915486,166.73325340125263,91758500
2024-09-23,172.47787475585938,172.85686419531285,167.90014373746888,171.54038417490486,29431100
2024-09-24,174.37278747558594,175.5197235670277,171.221228001001,172.34821327556165,34223400
2024-09-25,175.0509796142578,176.66664577954447,173.2956729477592,174.1832940805174,16613800
2024-09-26,177.61410522460938,179.76833693675755,174.53236595801704,178.02301327717737,24340000
2024-09-27,172.22854614257812,177.99309980747222,171.30102334329823,177.69389841357497,20580900
2024-09-30,172.03904724121094,172.45792309528863,169.17672129600592,171.41072585108702,16902000
2024-10-01,167.02249145507812,171.7897172235801,165.35695581962378,171.69996137198424,23770400
2024-10-02,170.20396423339844,172.37813151018096,166.57369168780568,167.10227419887718,14317800
2024-10-03,171.43067932128906,174.47253223275249,168.73789723596641,169.16674089629632,13072300
2024-10-04,176.16798400878906,176.42728376128514,172.13878634638934,175.82889620521385,17921400
2024-10-07,174.61215209960938,177.83351661502886,173.3954109727919,174.3528523515062,15588300
2024-10-08,180.24705505371094,181.11474061694395,174.4226641594835,174.95124669369847,20774200
2024-10-09,185.45310974121094,185.92185504582,175.9485765954401,178.76104842309454,25504100
2024-10-10,185.1938018798828,185.8121402469963,182.04224237508367,183.06948879310136,16318000
2024-10-11,180.9950408935547,182.1020753358746,176.92594173308197,180.65595310135217,23070000
2024-10-14,181.8228302001953,184.4557750039952,179.64866288389743,182.81019020837576,17195800
2024-10-15,175.50975036621094,181.21446687213893,172.90672407515635,180.3068948784651,27657500
2024-10-16,176.34750366210938,178.7710028394705,174.86147980576763,178.03297481090897,15285100
2024-10-17,181.044921875,185.01428242367268,180.20717014034818,180.88534576801436,25232400
2024-10-18,179.4093017578125,182.22177352781972,178.20252839412507,181.83281628494797,17835200
2024-10-21,179.509033203125,181.23440600727145,177.77367738161595,178.90066264656272,13695100
2024-10-22,178.90066528320312,180.2071622637607,176.93592830361195,178.18258805116906,12062600
2024-10-23,173.0463409423828,178.5017252208703,172.10886559436628,177.11544018884967,19513700
2024-10-24,170.89212036132812,173.83423425445514,169.04705789007153,173.79433262136072,20485200
2024-10-25,172.53770446777344,176.32755304303834,172.25845390919736,173.7245269507288,19977700
2024-10-28,171.56033325195312,173.50511942781466,170.892125448863,172.53771023966553,13195800
2024-10-29,178.76104736328125,179.74839218448548,170.75250603254733,171.97921501362705,23702300
2024-10-30,176.16798400878906,178.71117297163255,175.15070538004872,176.99576791846832,17911500
2024-10-31,169.31634521484375,173.98383202378446,166.93273237666804,173.98383202378446,26086600
2024-11-01,168.46861267089844,170.87217635719023,167.0524089998673,167.81037266072468,17847000
2024-11-04,168.099609375,171.98918183832765,167.96995188688408,168.827654432389,13621300
2024-11-05,173.435302734375,173.9339666470305,169.59559973773665,169.59559973773665,13441800
2024-11-06,179.07020568847656,179.72844567466583,175.48980261568107,179.14999373692504,24300800
2024-11-07,183.31881713867188,184.37598215250276,181.30421075838206,181.50368848915443,18970600
2024-11-08,183.14927673339844,184.55551258487455,181.34411584880115,182.5010197500729,13503200
2024-11-11,178.43191528320312,183.13930358296358,176.34750389271986,182.90990723850754,17036700
2024-11-12,175.7490997314453,179.0801708097812,172.73716562411667,178.42193083343537,15862000
2024-11-13,173.1161651611328,175.12078860477726,172.13878815666095,174.24315046970685,17472500
2024-11-14,169.92471313476562,175.10084678161738,169.41606622411808,174.30298150880918,20638900
2024-11-15,164.39950561523438,168.68801806098773,162.9932698101128,168.01981028262827,20836200
2024-11-18,165.227294921875,165.90548573974348,161.78651705293655,165.21732712235288,17870300
2024-11-19,164.9081573486328,166.35427961092088,163.87092791749188,166.2146543280382,18003400
2024-11-20,162.8137664794922,165.09764048946482,160.43015360039664,165.09764048946482,17196700
2024-11-21,163.50192260742188,165.89550324959322,160.17085139469546,165.80574739956506,24835300
2024-11-22,163.7911376953125,164.46932850175867,161.9660260245418,163.86095794483512,17332500
2024-11-25,164.37957763671875,166.78312610318562,162.45472704199628,164.95801437708639,26850600
2024-11-26,164.29978942871094,165.9254234160131,162.25526436800246,164.1601641435804,16308800
2024-11-27,159.2433319091797,162.7638979121666,157.11901877326426,162.7638979121666,19722700
2024-11-29,161.6468963623047,162.25526694675978,158.65491287508587,159.14360898981698,11024000
2024-12-02,166.06504821777344,167.93006157132044,162.31510112945833,162.51456364791926,21472400
2024-12-03,167.70066833496094,167.82035802267387,163.59168254983825,164.04047702922054,17024400
2024-12-04,170.10423278808594,174.92132804838783,168.10957712177532,172.97654181733802,32748200
2024-12-05,170.01446533203125,171.9393006140048,168.74785480932528,170.29371588881483,18490000
2024-12-06,179.05026245117188,180.19718335788843,168.87752172259275,169.64546840565455,27830800
2024-12-09,178.4618377685547,180.30688505535693,175.54964243827112,178.47180556800254,20886300
2024-12-10,171.35089111328125,178.0230166948793,169.2764474119074,177.33485806100828,27762600
2024-12-11,182.71044921875,184.37598481222872,175.9585357774869,179.52897111401558,41295200
2024-12-12,180.17724609375,181.51366170895392,175.5197270397974,180.44651364590808,46967200
2024-12-13,224.1992950439453,228.0888674211582,210.54587487114176,213.3284127689918,121336600
2024-12-16,249.3319549560547,251.20693612708894,230.19323165874553,231.17060866112914,111623200
2024-12-17,239.5880584716797,241.82207827194543,233.17524787943046,240.00693433085175,70382100
2024-12-18,223.02244567871094,239.20908740395726,218.63420929022922,238.77026072150608,53960100
2024-12-19,217.7366180419922,227.44061351745574,216.99858997306328,227.30098823068704,40845200
2024-12-20,220.1999969482422,229.67461099153945,218.32503104371318,219.77115330145568,131910400
2024-12-23,232.35000610351562,233.39999389648438,225.1300048828125,226.69000244140625,40643800
2024-12-24,239.67999267578125,240.22999572753906,234.8000030517578,240.1199951171875,22827200
2024-12-26,245.36000061035156,247.27999877929688,237.60000610351562,240.0,28459000
2024-12-27,241.75,245.77999877929688,236.35000610351562,245.63999938964844,29282200
2024-12-30,235.5800018310547,238.77000427246094,231.6199951171875,234.6999969482422,27316800
2024-12-31,231.83999633789062,237.4600067138672,231.30999755859375,235.8800048828125,17927700
2025-01-02,231.97999572753906,239.5,230.24000549316406,236.16000366210938,31525800
2025-01-03,232.5500030517578,236.49000549316406,229.0,233.58999633789062,24973200
2025-01-06,236.41000366210938,241.75,233.3000030517578,236.5,34028400
2025-01-07,228.63999938964844,239.5,227.60000610351562,239.5,25928600
2025-01-08,229.30999755859375,232.47000122070312,226.05999755859375,229.6999969482422,18756500
2025-01-10,224.30999755859375,227.8300018310547,221.25,227.3000030517578,23864000
2025-01-13,225.2899932861328,229.25999450683594,219.50999450683594,219.99000549316406,23772100
2025-01-14,224.6999969482422,230.25999450683594,223.10000610351562,226.57000732421875,18143100
2025-01-15,228.0,230.33999633789062,225.5800018310547,228.5500030517578,21745600
2025-01-16,229.41000366210938,238.60000610351562,229.2100067138672,235.22000122070312,23471900
2025-01-17,237.44000244140625,238.10000610351562,232.66000366210938,237.0800018310547,31196600
2025-01-21,240.30999755859375,242.75,237.39999389648438,241.5,30903200
2025-01-22,240.91000366210938,246.99000549316406,240.69000244140625,246.75,29610500
2025-01-23,240.27999877929688,240.39999389648438,236.1199951171875,238.41000366210938,17653900
2025-01-24,244.6999969482422,249.58999633789062,241.91000366210938,244.6999969482422,25387800
2025-01-27,202.1300048828125,218.42999267578125,196.22999572753906,213.39999389648438,90569400
2025-01-28,207.36000061035156,209.9499969482422,198.88999938964844,208.00999450683594,50316000
2025-01-29,206.35000610351562,211.4499969482422,202.77000427246094,208.83999633789062,32533700
2025-01-30,215.66000366210938,221.9600067138672,213.6999969482422,218.57000732421875,42449500
2025-01-31,221.27000427246094,226.8000030517578,216.3000030517578,219.66000366210938,41151000
2025-02-03,217.72999572753906,220.94000244140625,213.50999450683594,215.4600067138672,24507300
2025-02-04,222.42999267578125,223.02999877929688,215.3000030517578,219.35000610351562,23768500
2025-02-05,232.0,237.92999267578125,227.5,233.94000244140625,29196000
2025-02-06,231.36000061035156,234.8000030517578,228.55999755859375,234.5,21169500
2025-02-07,224.8699951171875,235.64999389648438,224.11000061035156,235.0,22117500
2025-02-10,235.0399932861328,235.82000732421875,227.1199951171875,227.42999267578125,23901600
2025-02-11,235.0399932861328,237.88999938964844,229.97000122070312,232.47999572753906,18476200
2025-02-12,236.35000610351562,236.47999572753906,230.0,230.36000061035156,16397300
2025-02-13,235.8000030517578,236.9499969482422,230.72999572753906,236.05999755859375,20962000
2025-02-14,233.0399932861328,235.74000549316406,228.89999389648438,234.52999877929688,16988800
2025-02-18,228.52999877929688,232.1999969482422,224.3000030517578,230.10000610351562,26080500
2025-02-19,228.72999572753906,229.07000732421875,224.39999389648438,227.85000610351562,16375500
2025-02-20,226.74000549316406,228.97999572753906,222.75,228.64999389648438,16104000
2025-02-21,218.66000366210938,227.75,215.6300048828125,225.64999389648438,24883600
2025-02-24,207.92999267578125,219.47999572753906,207.5399932861328,218.60000610351562,33050400
2025-02-25,202.5399932861328,208.63999938964844,200.9199981689453,207.0,33100800
2025-02-26,212.94000244140625,213.5399932861328,206.0,206.91000366210938,21368300
2025-02-27,197.8000030517578,219.25,197.39999389648438,217.27999877929688,27572900
2025-02-28,199.42999267578125,201.19000244140625,193.14999389648438,195.75999450683594,39701300
