Price,Close,High,Low,Open,Volume
Ticker,NVDA,NVDA,NVDA,NVDA,NVDA
Date,,,,,
2000-01-03,0.08943964540958405,0.09099227320997402,0.0843048860564321,0.0902760300189126,300912000
2000-01-04,0.08705158531665802,0.08812640827098542,0.08263306763760352,0.0878870546153648,300480000
2000-01-05,0.0841856598854065,0.08597672550896716,0.08299161158115521,0.0845442392490693,188352000
2000-01-06,0.07869231700897217,0.08418565496671253,0.07546875848103943,0.08418565496671253,120480000
2000-01-07,0.08000652492046356,0.08084198724161952,0.07714062923850232,0.07833467784772312,71184000
2000-01-10,0.08263303339481354,0.08597672673392784,0.07881245730479539,0.08024494358510272,239856000
2000-01-11,0.07928935438394547,0.08311085359474639,0.07928935438394547,0.08215524989265736,148128000
2000-01-12,0.07725983113050461,0.07940948302334525,0.07618500860049253,0.07928934161126028,123552000
2000-01-13,0.08048340678215027,0.08120056568369571,0.07618502452805523,0.07714062827598905,132192000
2000-01-14,0.08394632488489151,0.08729001918749767,0.08143901537317283,0.08167837583139481,604560000
2000-01-18,0.08752935379743576,0.08788701756625761,0.08120054653327989,0.0850211225959507,261648000
2000-01-19,0.08669298142194748,0.08788702990226328,0.08597673818638724,0.08788702990226328,164688000
2000-01-20,0.08645457029342651,0.09218635643967513,0.08573832677871507,0.08741017432256078,179568000
2000-01-21,0.08549892902374268,0.08657375154068982,0.08334927715703201,0.08621517216924192,544272000
2000-01-24,0.0816783756017685,0.08824562274417105,0.08120057028432134,0.08824562274417105,256944000
2000-01-25,0.080961212515831,0.08287242018346215,0.0783346839103834,0.08203603536714622,237120000
2000-01-26,0.07761750370264053,0.0831108496225677,0.07618501723193485,0.08096119748618051,232464000
2000-01-27,0.07355760782957077,0.07821456442799916,0.07069171112095297,0.07821456442799916,458208000
2000-01-28,0.07140886783599854,0.07308071545023329,0.06854297805862293,0.07260291683195957,194448000
2000-01-31,0.07081180810928345,0.0733191168259539,0.06687109072358285,0.07176648918085211,182400000
2000-02-01,0.07248274981975555,0.07308068970499787,0.06830359347178666,0.07093104422977739,92976000
2000-02-02,0.07451317459344864,0.07594658357630335,0.07248274816934781,0.07284132760624801,149040000
2000-02-03,0.07570724189281464,0.07845391227344997,0.07522943650258057,0.07690128390386589,108240000
2000-02-04,0.07749825716018677,0.07809528118795706,0.0759465522456734,0.07809528118795706,123696000
2000-02-07,0.07272211462259293,0.07785687501132305,0.07260289561055334,0.07785687501132305,217488000
2000-02-08,0.07618500292301178,0.07881245297771623,0.07260287182152524,0.07451315634524484,468816000
2000-02-09,0.07809528708457947,0.08036415758116701,0.07797606812258685,0.07905089047347665,589056000
2000-02-10,0.09409661591053009,0.09553001803528184,0.08287240806757606,0.08287240806757606,970080000
2000-02-11,0.09553000330924988,0.0988736967092349,0.08860417854589539,0.09875355529731983,423792000
2000-02-14,0.1108141541481018,0.1108141541481018,0.09481285155143869,0.09576845516871778,650112000
2000-02-15,0.10651577264070511,0.11117273371580247,0.10197803738908773,0.11105351472513945,450480000
2000-02-16,0.1114111989736557,0.11511347976675997,0.10651579871870363,0.1077098474438882,1019568000
2000-02-17,0.11535189300775528,0.1160690518337211,0.10962010915222724,0.11129195602791553,535776000
2000-02-18,0.12872669100761414,0.13039853134912482,0.11284460406673005,0.11368006643865232,960864000
2000-02-22,0.1251436322927475,0.12633768100246237,0.12036745111952511,0.12466675621952132,542496000
2000-02-23,0.12586073577404022,0.12717400292306763,0.12215847032679565,0.1237110910045974,511392000
2000-02-24,0.12466669827699661,0.1274124514751762,0.11941179861190533,0.1265769894720113,244320000
2000-02-25,0.11690453439950943,0.1247859717422326,0.11176978071751827,0.1247859717422326,278736000
2000-02-28,0.11606907844543457,0.11750156523079408,0.11415787754561142,0.11630751648854448,517872000
2000-02-29,0.12227763235569,0.12371103340030361,0.11535181174366002,0.11535181174366002,306048000
2000-03-01,0.11869556456804276,0.1222776956381532,0.11678527322823952,0.1222776956381532,383568000
2000-03-02,0.11069492995738983,0.11965118158868375,0.11033727298065978,0.11965118158868375,191040000
2000-03-03,0.11248601227998734,0.11368005399827745,0.10985947717283075,0.11081416528861385,273696000
2000-03-06,0.11176975071430206,0.1218008310212671,0.11081414715730795,0.11320315263338498,432096000
2000-03-07,0.15917664766311646,0.16669949777457896,0.13708498699571847,0.143294569577087,1952208000
2000-03-08,0.16048991680145264,0.1619233189437987,0.14759386184249693,0.1590867840410869,668736000
2000-03-09,0.19162672758102417,0.20634410602118183,0.16192326340782243,0.16240015291602855,952944000
2000-03-10,0.22544975578784943,0.2770357797430183,0.2001345421225676,0.20156794389229113,2161200000
2000-03-13,0.2851566672325134,0.28658915383633327,0.2025226995782705,0.2044339070687042,2415168000
2000-03-14,0.21040408313274384,0.28360397903694123,0.20634414649991326,0.28360397903694123,1567776000
2000-03-15,0.2018064707517624,0.23130177982265693,0.19488064405357924,0.2254801092425146,995616000
2000-03-16,0.179923877120018,0.2154196687692515,0.17696902505194834,0.20825447535482472,750384000
2000-03-17,0.19082070887088776,0.20443392441594382,0.17574473721466197,0.17577500660045817,557616000
2000-03-20,0.1907014697790146,0.20467234090303266,0.18461110601031122,0.19834353912630465,365280000
2000-03-21,0.18126742541790009,0.19273098125436092,0.16622172361632015,0.1910591409502854,536640000
2000-03-22,0.1825815737247467,0.18819321595802918,0.17959553706123485,0.18270079271476752,230592000
2000-03-23,0.18580511212348938,0.19583619264729016,0.18055114072332346,0.18090971327738273,309408000
2000-03-24,0.17804387211799622,0.1929703554402097,0.1719535076802679,0.1846111262897955,231600000
2000-03-27,0.16634096205234528,0.18341709245375837,0.16478925617757453,0.1776853002006058,388944000
2000-03-28,0.15392263233661652,0.1624001613305779,0.15093659625418046,0.16060908903949161,393312000
2000-03-29,0.14377236366271973,0.15810181950625293,0.13756278156417234,0.1545196741955137,469440000
2000-03-30,0.14293596148490906,0.15619151615210888,0.1346968693664351,0.1394730490904435,361920000
2000-03-31,0.1614152491092682,0.16789353878276592,0.14998195070385872,0.15269835085856415,962976000
2000-04-03,0.14878787100315094,0.16048987432310813,0.144607800281583,0.15995245969525693,329952000
2000-04-04,0.143294557929039,0.15929585371470267,0.10890386265950625,0.15666841693617783,513792000
2000-04-05,0.1751779019832611,0.18628288044099373,0.13732429635625792,0.14472792508237478,639600000
2000-04-06,0.18329784274101257,0.19261175248703946,0.1745809436266345,0.18329784274101257,404592000
2000-04-07,0.19595542550086975,0.2006123867054738,0.18437263881916596,0.19249251276231988,318576000
2000-04-10,0.17864087224006653,0.21088191824184524,0.1749385920342257,0.19929913088375084,395280000
2000-04-11,0.16801273822784424,0.1815067307453146,0.15284782144854925,0.16619141001069343,457584000
2000-04-12,0.15057893097400665,0.17195342557986773,0.14998190691020225,0.1682520759024852,313440000
2000-04-13,0.14413005113601685,0.15714624230599034,0.14162274840617287,0.1517730368684643,313296000
2000-04-14,0.1314430832862854,0.145325005247339,0.1251436214209197,0.13493535021664776,421920000
2000-04-17,0.13815973699092865,0.14329450126048254,0.12036737559255392,0.12036737559255392,294096000
2000-04-18,0.1626395583152771,0.17147567583344422,0.14759385830245333,0.15207107559492283,477504000
2000-04-19,0.15487734973430634,0.17004318385572315,0.15284783903259017,0.16777431956681838,278352000
2000-04-20,0.15404194593429565,0.16204260397592712,0.151892299824886,0.15905748165696662,153936000
2000-04-24,0.1463988721370697,0.1516537584313703,0.13875679133096858,0.1452048239153285,205968000
2000-04-25,0.16240017116069794,0.16717726615774772,0.1526084588158711,0.152967031335331,249696000
2000-04-26,0.1607283353805542,0.17768522600932415,0.16048988376094317,0.1737445222589225,254112000
2000-04-27,0.1738637387752533,0.17553557855281826,0.14914554823860648,0.14998192592606763,280992000
2000-04-28,0.17028160393238068,0.18341700931861807,0.17028160393238068,0.1766104040485516,179040000
2000-05-01,0.17577499151229858,0.18055117220567737,0.17159490585056525,0.17672967282616267,119424000
2000-05-02,0.16896840929985046,0.18604453929775547,0.1640720796131675,0.17577501749422222,234000000
2000-05-03,0.16622167825698853,0.17338685649833277,0.15284782040900358,0.16789351810484474,329184000
2000-05-04,0.1682521402835846,0.1752971854535522,0.16443064092086032,0.16586312751697826,241200000
2000-05-05,0.17601338028907776,0.18007331654557263,0.1652660577212985,0.16753492159417605,170592000
2000-05-08,0.16956542432308197,0.17768528619380666,0.1693260570250236,0.1714757027253247,185136000
2000-05-09,0.16717728972434998,0.17386376144016663,0.16240019405388387,0.17243127502382385,176832000
2000-05-10,0.15069814026355743,0.1656246155011523,0.14926473871031887,0.1655053965486163,274080000
2000-05-11,0.15714621543884277,0.15989288499499493,0.1508174140919861,0.15284784040950045,245904000
2000-05-12,0.15237000584602356,0.17004315267047496,0.15237000584602356,0.1614454886685036,187824000
2000-05-15,0.16287800669670105,0.16550545726481217,0.14425016151993453,0.15165379237850915,282096000
2000-05-16,0.17959553003311157,0.18473029610537167,0.16813196317453494,0.17004317032685962,366432000
2000-05-17,0.2111203372478485,0.21900177295414713,0.18902959405415007,0.18914881304436348,1290624000
2000-05-18,0.196790874004364,0.21577729007875054,0.19547760663587394,0.2123143775815862,509904000
2000-05-19,0.19511906802654266,0.20156800453449503,0.1896266440282852,0.19105913063165492,521184000
2000-05-22,0.20777755975723267,0.20777755975723267,0.17589417563948415,0.19297029972717608,517152000
2000-05-23,0.2061057686805725,0.22533062807280188,0.19917994176014497,0.2025227206038438,778560000
2000-05-24,0.20347824692726135,0.20921003680721514,0.17625274037665692,0.2058663435274213,739632000
2000-05-25,0.2006123811006546,0.21876333577041152,0.19810506524461857,0.20646339060784413,569184000
2000-05-26,0.20162755250930786,0.20717958394022135,0.1891487681991695,0.20162755250930786,183456000
2000-05-30,0.2099263221025467,0.21518029419959983,0.2061057384800528,0.20706041975408,303648000
2000-05-31,0.21804621815681458,0.2216292660636081,0.20921009956430195,0.20921009956430195,469536000
2000-06-01,0.22413651645183563,0.22652461321137615,0.21852395884034137,0.2244951026709939,418992000
2000-06-02,0.25136300921440125,0.254108763532263,0.22879352750159143,0.22879352750159143,592176000
2000-06-05,0.25676560401916504,0.26939385701461144,0.24097340029281017,0.2510044712684808,491904000
2000-06-06,0.24395935237407684,0.26724414576645233,0.24264515559249422,0.25769178494469297,375888000
2000-06-07,0.23309281468391418,0.24419781123451406,0.229509766888521,0.24216830028388425,332352000
2000-06-08,0.23488382995128632,0.23930233899142214,0.22544977404138397,0.2390629990992719,460704000
2000-06-09,0.241570383310318,0.25219850543333155,0.23571938565888712,0.23930243399714687,467280000
2000-06-12,0.23512227833271027,0.24467556731185813,0.22974908794984503,0.24264512750645587,380016000
2000-06-13,0.24252592027187347,0.24264513926312795,0.2273610022041318,0.22855505064290418,447840000
2000-06-14,0.2422875016927719,0.24837693603428798,0.2390932961394172,0.24706369583035934,275088000
2000-06-15,0.24861624836921692,0.24861624836921692,0.22855501844907258,0.24157027578847368,338592000
2000-06-16,0.2861112952232361,0.28658910042320235,0.24766065833358034,0.24772029515696017,987840000
2000-06-19,0.3040229082107544,0.3271893825911305,0.2782298716827734,0.285395064127995,1052160000
2000-06-20,0.2999628484249115,0.3128598129550557,0.29614229391318536,0.3092776963349812,610272000
2000-06-21,0.33041298389434814,0.33626490968017425,0.2953060481642068,0.2953060481642068,614880000
2000-06-22,0.3123820722103119,0.33578700818925994,0.3092777599973027,0.32898040305424603,614352000
2000-06-23,0.2828878164291382,0.3078444675163713,0.28276769547910835,0.3040229814289717,607392000
2000-06-26,0.3170391023159027,0.3188301749775025,0.2839616810706006,0.2884994095206314,618288000
2000-06-27,0.2722596824169159,0.319547344114728,0.26390044076994534,0.3142924427949981,604608000
2000-06-28,0.26175177097320557,0.2884994973147034,0.2541087981713234,0.2779915234616298,586608000
2000-06-29,0.22401732206344604,0.25721397790669587,0.21971803134502582,0.25721397790669587,1184880000
2000-06-30,0.24288435280323029,0.2469442734471546,0.2230615705843418,0.23452511708998777,1209192000
2000-07-03,0.23357057571411133,0.2521984194211846,0.23118157699266492,0.24455635117300756,232680000
2000-07-05,0.20849378407001495,0.23309274126621504,0.2015679462092022,0.23261493611560452,777936000
2000-07-06,0.2211514115333557,0.22879347976696754,0.20371671432251598,0.20873224779776847,603936000
2000-07-07,0.22234542667865753,0.23309273520503007,0.21780768542593054,0.22927125069374404,346560000
2000-07-10,0.23380906879901886,0.2393024087892094,0.21637528304307535,0.21852401310237551,351264000
2000-07-11,0.25267618894577026,0.2646175458079834,0.22807720480696297,0.23070466846232607,755304000
2000-07-12,0.25984054803848267,0.27297595803378244,0.25482591532042687,0.26318422869477687,388152000
2000-07-13,0.2842009365558624,0.2856334225543374,0.26485595273035356,0.26533375781745844,458736000
2000-07-14,0.2820513844490051,0.2954252296486944,0.2751255592388441,0.2899327927691644,280200000
2000-07-17,0.27894699573516846,0.28658906281124,0.2779913854606502,0.28635062487407903,105552000
2000-07-18,0.2734537422657013,0.28658915124795603,0.2636620136818653,0.2636620136818653,183672000
2000-07-19,0.2560199201107025,0.26557228052000453,0.250526581080634,0.26366198882451763,189504000
2000-07-20,0.26294589042663574,0.26939391422443726,0.2550644501203441,0.25578069374276513,142992000
2000-07-21,0.26628950238227844,0.2713041078392843,0.25984055167723513,0.2636620377085964,251928000
2000-07-24,0.2436007410287857,0.2684381666437165,0.23309277076848936,0.26652787506245423,281112000
2000-07-25,0.23452536761760712,0.24933263515865478,0.23404756218143938,0.24742234267750227,335304000
2000-07-26,0.21709145605564117,0.23452523616280682,0.21064343677166125,0.23452523616280682,380064000
2000-07-27,0.20156794786453247,0.2130315135245786,0.1987020598659289,0.21016562552597504,331560000
2000-07-28,0.2063441425561905,0.22138984043352697,0.19105909111794184,0.20252265763009308,512664000
2000-07-31,0.22927126288414001,0.229749068047731,0.20634413112947314,0.21780769700680658,371232000
2000-08-01,0.22473354637622833,0.2311815799785019,0.22306170641490952,0.2292712883747383,350616000
2000-08-02,0.22927126288414001,0.23297262669174046,0.21804614862274008,0.22162919538691384,345432000
2000-08-03,0.2393023520708084,0.24455635085376004,0.2063441511365983,0.2063441511365983,368664000
2000-08-04,0.2436007410287857,0.2483769072822146,0.2397792559344476,0.24503415666204292,194784000
2000-08-07,0.2627064287662506,0.26485608812571604,0.24431704571423427,0.24527265637695547,246936000
2000-08-08,0.2569746673107147,0.27130412720157027,0.25601998584940416,0.2569746673107147,128112000
2000-08-09,0.2493325024843216,0.2619901034590353,0.24575038484573078,0.2603182772850963,136248000
2000-08-10,0.2521984279155731,0.2579302047777131,0.2388245825478607,0.24360074895672906,156432000
2000-08-11,0.24622823297977448,0.25458657362857723,0.23452530976539213,0.2526762816186516,131928000
2000-08-14,0.24861624836921692,0.2517205880201309,0.24073481370426014,0.2493324914789689,108576000
2000-08-15,0.27208083868026733,0.27703583369506857,0.2490940938501104,0.24981033707579842,443328000
2000-08-16,0.27894699573516846,0.286827500748401,0.2705877563217397,0.286827500748401,266232000
2000-08-17,0.2842009365558624,0.2856334225543374,0.27416987217769945,0.27512548235190915,129816000
2000-08-18,0.29423126578330994,0.29757497402553834,0.2825292708614278,0.2830070488880944,204720000
2000-08-21,0.29876890778541565,0.31023248862736347,0.2980526645903631,0.30497848975848874,464472000
2000-08-22,0.27058786153793335,0.2894550769244357,0.267961326156104,0.2832454935826514,658872000
2000-08-23,0.28635066747665405,0.2868275434219245,0.26079609689136,0.2662894355614572,352800000
2000-08-24,0.29399269819259644,0.29685859981406665,0.27942480680554854,0.28467877756982096,332616000
2000-08-25,0.286589115858078,0.29709708643976285,0.2851566294440886,0.29088840629499657,153048000
2000-08-28,0.29805269837379456,0.3018742112857219,0.2846788517393885,0.288022559379425,189264000
2000-08-29,0.2973363697528839,0.2999629040995887,0.2942311283397635,0.29924666102893577,149376000
2000-08-30,0.2999628484249115,0.3040227974223066,0.2908882969320129,0.2939926358372822,178080000
2000-08-31,0.3033067286014557,0.3152480898945557,0.2985305339245143,0.304500777270691,388896000
2000-09-01,0.30378448963165283,0.31238214169208484,0.3004407821399713,0.309516266782364,204144000
2000-09-05,0.3042622208595276,0.31118807277382843,0.3021125895241435,0.31094960748538675,246144000
2000-09-06,0.28324538469314575,0.305456244876518,0.2808572882592608,0.305456244876518,230136000
2000-09-07,0.2985304594039917,0.29900826460507257,0.2756033258503986,0.2875447114939093,239760000
2000-09-08,0.2808573544025421,0.3018741986498045,0.2799017438987607,0.2951868109809242,222648000
2000-09-11,0.2693937420845032,0.2789470309144189,0.2588857994538736,0.2772751773546357,285888000
2000-09-12,0.26772192120552063,0.2837232027014833,0.26366197084008086,0.26963221277070615,125976000
2000-09-13,0.26760271191596985,0.27202122133131185,0.261273883534956,0.2670056877012744,239976000
2000-09-14,0.26509541273117065,0.28085735588527705,0.26175170521344326,0.2689159962401462,216336000
2000-09-15,0.27088677883148193,0.27464775255562646,0.261751685313978,0.2636619769232374,242592000
2000-09-18,0.25506436824798584,0.2732153412848439,0.2521984927458464,0.2715434871934064,163488000
2000-09-19,0.26294589042663574,0.26366213404905675,0.24073498601625098,0.24336245164999215,301104000
2000-09-20,0.2543480396270752,0.26079608652577185,0.25028811674338103,0.25578052593210177,227568000
2000-09-21,0.2652742266654968,0.27106561304183996,0.25601991396371376,0.2562583519462487,346824000
2000-09-22,0.2698715925216675,0.2732153002017529,0.23882460802844596,0.23906304603564774,387264000
2000-09-25,0.289216548204422,0.29327649866598626,0.27608114104550957,0.27822987063356486,467568000
2000-09-26,0.29614245891571045,0.2994861395071413,0.27894709791573197,0.2923209456807237,337344000
2000-09-27,0.3123820722103119,0.326233747752335,0.2937542584125651,0.2937542584125651,676128000
2000-09-28,0.32193538546562195,0.32384567693156663,0.30187415464641315,0.309516222441951,333816000
2000-09-29,0.31285998225212097,0.32480137048320773,0.3076060097591384,0.31285998225212097,373872000
2000-10-02,0.305456280708313,0.32957746234702257,0.29757487280413075,0.3171582989809774,340584000
2000-10-03,0.2889772355556488,0.3095162750479562,0.2865891385015761,0.3071281779938835,300264000
2000-10-04,0.2856336236000061,0.29041072123935596,0.2775137465237576,0.28133526064756215,419568000
2000-10-05,0.27894699573516846,0.2877831110229192,0.2729758527450981,0.2877831110229192,525048000
2000-10-06,0.2615123689174652,0.28157360304543994,0.25769178535543436,0.2796633112644245,1027176000
2000-10-09,0.2672441303730011,0.27130405362554944,0.2369133646802984,0.25482586796799844,665256000
2000-10-10,0.24694444239139557,0.26891599524525694,0.2445563727225991,0.2560199270709058,415944000
2000-10-11,0.24909411370754242,0.262706398470763,0.22258392893747225,0.23189875400397736,535776000
2000-10-12,0.2393023520708084,0.26939374907677177,0.23691335335248065,0.25458651587847736,401616000
2000-10-13,0.2488548308610916,0.25602002657807427,0.23840649245581122,0.24097341894961957,578976000
2000-10-16,0.24312296509742737,0.2488547424633158,0.23739118773153894,0.2488547424633158,339216000
2000-10-17,0.22544975578784943,0.24312290225135744,0.2228232350497585,0.24216822122407305,463248000
2000-10-18,0.22186768054962158,0.23476465099651084,0.2008508357140438,0.21088191749816004,416952000
2000-10-19,0.24336230754852295,0.24646664758328155,0.2326149698526914,0.2361971151073585,294888000
2000-10-20,0.2660501301288605,0.27225971342241717,0.23595872623177377,0.2376305802178161,387360000
2000-10-23,0.2600798010826111,0.2698714987890298,0.2517205621170262,0.2681996728609219,182112000
2000-10-24,0.2517205774784088,0.2631841291437661,0.25076589645971453,0.2588857687335449,193968000
2000-10-25,0.22974908351898193,0.24837689931871126,0.22807722996532548,0.24479478157630685,385512000
2000-10-26,0.23954090476036072,0.24837699728397206,0.21494190820575307,0.23118166102627802,265776000
2000-10-27,0.23404748737812042,0.2456908275677561,0.22544982106245462,0.23977929225316888,210960000
2000-10-30,0.21756933629512787,0.23542131824220625,0.21732996899686116,0.23022695494348694,192120000
2000-10-31,0.23745085299015045,0.24121272992739684,0.21924119851050078,0.2261670260426793,299256000
2000-11-01,0.2373911291360855,0.24073480859669996,0.22353948074337204,0.23165935318497619,304536000
2000-11-02,0.255542129278183,0.2617517118862553,0.2416904775254455,0.24575042839671013,192888000
2000-11-03,0.2722596824169159,0.27703584920853447,0.2502881563296156,0.252198448126134,268632000
2000-11-06,0.29327645897865295,0.3056946919979675,0.2770357847295883,0.2787076381361194,635040000
2000-11-07,0.2734537422657013,0.28849944312354014,0.2636620136818653,0.28849944312354014,258240000
2000-11-08,0.26533380150794983,0.276558915820809,0.26127385149329707,0.276558915820809,187080000
2000-11-09,0.23763059079647064,0.2617517524338499,0.22592765337010182,0.24933258529386965,564528000
2000-11-10,0.22473354637622833,0.2579301994215806,0.21876333165630227,0.24575040274182577,805248000
2000-11-13,0.22568920254707336,0.2502881817972662,0.2063441958880342,0.21350938973336478,530040000
2000-11-14,0.2670057415962219,0.2689160336162172,0.2388246296257384,0.24073489431446027,470736000
2000-11-15,0.2634831964969635,0.27058785144918723,0.25148222607642706,0.2622295383602599,423864000
2000-11-16,0.24694444239139557,0.2627063854871886,0.2445563727225991,0.2560199270709058,235536000
2000-11-17,0.24216824769973755,0.2615123340572048,0.23404744520206536,0.24885470534228873,178776000
2000-11-20,0.22353950142860413,0.2333312008409588,0.2209120511537825,0.23321198185799477,298752000
2000-11-21,0.21924112737178802,0.23500306958165132,0.20777757366781202,0.23309277794160244,382512000
2000-11-22,0.20777755975723267,0.21685211405599306,0.19870207619542518,0.21016564279755642,409752000
2000-11-24,0.21971800923347473,0.22783879826172154,0.21016564943904734,0.21016564943904734,165072000
2000-11-27,0.21231438219547272,0.23691335643026773,0.20353787494335132,0.23548087004497958,363864000
2000-11-28,0.19649286568164825,0.21780775960914633,0.1917762943692851,0.21553889504284524,382344000
2000-11-29,0.18437263369560242,0.19965678434471323,0.16956538634042112,0.19941833269774847,636408000
2000-11-30,0.15475814044475555,0.16860979236780796,0.13899619669502822,0.16860979236780796,981624000
2000-12-01,0.17004314064979553,0.18628288452722966,0.16335575481147208,0.1643113650536716,784080000
2000-12-04,0.17266972362995148,0.17672966074457916,0.15953431543993518,0.17111801812728816,474264000
2000-12-05,0.1838948279619217,0.19153689586465397,0.16765508177856825,0.18485042467417767,997224000
2000-12-06,0.1576239913702011,0.1853273022417984,0.15666839471994365,0.180312671240822,950928000
2000-12-07,0.15475814044475555,0.16311736855805273,0.14186208540100537,0.14998195991210342,785184000
2000-12-08,0.19010448455810547,0.1910591660495837,0.15481778395894188,0.17075947531205413,853392000
2000-12-11,0.19010448455810547,0.19392505538518864,0.1791187189274887,0.18389490050945437,757632000
2000-12-12,0.18485039472579956,0.18867096342666073,0.17864081413290284,0.1853272842400764,409512000
2000-12-13,0.17052097618579865,0.18723851450051837,0.1671772826702404,0.18413327262221948,675072000
2000-12-14,0.1588180810213089,0.1707594413673891,0.15475814368086357,0.1693260391856446,569016000
2000-12-15,0.14305610954761505,0.15810180745369673,0.14233895079528236,0.1487878859818249,1094424000
2000-12-18,0.14777275919914246,0.1528479046971973,0.14568270883896287,0.1490264040441935,658872000
2000-12-19,0.13660714030265808,0.16335575431111551,0.1337412525133743,0.1499819119383382,946200000
2000-12-20,0.12180084735155106,0.1485485535624883,0.11511345958363857,0.1296813543721189,1105392000
2000-12-21,0.10651577264070511,0.1366071706443925,0.10508237062905522,0.12012898522837422,845256000
2000-12-22,0.13398060202598572,0.14616040953194148,0.115113422568123,0.115113422568123,949080000
2000-12-26,0.12848733365535736,0.13708501505612586,0.11988966592022675,0.1356525282324726,343824000
2000-12-27,0.1370849609375,0.14233894565670552,0.12180082561922992,0.12705479667280298,339456000
2000-12-28,0.13780124485492706,0.1413842927555743,0.12944293159271333,0.13159257721357237,419232000
2000-12-29,0.1252032071352005,0.14210050311855021,0.12227770934572572,0.13756277490400007,495168000
2001-01-02,0.11439720541238785,0.12777105804069164,0.1139194070032862,0.12609921799118043,290808000
2001-01-03,0.149504154920578,0.15069820347239368,0.10794826981013025,0.11081416535431057,910368000
2001-01-04,0.16669948399066925,0.17052098286217318,0.14281675250343384,0.14687668935589923,815448000
2001-01-05,0.14174193143844604,0.16598323458986575,0.13851837250023682,0.16526607581316546,432768000
2001-01-08,0.1552359014749527,0.16144548238964365,0.13780119327451623,0.13780119327451623,573768000
2001-01-09,0.15834027528762817,0.16144553131752395,0.14974259534877818,0.15738559398864818,302904000
2001-01-10,0.169326052069664,0.17004321101389683,0.1466382801576797,0.15022041248822948,392928000
2001-01-11,0.18341706693172455,0.19058224696797674,0.16240022039329965,0.16526610928827548,447648000
2001-01-12,0.17959553003311157,0.19774648389713892,0.17768523847822143,0.18652135500927308,669000000
2001-01-16,0.16550548374652863,0.1805511858636102,0.16263958106168022,0.1805511858636102,414984000
2001-01-17,0.17147567868232727,0.18341705227780156,0.17075943541521313,0.17816306654595454,592584000
2001-01-18,0.20437423884868622,0.20921002766065883,0.16765506872538033,0.17147563774776808,948168000
2001-01-19,0.19894053041934967,0.2178077136167838,0.19583619051375445,0.2101656455367749,1018704000
2001-01-22,0.19105909764766693,0.20061237298915363,0.1855666745976083,0.19297030480755384,377712000
2001-01-23,0.2101060450077057,0.2139862377394626,0.1877163252416314,0.1886710064193552,433632000
2001-01-24,0.20921006798744202,0.21207595652172867,0.1970302569504668,0.20992631122163619,451728000
2001-01-25,0.18819323182106018,0.20252268874647508,0.1838948566419,0.20204579908056036,440016000
2001-01-26,0.19416435062885284,0.19643321471627045,0.17637198314843178,0.177685236835704,259248000
2001-01-29,0.19511906802654266,0.1953584216369565,0.1815067692385097,0.18819324182731925,354168000
2001-01-30,0.1994183212518692,0.20359747686142107,0.19440278789507992,0.1982242865531638,243720000
2001-01-31,0.19726869463920593,0.20729977595826177,0.19297031964310288,0.19965679159163155,358344000
2001-02-01,0.19828388094902039,0.19965675768457103,0.18867098334247476,0.1972686611377081,371856000
2001-02-02,0.17911866307258606,0.20300046546743558,0.17768524738724698,0.19846273702313494,320520000
2001-02-05,0.1788792908191681,0.18007333922529994,0.16837133413687322,0.1788792908191681,367584000
2001-02-06,0.17983488738536835,0.18341701866197446,0.17511831728408497,0.17553558370990105,250440000
2001-02-07,0.17147567868232727,0.18007335834598792,0.1619233177502435,0.17864087181175967,720384000
2001-02-08,0.17052097618579865,0.18222298105999774,0.1698038174104114,0.1724312677480204,384288000
2001-02-09,0.169326052069664,0.17028166270729644,0.1631173843805603,0.16908761404190098,259608000
2001-02-12,0.16478922963142395,0.16932604309587806,0.15666843916541653,0.16741575118514326,354336000
2001-02-13,0.16980387270450592,0.1776852970207296,0.1659832883359462,0.16789358052022607,467736000
2001-02-14,0.18222297728061676,0.18723851061711314,0.16048989231049626,0.16765508439932694,690888000
2001-02-15,0.21565815806388855,0.21924120658913282,0.20586644081499442,0.20729984334465335,1108512000
2001-02-16,0.22736097872257233,0.2330927550106866,0.20443385990448262,0.20467229786236596,1081176000
2001-02-20,0.20467230677604675,0.2264053918908138,0.2044338688077792,0.22162921208662878,701304000
2001-02-21,0.21398623287677765,0.2225838978626076,0.19488059766434784,0.1970302428101664,646512000
2001-02-22,0.22306174039840698,0.22927132330426686,0.20634418550758585,0.21279222009221868,815304000
2001-02-23,0.20765747129917145,0.2254498436687296,0.20061242546688204,0.22186771124407823,1034664000
2001-02-26,0.20300047099590302,0.207299775240258,0.19416436744680773,0.2015679845346664,751824000
2001-02-27,0.19082070887088776,0.20586641114131732,0.18962666017863947,0.1979849736931036,533832000
2001-02-28,0.1707594096660614,0.200612367688749,0.16717727827309548,0.18938725271868137,784056000
2001-03-01,0.1842525154352188,0.18723853871385163,0.1528478472244265,0.16860979083043773,915288000
2001-03-02,0.16652068495750427,0.18317861737781493,0.16431142985606204,0.17099790273417276,1413504000
2001-03-05,0.1681320071220398,0.17243131215752616,0.159057450248307,0.16001213164375935,742296000
2001-03-06,0.18437263369560242,0.19034286219433133,0.17374454218984117,0.17672964960638868,834408000
2001-03-07,0.19917987287044525,0.19965676244643576,0.18508885660222898,0.18843254988714694,938280000
2001-03-08,0.20586638152599335,0.20801602690248622,0.1934481320573121,0.1934481320573121,829344000
2001-03-09,0.1912984699010849,0.1960746502396038,0.17338688145052014,0.1951190533991429,1216776000
2001-03-12,0.18437263369560242,0.1934481178646535,0.1762527599780931,0.1848504389213733,762144000
2001-03-13,0.2063441425561905,0.209210044433453,0.18580510621910015,0.1867607165992009,1082352000
2001-03-14,0.21804621815681458,0.21876337709676216,0.19703028668898218,0.19703028668898218,1351128000
2001-03-15,0.22879347205162048,0.24354112258165214,0.22306169558674518,0.23142093598445465,1875984000
2001-03-16,0.22783885896205902,0.2340475132113591,0.21852401906146088,0.22521140791028085,1225200000
2001-03-19,0.24097318947315216,0.24264501495228585,0.21428509449107427,0.22664372728287951,943896000
2001-03-20,0.21852391958236694,0.2531539811728933,0.21589738532395827,0.23810735627993584,1990560000
2001-03-21,0.23476460576057434,0.2412126251099806,0.21780770138670497,0.21900174968819935,1877352000
2001-03-22,0.25840795040130615,0.25936356063416166,0.23500301579330354,0.23691330699611798,1697760000
2001-03-23,0.2560199201107025,0.2679612793870148,0.24312295035507864,0.26318418358486184,1509672000
2001-03-26,0.2698715925216675,0.27130407909129833,0.25601994044946397,0.25601994044946397,1542960000
2001-03-27,0.2600798010826111,0.2739314483438159,0.24885466070994852,0.2646175284177966,1702152000
2001-03-28,0.26025882363319397,0.2670058238525814,0.2521985553244378,0.2529147988946771,1433280000
2001-03-29,0.26413971185684204,0.2732151934650924,0.2526761613879486,0.2579897410099581,1632960000
2001-03-30,0.2480788379907608,0.26724409473758903,0.24646662135009845,0.26222946362003685,1423176000
2001-04-02,0.23763059079647064,0.2533925367940556,0.23452532071417204,0.2474222931947623,1265160000
2001-04-03,0.24551112949848175,0.2519600811672633,0.2338091062239287,0.23404754429202831,1991616000
2001-04-04,0.22019585967063904,0.23667496348741196,0.20562794975075874,0.23619715818037068,3362472000
2001-04-05,0.2404964119195938,0.24431699525477385,0.22831569923540054,0.2347646349849694,1724760000
2001-04-06,0.23954090476036072,0.252198511094339,0.23333129329229602,0.23739124516306573,1547664000
2001-04-09,0.22789570689201355,0.2500965032101295,0.22411273080788666,0.2441739804550664,1097160000
2001-04-10,0.24940860271453857,0.25678380751655533,0.2312200568171896,0.2333596301185896,1186416000
2001-04-11,0.26446443796157837,0.274361637103793,0.2571662785167838,0.26476983756175265,1426872000
2001-04-12,0.2684381902217865,0.27990174457988004,0.2546057800753023,0.2595736482723766,1440264000
2001-04-16,0.26190394163131714,0.26920303051421757,0.2570892651630638,0.2636619982227336,764112000
2001-04-17,0.27474313974380493,0.27684510574915044,0.2579302268218823,0.2580448541695414,1112448000
2001-04-18,0.2952253222465515,0.3225085980904558,0.28632134125149705,0.28632134125149705,2301864000
2001-04-19,0.32059741020202637,0.3256799058487881,0.29556923695635534,0.2969063373496188,1632264000
2001-04-20,0.33229026198387146,0.3438684717860193,0.3083699333468935,0.31673833131693974,1773840000
2001-04-23,0.31475093960762024,0.32537446631527084,0.31142652831455403,0.3250681648094304,1239000000
2001-04-24,0.29247400164604187,0.3373726521462436,0.28754467175632964,0.3138723305191141,1828320000
2001-04-25,0.30592405796051025,0.3163559122535395,0.2921301839846415,0.2932380297355904,1423728000
2001-04-26,0.2818128764629364,0.31257281663972564,0.2789469751141789,0.31257281663972564,1486008000
2001-04-27,0.30187422037124634,0.3031352032389217,0.2870091791678149,0.2927033489159261,915672000
2001-04-30,0.3183046877384186,0.3360732103834486,0.30351669464650866,0.31008942755422747,1583280000
2001-05-01,0.3480338156223297,0.3488747713849942,0.31429240958180243,0.31945102229161887,1867368000
2001-05-02,0.3400478661060333,0.357090060572591,0.3355000521809772,0.357090060572591,1547784000
2001-05-03,0.33855757117271423,0.34008544366611826,0.32770478963898814,0.3297682183112096,960504000
2001-05-04,0.3432190716266632,0.34860693836866513,0.32709398115168464,0.3286218261425773,953520000
2001-05-07,0.358618825674057,0.3611023087458464,0.33790738148788696,0.3419196390806253,975600000
2001-05-08,0.33267271518707275,0.3640829086250237,0.32961606748640093,0.36392974416500984,1620144000
2001-05-09,0.3170822262763977,0.3290804351786102,0.3148656329439945,0.3220876750735311,1319040000
2001-05-10,0.30642110109329224,0.33011214532825695,0.3026381255488541,0.326253052200869,998904000
2001-05-11,0.2985873520374298,0.30760595986327255,0.29247405799960396,0.3056571584613255,921216000
2001-05-14,0.30114784836769104,0.304701541753451,0.28869107660863463,0.29946681143280607,702432000
2001-05-15,0.31196197867393494,0.32480119215512654,0.3003452650060539,0.3037843571276947,1242600000
2001-05-16,0.32667312026023865,0.32862192194796563,0.3028674183568074,0.30481622004453446,957096000
2001-05-17,0.33244335651397705,0.3419966177480932,0.32269932304634524,0.32774328077171516,919056000
2001-05-18,0.3297683596611023,0.34008558943832523,0.3232726439503156,0.3313356718447342,575832000
2001-05-21,0.3446709215641022,0.35154905470843806,0.32243160253239894,0.32904287314098674,1064688000
2001-05-22,0.3549880087375641,0.35842707421943354,0.3362648090685036,0.349714769532445,1049976000
2001-05-23,0.35197001695632935,0.3821191978176034,0.3477284768468371,0.36893609540048217,2244912000
2001-05-24,0.3571661710739136,0.3662223870537322,0.33913078596155893,0.34963872962504755,1680576000
2001-05-25,0.35040268301963806,0.3551797791031054,0.34390696932696796,0.34998265605730877,947952000
2001-05-29,0.3360355794429779,0.3484923510838959,0.3312970209962961,0.3484162335048101,920568000
2001-05-30,0.3297683596611023,0.3447856401309828,0.32632929217912093,0.328125859129451,3308904000
2001-05-31,0.32713156938552856,0.3343536100967447,0.3200626930815984,0.3324048089310216,1262928000
2001-06-01,0.3452441096305847,0.34803389470869156,0.32747558410842326,0.32938680540045795,1022472000
2001-06-04,0.33989471197128296,0.3473075264496648,0.33534779984033797,0.34547335222705766,621552000
2001-06-05,0.35773929953575134,0.361293020101453,0.3389390780618205,0.33951224204680275,987168000
2001-06-06,0.3592681288719177,0.3639681777689951,0.3538417241865524,0.3590773566186723,698976000
2001-06-07,0.37955859303474426,0.3805902936151416,0.3534601870101401,0.35609680678576655,1141152000
2001-06-08,0.3696998655796051,0.37898536112669623,0.365763753913843,0.3784121972358328,712680000
2001-06-11,0.35888582468032837,0.3706556838675043,0.3531540185668318,0.3702347548685059,581928000
2001-06-12,0.37084633111953735,0.3761956892624835,0.3505943520701843,0.3513582883957745,1102728000
2001-06-13,0.35838961601257324,0.3792147882243477,0.3551798040689087,0.37355910072752413,938712000
2001-06-14,0.35762470960617065,0.3637389331607019,0.34868312092268056,0.35376561639882387,946152000
2001-06-15,0.36320430040359497,0.3695092697335746,0.3468875305379421,0.35346029167888265,1094544000
2001-06-18,0.34883633255958557,0.3681712402340832,0.34486261147178177,0.36228722716320644,856656000
2001-06-19,0.3297683596611023,0.3637005249475197,0.3226994797022914,0.3554091715498826,1513128000
2001-06-20,0.34394538402557373,0.347728358768013,0.31696751448377464,0.32369248101323844,1759200000
2001-06-21,0.3504410982131958,0.35651678330401654,0.33339890785205656,0.3425697764779526,1484568000
2001-06-22,0.3488747477531433,0.35800708012417226,0.3442893266911406,0.3486830735887546,761184000
2001-06-25,0.34818705916404724,0.35422420950087163,0.33802206659328266,0.352772481578618,640032000
2001-06-26,0.3582364618778229,0.3599560089205966,0.33913083610919104,0.34046793664843567,757920000
2001-06-27,0.34715524315834045,0.35728076681040094,0.3410795572618788,0.356516830578442,895752000
2001-06-28,0.3512435853481293,0.3563260802716383,0.3477284018824611,0.3518167766619986,909336000
2001-06-29,0.3544149398803711,0.35995597228573123,0.3485309000333761,0.3525046480775327,730920000
2001-07-02,0.33870989084243774,0.3432577054974809,0.3335898139740764,0.34039183010814544,1040016000
2001-07-03,0.34302839636802673,0.34658209003319956,0.3346599989215959,0.3363795184162291,406296000
2001-07-05,0.31815242767333984,0.34104102448464474,0.3177314715002769,0.3389390860710895,1020096000
2001-07-06,0.3083699941635132,0.3158213201260904,0.30225576891890976,0.31337544417556756,802824000
2001-07-09,0.2982819974422455,0.31173289169675344,0.2953775851479656,0.30435768457177614,1014072000
2001-07-10,0.30072781443595886,0.3062679168784499,0.29709707429197707,0.3022556595812346,1221744000
2001-07-11,0.3001547157764435,0.3049694205533084,0.29086924299028455,0.29958155160346744,904632000
2001-07-12,0.3158973455429077,0.31811393876645033,0.3066503574007002,0.31429242611306535,981552000
2001-07-13,0.30936306715011597,0.3170060644339843,0.30282884467488563,0.3135669985348491,690144000
2001-07-16,0.28448712825775146,0.3095162268981439,0.282959283166968,0.30588638881542873,1191696000
2001-07-17,0.30038395524024963,0.3031728108385152,0.2770358613747553,0.27971101888416483,1169904000
2001-07-18,0.2899896502494812,0.3013385757541374,0.28383784693916,0.29323797119522865,840984000
2001-07-19,0.2946521043777466,0.30691810260029384,0.2896842370747289,0.29419354042093404,840024000
2001-07-20,0.2861691117286682,0.2938496905875846,0.27703584853305363,0.2873154671901672,742464000
2001-07-23,0.25907662510871887,0.2869716074738234,0.25873271567763484,0.2865891882765153,1547976000
2001-07-24,0.27661582827568054,0.2768450829521206,0.25701313221411687,0.26255413684311957,1365312000
2001-07-25,0.27394068241119385,0.27665434946592643,0.264732231197749,0.27611876591499845,1245888000
2001-07-26,0.30187422037124634,0.3037845122531047,0.26996698354876736,0.2713426210998832,1714152000
2001-07-27,0.3095162808895111,0.3128407199878258,0.29232092132237747,0.3013010202440511,1094688000
2001-07-30,0.30214110016822815,0.31115970962597844,0.2988166607839329,0.30989872668625523,582288000
2001-07-31,0.3091338276863098,0.31047185722190956,0.29155695284988786,0.3025619970656608,1187760000
2001-08-01,0.32801109552383423,0.3296159875493284,0.3130314291146245,0.3152095124813766,1204944000
2001-08-02,0.33580633997917175,0.33699027586432084,0.3209413003891988,0.33217559962054527,1097928000
2001-08-03,0.3331697881221771,0.3383283747735393,0.3261769996716864,0.3324434595152357,820344000
2001-08-06,0.3432576060295105,0.3466581621451243,0.3272462397942945,0.3307999329933015,1292568000
2001-08-07,0.33817511796951294,0.34486250439758503,0.3341628610327615,0.34318056572120853,1088616000
2001-08-08,0.3295775353908539,0.3439069934513258,0.32808727044066377,0.33523319555559816,1125696000
2001-08-09,0.32380715012550354,0.33450676602117624,0.3179231116260801,0.32804866165289975,1643616000
2001-08-10,0.3234257102012634,0.3278579676778648,0.31371928279116895,0.323654964898329,1036488000
2001-08-13,0.33699026703834534,0.34065861512623297,0.3240749584814675,0.3289657795109504,1514784000
2001-08-14,0.3280487656593323,0.33301660710230413,0.32388427231352634,0.33087706041627873,2321160000
2001-08-15,0.3284311294555664,0.33939763677212653,0.3255267175939338,0.33546242613607224,1816392000
2001-08-16,0.3422635495662689,0.34276062339347135,0.3210944961860488,0.32239398880100273,1026096000
2001-08-17,0.3201013505458832,0.3379459961547284,0.3173876826857587,0.3335898551855254,1668840000
2001-08-20,0.3178846538066864,0.32132371998515313,0.30814061930206316,0.31807539872923624,1183320000
2001-08-21,0.3111972510814667,0.32709401796585447,0.3107011065895752,0.3186870841896822,1186656000
2001-08-22,0.3239988684654236,0.3243427778361257,0.3066503721494589,0.31669980682429427,1498104000
2001-08-23,0.31681451201438904,0.3270555960709356,0.3152481292132171,0.32289020017084985,1013592000
2001-08-24,0.3258706331253052,0.3324048561578558,0.31834319179304565,0.32021587565268933,1110936000
2001-08-27,0.3371434211730957,0.3414610507246449,0.31734998105396406,0.3185724539582502,1279608000
2001-08-28,0.33274874091148376,0.34371617688855893,0.3301506580448806,0.3362263439355396,1178760000
2001-08-29,0.32204997539520264,0.3357677272402798,0.31926021879421734,0.33366578918522677,1435800000
2001-08-30,0.3210183382034302,0.3232725393568975,0.30856066335645627,0.3160119874888786,1431312000
2001-08-31,0.32369253039360046,0.3266354518925116,0.31467482484851866,0.31887782707838,887904000
2001-09-04,0.3011864125728607,0.3228140310421824,0.2989313092890774,0.3228140310421824,1856136000
2001-09-05,0.30760592222213745,0.3098986326887286,0.28869104720712796,0.3009185357183697,2395584000
2001-09-06,0.29503363370895386,0.3110450285790627,0.2936580236479504,0.3015302761658991,1950768000
2001-09-07,0.29812872409820557,0.30263805437550406,0.28888176551098643,0.29041053965856495,1970256000
2001-09-10,0.28949350118637085,0.30015460788556714,0.2834939331220217,0.2956067946460987,1872360000
2001-09-17,0.2597644627094269,0.2781061819214931,0.2584649424917268,0.27145730221594083,1138596000
2001-09-18,0.24409785866737366,0.26671866792641064,0.2382129165130571,0.2648083760017138,894372000
2001-09-19,0.24111731350421906,0.24830081859795852,0.20680272603937283,0.2454734533520889,1561908000
2001-09-20,0.22071215510368347,0.23653186323097058,0.21398625749827546,0.2282010734431337,1470696000
2001-09-21,0.20611494779586792,0.21612677669737093,0.19877826315621608,0.20366908560528538,1226304000
2001-09-24,0.22927126288414001,0.2326342109763999,0.2126105750944216,0.22246924912836974,1507500000
2001-09-25,0.22032970190048218,0.23989387300493842,0.2196418832625844,0.22995909450288612,941724000
2001-09-26,0.21238133311271667,0.22392193358937154,0.2101656555643004,0.2231570817269895,430812000
2001-09-27,0.2006123811006546,0.21398624010779344,0.1949567218308914,0.2116173981206515,907296000
2001-09-28,0.20993635058403015,0.22017651388820902,0.19755569842260354,0.20634412069665467,1044876000
2001-10-01,0.19212934374809265,0.2132223044888003,0.18876639520843272,0.20978323836776336,972804000
2001-10-02,0.1824999898672104,0.19946606946457052,0.17317598043601554,0.1918239992984052,1123032000
2001-10-03,0.21841944754123688,0.2299591336053941,0.18158288037770104,0.18158288037770104,1798824000
2001-10-04,0.24677206575870514,0.25831266831253547,0.22208779951510385,0.23003526897603907,1980576000
2001-10-05,0.2514345645904541,0.25747174279237955,0.23378066486832083,0.24302762811175638,1078212000
2001-10-08,0.2570893168449402,0.2666425814470987,0.24149884686773931,0.24149884686773931,765900000
2001-10-09,0.24593202769756317,0.26289810762601284,0.2385953570428732,0.2577771013964677,917556000
2001-10-10,0.26175177097320557,0.2636620632076151,0.23997101215887331,0.2415759047105162,968124000
2001-10-11,0.29010438919067383,0.2908692549596303,0.27428466379518557,0.275737321133761,918000000
2001-10-12,0.30898165702819824,0.30951631139619273,0.2817744677242512,0.2827676861954157,1253100000
2001-10-15,0.30760592222213745,0.3171582812117783,0.2915569216247346,0.2999629253810799,908568000
2001-10-16,0.33855757117271423,0.34100251700237955,0.3008800529125064,0.30722353068126435,1383852000
2001-10-17,0.31868723034858704,0.3461997983737813,0.31715845522151564,0.34604663388263784,1695540000
2001-10-18,0.3321380317211151,0.33527079674582794,0.31792320129795915,0.3186871376732252,1020864000
2001-10-19,0.33901622891426086,0.3439070515833404,0.32327262083558245,0.32739950698513404,1059264000
2001-10-22,0.347040593624115,0.35154899543689316,0.3290042805775717,0.33649414097970637,970824000
2001-10-23,0.3409265875816345,0.35773950781086633,0.33320746821701874,0.35147307342560347,953028000
2001-10-24,0.35598212480545044,0.3568221784931965,0.3309145193536732,0.3347360311550795,1212144000
2001-10-25,0.3768458962440491,0.38318844487854686,0.3423781612919609,0.3477284209229851,1152396000
2001-10-26,0.34994417428970337,0.38548122406995206,0.34772848268989504,0.3742469231550606,1097124000
2001-10-29,0.3215144872665405,0.3572808162736408,0.32113299739491125,0.35116752170802934,1004796000
2001-10-30,0.3209798336029053,0.33580636451917395,0.30836992337951874,0.31563047536423094,1153380000
2001-10-31,0.3275524973869324,0.3419965775685965,0.32289003001383304,0.3329779716106558,989292000
2001-11-01,0.35552361607551575,0.35819784367570023,0.32671154339359604,0.33175552830456784,1093776000
2001-11-02,0.3604905307292938,0.3648466694170894,0.34085023048819374,0.35391870121410635,1087248000
2001-11-05,0.36179012060165405,0.3767688866649842,0.3594974096564059,0.3667579889582693,933456000
2001-11-06,0.3866276144981384,0.38830955382878074,0.3591920980411049,0.36110239017415735,1415376000
2001-11-07,0.38693392276763916,0.4018365740170424,0.38143142640730215,0.38364709091384097,1419144000
2001-11-08,0.38020801544189453,0.39694481355351163,0.3687444588354821,0.39174861891208274,1915188000
2001-11-09,0.4065740704536438,0.40688037193588295,0.3896850434765848,0.3970217114862991,2270484000
2001-11-12,0.4175029695034027,0.42789631150556023,0.39266554609661164,0.40504619901398237,1458636000
2001-11-13,0.4140639901161194,0.4188786940317185,0.40810293072835574,0.4188025764438021,1446516000
2001-11-14,0.4025242328643799,0.4210951985270383,0.3912899352091091,0.4171205493755702,1150224000
2001-11-15,0.4046638011932373,0.41016632300011724,0.3928948486924315,0.39793880651695523,874944000
2001-11-16,0.40114861726760864,0.40932533946363475,0.3957222130431236,0.4050462197942122,496128000
2001-11-19,0.3923594057559967,0.40886694975881893,0.37065566691514584,0.4051224829701527,1943052000
2001-11-20,0.3813542425632477,0.4011486110506715,0.37699810345360146,0.3942704794051676,937884000
2001-11-21,0.3764634430408478,0.386475268840357,0.36530528923399236,0.3749346686120912,728412000
2001-11-23,0.38173678517341614,0.3821192316971251,0.37141958436620404,0.3779152990452443,254016000
2001-11-26,0.40901997685432434,0.40955463109341556,0.3870860340435707,0.3881562717848208,1215780000
2001-11-27,0.41337618231773376,0.42262317125920806,0.4012248085246214,0.4087907603075986,1183992000
2001-11-28,0.3925125300884247,0.4149049874602335,0.39159542922022894,0.40810297153502173,740844000
2001-11-29,0.40970781445503235,0.423158707559408,0.408102922293427,0.42101823183515247,5135472000
2001-11-30,0.41757932305336,0.4205598538102707,0.40351765275732693,0.4095548318862127,1034028000
2001-12-03,0.41123664379119873,0.4139108447301294,0.4038999465666086,0.4087907682952572,851496000
2001-12-04,0.44432777166366577,0.4447863356919712,0.41330003072662524,0.41330003072662524,1384644000
2001-12-05,0.4801700711250305,0.481087144241935,0.4474613303846827,0.4478428201196101,1707036000
2001-12-06,0.472604364156723,0.477648350875276,0.4606061532786357,0.4764258776271187,1138944000
2001-12-07,0.45816031098365784,0.47336923711933626,0.44998355831617554,0.469089213874439,807036000
2001-12-10,0.4627455472946167,0.4732158818049488,0.4520468327295499,0.45586741567488986,695868000
2001-12-11,0.4793299436569214,0.4902579092090382,0.4661844839519675,0.47084692297300024,792252000
2001-12-12,0.49423283338546753,0.49446208807919556,0.47367452531736054,0.48299853345469096,1004628000
2001-12-13,0.48001787066459656,0.4907165840591596,0.47810665013799775,0.4845262717449161,881400000
2001-12-14,0.5016456842422485,0.5040145403868524,0.4777253535961649,0.47994104528356973,754680000
2001-12-17,0.5196820497512817,0.5269416736072933,0.49782419079941526,0.49782419079941526,1080960000
2001-12-18,0.5063072443008423,0.5154780890340999,0.5020280961816471,0.5082945558374653,886968000
2001-12-19,0.4924747347831726,0.508141290790453,0.4905644431525785,0.49797722960134,854652000
2001-12-20,0.4730626344680786,0.5034034461417004,0.47130550791846554,0.49446186123790187,951228000
2001-12-21,0.4935451149940491,0.4967549000090465,0.4778015349308771,0.4833801216084241,723972000
2001-12-24,0.5058485865592957,0.5083705519953254,0.4930864148905538,0.4933157242302193,265308000
2001-12-26,0.5182293653488159,0.5268655557329747,0.5082945568474451,0.5083706471121737,642156000
2001-12-27,0.5302284955978394,0.5325972970087967,0.5219747245340919,0.5227386336080073,730152000
2001-12-28,0.517465353012085,0.5368772786903168,0.5123452767497676,0.5333612200419022,757680000
2001-12-31,0.5112751126289368,0.524267471323697,0.5101287296459447,0.5212869411629766,737580000
2002-01-02,0.5143318176269531,0.5231211743546221,0.5005755475444761,0.5134917634318649,1298904000
2002-01-03,0.5480345487594604,0.5502511694317039,0.5150965418428919,0.5154018867930817,1414752000
2002-01-04,0.5320624709129333,0.5552949745315893,0.5227384648796485,0.5552949745315893,936288000
2002-01-07,0.5177707672119141,0.5349661273219203,0.5105872344731965,0.5342021636222466,973068000
2002-01-08,0.5238848328590393,0.5363416026824565,0.5149432461193464,0.5167013022926826,774360000
2002-01-09,0.5167014002799988,0.5406978166099634,0.5093647039234018,0.5311454836515549,1141188000
2002-01-10,0.5043207406997681,0.5209805160741279,0.49981146385633585,0.5139501482618142,992508000
2002-01-11,0.4820044934749603,0.5078359903131819,0.48001805654464424,0.5076828805211673,1380852000
2002-01-14,0.4567083716392517,0.4842970703706076,0.4567083716392517,0.48093499673385065,1369560000
2002-01-15,0.4993528723716736,0.49965827196121054,0.4752032918705292,0.4757379461367295,1838808000
2002-01-16,0.47986480593681335,0.49576067152915254,0.47803065918961474,0.4925508873902868,1115388000
2002-01-17,0.49667778611183167,0.4967548056320445,0.4778014441547692,0.4957607126621433,1121544000
2002-01-18,0.4875839352607727,0.49102302883801907,0.4776482537066979,0.47795452790702075,803676000
2002-01-22,0.4753555953502655,0.4934680293105953,0.4698530450192481,0.4921694112523622,1085028000
2002-01-23,0.48429715633392334,0.48773619542487784,0.47015934611034366,0.4796355895183098,889164000
2002-01-24,0.5016456842422485,0.5066896707833074,0.4787946623441052,0.48911189014909706,1137684000
2002-01-25,0.5003461241722107,0.5128038263231461,0.4883479153310345,0.4944620843979518,817752000
2002-01-28,0.5196049213409424,0.5196819955275045,0.5050847458806196,0.5101286774344017,924288000
2002-01-29,0.49415597319602966,0.5223563321311518,0.4860553100971838,0.5208284589765312,1381932000
2002-01-30,0.5001165866851807,0.5004990055975465,0.48490854744251816,0.49675451441188606,1218456000
2002-01-31,0.5024096369743347,0.5105111182515565,0.4856727853332999,0.5066135147355099,973980000
2002-02-01,0.49010592699050903,0.5069188673352212,0.48720154220446976,0.5015695364194704,688272000
2002-02-04,0.4670256972312927,0.5009578553497739,0.46626178814979097,0.48903573539901507,1104864000
2002-02-05,0.46244016289711,0.46794265744081287,0.44425161506217514,0.463891945106921,1474620000
2002-02-06,0.4739798605442047,0.48215748477696607,0.4654206918324613,0.47466767919449576,1242528000
2002-02-07,0.4586188793182373,0.47459171477890333,0.45640318737084834,0.47459171477890333,964476000
2002-02-08,0.4411179721355438,0.46427438884138966,0.4236172420220348,0.4616762785173322,1871292000
2002-02-11,0.4654969274997711,0.4661847462841679,0.4388253233427109,0.44043021561878887,1249224000
2002-02-12,0.4753555953502655,0.4841449497905351,0.45319329549746584,0.45846653645632823,1216500000
2002-02-13,0.4692422151565552,0.48957033698261354,0.4646567938222124,0.48146967740626473,1230432000
2002-02-14,0.4750501215457916,0.48490878313287583,0.4672549160106651,0.4732159201676506,1225692000
2002-02-15,0.4382905960083008,0.4558674716838986,0.43370517436510664,0.45319324367995073,3988548000
2002-02-19,0.4092491865158081,0.42392254938414586,0.4058862385063762,0.4195664105834949,1972524000
2002-02-20,0.43064749240875244,0.4352329126367955,0.40122465259141393,0.40198858865222287,1838736000
2002-02-21,0.4012247622013092,0.42491583320571635,0.40069010793834536,0.4247635980434268,1531044000
2002-02-22,0.3815074861049652,0.39778574530813293,0.37638738239650515,0.39320032326005994,2585616000
2002-02-25,0.4113887846469879,0.41436931379466524,0.38318841240214774,0.3832654592391365,1599564000
2002-02-26,0.42033034563064575,0.42759092361410334,0.4092492120514118,0.42040739246779435,1902672000
2002-02-27,0.4061926305294037,0.4317178773359642,0.40504627508091545,0.42988370315212904,1723224000
2002-02-28,0.3898373544216156,0.41077808145806194,0.38639826072978256,0.4035175022771898,1585440000
2002-03-01,0.4275148808956146,0.4279734176154346,0.3924363708634286,0.39358272632861363,1311396000
2002-03-04,0.4513590633869171,0.456249884561769,0.4246865604414786,0.42881344533019794,1484724000
2002-03-05,0.4502128064632416,0.462287134912857,0.4440224914418387,0.4444039813711463,1379448000
2002-03-06,0.4360739290714264,0.4411940314624687,0.42667380535904825,0.4367617476679138,1446060000
2002-03-07,0.4325588345527649,0.44371608753270864,0.42048357888044385,0.44226435980231943,1346532000
2002-03-08,0.44547417759895325,0.45464504923621835,0.43867216196176273,0.4408126378536522,1270356000
2002-03-11,0.4402769207954407,0.44547404257002204,0.4329402530407392,0.44058324959829687,810540000
2002-03-12,0.41719773411750793,0.4291198269868366,0.41421720406735735,0.42682711576845517,1255032000
2002-03-13,0.4096316993236542,0.41628057736339485,0.4081029247392299,0.41330004771325385,1031616000
2002-03-14,0.38693392276763916,0.40657423196531306,0.3860929667534571,0.40657423196531306,1139460000
2002-03-15,0.4032883048057556,0.4037468689483206,0.38227148310759973,0.38968520094806547,1248288000
2002-03-18,0.4032883048057556,0.419490476319735,0.3987028820303104,0.4106250031114885,1236996000
2002-03-19,0.3947290778160095,0.40695656867745816,0.392359320058881,0.4061926323523385,846072000
2002-03-20,0.35552361607551575,0.3889972272806575,0.3542240964300973,0.3882323618364226,2292588000
2002-03-21,0.37439998984336853,0.3786800113382334,0.3520075114546195,0.36156079995926577,1721712000
2002-03-22,0.37119027972221375,0.38112508806385315,0.36836291421248074,0.38112508806385315,1249140000
2002-03-25,0.35200753808021545,0.36989071434155685,0.35154900140637096,0.36943217766771236,884160000
2002-03-26,0.35919204354286194,0.3681336054504188,0.34635285109641384,0.34833926052888264,1123512000
2002-03-27,0.3477283716201782,0.3608729602972747,0.3416141765938395,0.35368942957555993,1068012000
2002-03-28,0.33901622891426086,0.35231396102669293,0.3199867180750285,0.3500973671420293,3124080000
2002-04-01,0.3334365785121918,0.33603559078954076,0.30997478935674666,0.3202158701760206,2365344000
2002-04-02,0.32472431659698486,0.34153815972524176,0.32281402468313364,0.32342572587814183,1438008000
2002-04-03,0.33083847165107727,0.3350414741036249,0.3194510353339899,0.32617693250880153,1094640000
2002-04-04,0.3292336165904999,0.3404679170740025,0.3238072386235401,0.3283165431079277,1130964000
2002-04-05,0.3217437267303467,0.3367233927428835,0.3183816802773452,0.33137313329085266,1026900000
2002-04-08,0.33251944184303284,0.33251944184303284,0.3067649468345256,0.3068410644016917,1151316000
2002-04-09,0.31150367856025696,0.3385577082393882,0.3107388400720922,0.33580645978548135,1380768000
2002-04-10,0.2943081855773926,0.31639433377534576,0.27206887297778004,0.31402550582098815,3689724000
2002-04-11,0.28139200806617737,0.2956838567859178,0.27818222379340046,0.2919384889589061,1437288000
2002-04-12,0.2803225815296173,0.28995195762735926,0.2715332316419625,0.2876592477311703,1376880000
2002-04-15,0.2916330099105835,0.29644771233943146,0.2850602787220737,0.2857480972592322,1157208000
2002-04-16,0.30431923270225525,0.307835346866729,0.2983581717939754,0.30470165193449605,854856000
2002-04-17,0.3079114258289337,0.3124207307139348,0.29828201675007693,0.3079114258289337,944484000
2002-04-18,0.3027912378311157,0.3080644776930852,0.29614238800380616,0.3047776469362587,693156000
2002-04-19,0.2821567952632904,0.2961423672485616,0.28177437621169066,0.29255013717359635,1125672000
2002-04-22,0.2835325598716736,0.28926433856267486,0.2789471369188726,0.27902325452445365,808176000
2002-04-23,0.27206897735595703,0.2890350571127615,0.26954698403238736,0.2857482254129602,773508000
2002-04-24,0.2482246309518814,0.2792523920949395,0.2475368397299061,0.2752016256729659,1582956000
2002-04-25,0.25785401463508606,0.26282095189665927,0.24715437286147193,0.24723049042134604,1168296000
2002-04-26,0.23209869861602783,0.2609868973022694,0.23209869861602783,0.2606814976607297,1191120000
2002-04-29,0.2707694470882416,0.2746670506253423,0.2508228379707575,0.2595351459151005,3930852000
2002-04-30,0.2660307288169861,0.28085725388589655,0.26022283614516994,0.27718890688059855,1776504000
2002-05-01,0.2708454430103302,0.2745908096734983,0.25487349146410265,0.26167460241642726,1718904000
2002-05-02,0.25991755723953247,0.27887004538682164,0.2598405377141559,0.2721450765092423,1125084000
2002-05-03,0.2502881586551666,0.2622102774596157,0.24898863874082497,0.2602229387940527,852756000
2002-05-06,0.2407349795103073,0.25525521558268593,0.23874766725868515,0.2437916282104485,1102044000
2002-05-07,0.24677206575870514,0.25120525284839956,0.23469773811216604,0.24608424695068026,1412448000
2002-05-08,0.27512550354003906,0.2794055245212073,0.25525502004846934,0.2635858073843735,1688688000
2002-05-09,0.26335662603378296,0.27994025656030086,0.2628980619908043,0.27428459692187085,1230840000
2002-05-10,0.24363918602466583,0.26977612444821764,0.24073477503791105,0.26878200453496864,1321548000
2002-05-13,0.2583886981010437,0.2592296810753303,0.24409778176600938,0.24616121015761522,800892000
2002-05-14,0.2840670645236969,0.2869714757722569,0.2701576385248717,0.27489622345368625,1526112000
2002-05-15,0.2896456718444824,0.294995929845196,0.2758132668368343,0.2797108957356051,1504548000
2002-05-16,0.29018136858940125,0.29614242790280193,0.2838378901460758,0.28972280454123966,985560000
2002-05-17,0.2993521988391876,0.3001922527164533,0.2906398922835412,0.2980526790024375,934404000
2002-05-20,0.30256208777427673,0.30454847023490733,0.29545467150333354,0.29683028194426475,953412000
2002-05-21,0.2794817090034485,0.3106626141587461,0.27917633673897213,0.3064596116678146,1382604000
2002-05-22,0.2907921373844147,0.29247407639141115,0.281239776625184,0.281698313337194,1547988000
2002-05-23,0.2730621099472046,0.2922447792547583,0.2644259211267603,0.29163307813890244,2556780000
2002-05-24,0.2677127420902252,0.2692406145935662,0.2615224287020333,0.2678649772489603,737784000
2002-05-28,0.2570893168449402,0.27023481293814827,0.25173995767241353,0.27008164847202604,1367088000
2002-05-29,0.26679572463035583,0.2678650333552914,0.2490647799204048,0.2529624107694203,1311012000
2002-05-30,0.2628980576992035,0.26924063403539433,0.2562492071597861,0.26136928315364977,1066080000
2002-05-31,0.2557135820388794,0.26557224256778283,0.25525504540919514,0.26442588732793976,674112000
2002-06-03,0.240658700466156,0.2506696234306005,0.23760115188451403,0.24952326819541853,901248000
2002-06-04,0.25281020998954773,0.25410880094045324,0.23874761216529525,0.23913003138919334,1095432000
2002-06-05,0.2491418421268463,0.25342096314803164,0.24035248682573238,0.25334484554803166,1114308000
2002-06-06,0.24921783804893494,0.2525807857694541,0.24646659128850273,0.24654270885133917,739356000
2002-06-07,0.24684903025627136,0.24990567677808126,0.22888883703866938,0.22896587020498932,1371300000
2002-06-10,0.2447856217622757,0.2570892570559677,0.24417394796594494,0.2501349796907495,749148000
2002-06-11,0.23378057777881622,0.24990569657653441,0.23316887672080872,0.2488354588735963,859308000
2002-06-12,0.21360471844673157,0.23232793481034422,0.20382217458379354,0.22820105009822764,2267544000
2002-06-13,0.21138811111450195,0.21918332967655796,0.20466313024698243,0.2152096096539226,1265892000
2002-06-14,0.2153618484735489,0.216966740411195,0.19671475062599647,0.20359289602262648,1116444000
2002-06-17,0.21727311611175537,0.22300489415125638,0.21352773403937103,0.22017659929831956,1054140000
2002-06-18,0.2161266803741455,0.22239312412981233,0.21207591381821492,0.21459789248743574,1008300000
2002-06-19,0.18227070569992065,0.2055802626287347,0.18066579976931077,0.2055802626287347,2593620000
2002-06-20,0.18058963119983673,0.18762001119721047,0.17821988763533167,0.1826530732906304,1425048000
2002-06-21,0.1731758862733841,0.18662677409454617,0.1695075530122449,0.17967251288322375,1484364000
2002-06-24,0.176385760307312,0.18181215185365224,0.16354656776775792,0.16874369094709943,1379592000
2002-06-25,0.1617894321680069,0.1795955645254529,0.16071919422093323,0.1795955645254529,1172232000
2002-06-26,0.15338249504566193,0.15880888574315175,0.13947305310550395,0.14344770257265546,2067828000
2002-06-27,0.13053148984909058,0.160260640457784,0.12839192977969396,0.1590381674557213,3182808000
2002-06-28,0.131296306848526,0.1367217809629567,0.12556451761763912,0.12839189565241196,1991184000
2002-07-01,0.13099005818367004,0.13450617213352958,0.12823880998288412,0.13068467217519145,1164372000
2002-07-02,0.12273631989955902,0.1299207568431421,0.11937428546877278,0.12946221995689824,1368180000
2002-07-03,0.13335983455181122,0.13358910298874288,0.1218962623831909,0.12197237999621524,1073304000
2002-07-05,0.14512871205806732,0.1452048296287594,0.13878523497104714,0.14291211920323818,739524000
2002-07-08,0.14948484301567078,0.15468196413952162,0.14329451756120104,0.14344766827782132,1587180000
2002-07-09,0.1421482115983963,0.15177760551965788,0.13893841362464246,0.14986731375848902,1075080000
2002-07-10,0.13825054466724396,0.1467335800636069,0.13725734035448992,0.1455872250369873,926988000
2002-07-11,0.1523122489452362,0.15284783246714057,0.13626326022197388,0.1374866624268873,1143948000
2002-07-12,0.15216003358364105,0.16110162296372907,0.14902635301177722,0.160489921781676,1344900000
2002-07-15,0.16729189455509186,0.16736801211990315,0.1456633549937655,0.15254149940456083,1495272000
2002-07-16,0.16278259456157684,0.17844916254532522,0.16010746502170742,0.1631650272848305,1773432000
2002-07-17,0.1489502191543579,0.16240019591922522,0.14260674111294916,0.1592674312870801,1922364000
2002-07-18,0.14512871205806732,0.15514052309279505,0.14474627934427592,0.14650433558025364,1243188000
2002-07-19,0.13855594396591187,0.14627505773767427,0.13756275322224598,0.14069643277617938,845772000
2002-07-22,0.13213638961315155,0.1418428307307753,0.12648164537898945,0.1379452138854974,1290744000
2002-07-23,0.12227763235569,0.13374119199079315,0.11776924709455858,0.13290113870676987,1409652000
2002-07-24,0.1300729215145111,0.1320602322663515,0.12052056331090688,0.12059668087669899,1175100000
2002-07-25,0.11509419977664948,0.1254114132755558,0.11089120361768146,0.12502899411922164,1796448000
2002-07-26,0.11241907626390457,0.12120841752662996,0.10928631102972544,0.11845716953961026,1221900000
2002-07-29,0.11555271595716476,0.11769227561530297,0.11180825765608858,0.11708149019761391,1227720000
2002-07-30,0.12395967543125153,0.1297675708800714,0.11463566641207977,0.11501808557970276,1818012000
2002-07-31,0.08460110425949097,0.0921670620058717,0.08360790648135134,0.0903328879463308,4837140000
2002-08-01,0.07650049775838852,0.08528892908958412,0.07642346457417981,0.08528892908958412,1725708000
2002-08-02,0.07145656645298004,0.07948106528368654,0.06954535816628431,0.07894548829632078,1795260000
2002-08-05,0.06572475284337997,0.07053945018014782,0.06488378327607468,0.07038629939867931,1330716000
2002-08-06,0.06916380673646927,0.07176191012264387,0.06771114990773597,0.0687813876518477,1168800000
2002-08-07,0.0675588995218277,0.0729082563826178,0.06495988086125981,0.07222044464143547,892980000
2002-08-08,0.07199119031429291,0.07321366329967598,0.0664886748181837,0.06824673134456048,755424000
2002-08-09,0.07031017541885376,0.07260288627582878,0.06885751162244033,0.07008090023346586,581304000
2002-08-12,0.07031017541885376,0.07298438979843191,0.06771115619395282,0.06954532351296937,592800000
2002-08-13,0.06885751336812973,0.07420778712360537,0.0687813957811837,0.07076871391813744,654420000
2002-08-14,0.07351997494697571,0.07413075366821936,0.06954532502195775,0.070157019340743,632688000
2002-08-15,0.07864005863666534,0.08016884006568466,0.07550637819124098,0.07627123012093452,1140120000
2002-08-16,0.08169668912887573,0.08444794304475736,0.07214433017600685,0.0744370406337722,1657428000
2002-08-19,0.09667638689279556,0.10278968224283062,0.08505966623770465,0.0852128238636145,2243928000
2002-08-20,0.0923963338136673,0.09935059071342542,0.09117386081580872,0.09744030583384042,1429488000
2002-08-21,0.0972871333360672,0.09851052857689212,0.09209093377641635,0.096599321559678,1194876000
2002-08-22,0.09400121867656708,0.09820422058691994,0.09338952447052513,0.09438364456732098,1358496000
2002-08-23,0.08781089633703232,0.09193778087058672,0.087276242108446,0.09132608663551703,919932000
2002-08-26,0.08849870413541794,0.09010360272035822,0.08437182010762412,0.08949190856025328,698568000
2002-08-27,0.08345473557710648,0.0904860311058779,0.08292007456631705,0.09002748766413336,686712000
2002-08-28,0.07825762778520584,0.08314936454672159,0.0779522418571817,0.08299620695114587,700356000
2002-08-29,0.07925176620483398,0.08284307520507755,0.07665274646471057,0.07726444772430262,815520000
2002-08-30,0.07718832045793533,0.08177374250665635,0.07565953896489286,0.07848691115126248,1065888000
2002-09-03,0.07244973629713058,0.07390147767901198,0.07122725643749872,0.07351997415225492,847284000
2002-09-04,0.07199119031429291,0.0745892870490904,0.06885751003850168,0.07267900218900011,930552000
2002-09-05,0.06923995167016983,0.0716087876609533,0.06878141482643706,0.07130339479824488,714312000
2002-09-06,0.07076871395111084,0.07275512332426266,0.06969847608000806,0.07214434460050247,746460000
2002-09-09,0.07069168984889984,0.07290828346287005,0.06809358582064366,0.07023314624018995,578040000
2002-09-10,0.08077961951494217,0.08444796113278358,0.0702331382177503,0.07031017823619266,2317632000
2002-09-11,0.08475428074598312,0.09094460249486716,0.08330161669883085,0.08330161669883085,1657536000
2002-09-12,0.08207913488149643,0.08719921806616052,0.08116204774329394,0.08269082922855348,1294932000
2002-09-13,0.08077961951494217,0.08513577305087335,0.08024495837054348,0.08123816307127454,796872000
2002-09-16,0.07565952837467194,0.07986252385422875,0.0737492367657433,0.07955713793709188,925464000
2002-09-17,0.07451317459344864,0.08093277075332621,0.07405463786730107,0.07902248576177967,884052000
2002-09-18,0.07244973629713058,0.07481856476491446,0.07023313616821945,0.07336681655021567,811692000
2002-09-19,0.07000384479761124,0.07336679242901994,0.06962233456346795,0.0708448071883635,618492000
2002-09-20,0.07038632035255432,0.07199121994258585,0.06885753837711465,0.07053947117961555,687312000
2002-09-23,0.06732964515686035,0.06992774875793532,0.06687110162354436,0.0692399300415527,521676000
2002-09-24,0.0678642988204956,0.07107409636833978,0.06534231308067047,0.06656478594752623,624444000
2002-09-25,0.07160875201225281,0.07298437552426873,0.0690106488930063,0.07183802031998346,896616000
2002-09-26,0.06778819859027863,0.07374925172833183,0.06671796060134039,0.07298439971848858,739560000
2002-09-27,0.06541843712329865,0.06939308687817752,0.06534231953988907,0.06763503034846922,650688000
2002-09-30,0.06541843712329865,0.06824673147388745,0.0638135381907291,0.0651891687755675,584124000
2002-10-01,0.06893454492092133,0.06954532362993963,0.06358427129208812,0.0659540153355869,888360000
2002-10-02,0.06885751336812973,0.07298439164874675,0.06885751336812973,0.06946920768915028,749100000
2002-10-03,0.06549548357725143,0.06916382571408086,0.06534233278189297,0.06801747007747515,590568000
2002-10-04,0.0622086226940155,0.06740574405276872,0.06113930075536326,0.06534230214134755,529788000
2002-10-07,0.05915197357535362,0.0625910455406917,0.05869343702393591,0.061368572937019326,493068000
2002-10-08,0.05739394575357437,0.06129155571835935,0.0550251138092583,0.06113932054280531,714252000
2002-10-09,0.056324608623981476,0.060222224394332155,0.055330488591479696,0.05655388034084963,573132000
2002-10-10,0.05922810360789299,0.061062270486674605,0.05578903131505589,0.05578903131505589,538032000
2002-10-11,0.06732964515686035,0.0683989673919836,0.06113931770632031,0.06152082805787821,994140000
2002-10-14,0.06534233689308167,0.06732966229830205,0.06396671277573114,0.06534233689308167,611484000
2002-10-15,0.07214432954788208,0.07520097615437982,0.07115020947117989,0.07260287300200606,852768000
2002-10-16,0.06610624492168427,0.06786430134295053,0.06495988958810471,0.06725260708808058,578124000
2002-10-17,0.07115025073289871,0.07451320076875914,0.07008092806232541,0.07183806289655524,585792000
2002-10-18,0.07183803617954254,0.07260288810469354,0.06809357702935301,0.07076871390665684,498372000
2002-10-21,0.07833467423915863,0.0809327711659915,0.06923993426762036,0.0708448333157729,930624000
2002-10-22,0.08093278110027313,0.08559432804157187,0.07466634174664329,0.074742459344878,1272168000
2002-10-23,0.08421868830919266,0.08536504372288188,0.08100889041773594,0.08215524583142517,925428000
2002-10-24,0.07993955165147781,0.0868176895438066,0.07871615647646588,0.08590060266941188,1055172000
2002-10-25,0.0848304033279419,0.0852128293693608,0.07917473562922828,0.08024497372030595,745956000
2002-10-28,0.08528892695903778,0.08941580512144207,0.08475426583782335,0.08872799323317757,1070544000
2002-10-29,0.08154446631669998,0.08605285474487503,0.07726443063834473,0.08544207605087015,772728000
2002-10-30,0.08590061217546463,0.08865186627029607,0.08383716989613689,0.08414256263322936,1139496000
2002-10-31,0.09094459563493729,0.09155537440228162,0.08628214028536832,0.08651140866021838,1255476000
2002-11-01,0.10775753110647202,0.10905704435646071,0.08941582063113235,0.0895689782575658,2128836000
2002-11-04,0.1195264682173729,0.1261753321423729,0.11394783525580715,0.11425322117992008,2688132000
2002-11-05,0.11478880792856216,0.12120840407325549,0.10966780927162582,0.11922107906752487,2034540000
2002-11-06,0.12365332245826721,0.12380648686374002,0.11402393723491118,0.11868639812051267,1646016000
2002-11-07,0.1111965924501419,0.1204435540087269,0.11050877368620696,0.1204435540087269,1660560000
2002-11-08,0.08681768923997879,0.09957984493996849,0.08414255302726244,0.0940012129776489,3798900000
2002-11-11,0.08009180426597595,0.08391329649857933,0.07810539494712505,0.08269082348693135,1378452000
2002-11-12,0.08719919621944427,0.09017972525545757,0.08131517814870388,0.08200299674643992,1381188000
2002-11-13,0.08995047956705093,0.09247246597469318,0.08345476517542483,0.0851357819703621,1802112000
2002-11-14,0.09591154754161835,0.09774571527833432,0.09300805048261461,0.09591154754161835,1138728000
2002-11-15,0.1029428169131279,0.10630576564762675,0.09973301894773412,0.10087937438782942,2054328000
2002-11-18,0.1067643091082573,0.11157900605265136,0.10645800757028233,0.1111965869289478,1982472000
2002-11-19,0.10829218477010727,0.11371857651999376,0.1050062689221562,0.10615262446578556,1971948000
2002-11-20,0.11371854692697525,0.11463563385635209,0.11012632361513772,0.11157898717943195,1292796000
2002-11-21,0.12334800511598587,0.12900368045826466,0.11807476270276701,0.11830403114124614,2053920000
2002-11-22,0.12013815343379974,0.12258402857066367,0.11463564498881332,0.11585811792569621,1251900000
2002-11-25,0.124494269490242,0.12755091555477224,0.12082593617330674,0.12571674206348976,1230084000
2002-11-26,0.12113133817911148,0.12755093259036604,0.12074983474294806,0.1251059871173257,1084332000
2002-11-27,0.13053148984909058,0.13267196551600033,0.12464746392605436,0.12625236971029738,1088556000
2002-11-29,0.1309138983488083,0.13588175239914174,0.12992069377771717,0.1339705452376515,519396000
2002-12-02,0.12992072105407715,0.13962624726311165,0.1293090335082915,0.13786819048622487,1167504000
2002-12-03,0.12136063724756241,0.12778023328633825,0.12113136888881362,0.12747484734052203,1046220000
2002-12-04,0.10684043914079666,0.1146356666015407,0.10645801997254163,0.11280149905168114,2206548000
2002-12-05,0.1078336089849472,0.11448247871846512,0.10523550587245263,0.11371854256149715,1594872000
2002-12-06,0.10798677802085876,0.11005022046599316,0.10149106475664056,0.10317208125981753,1159224000
2002-12-09,0.09935058653354645,0.1061526079790456,0.09851053951907823,0.10447159151982073,969792000
2002-12-10,0.10768137872219086,0.10966778774036494,0.1005739720524945,0.10187256245247944,1389888000
2002-12-11,0.10706969350576401,0.11005021604800218,0.10332523470777479,0.1069165359159402,1364208000
2002-12-12,0.10531165450811386,0.11234295219293804,0.10508238613334749,0.11104343903827114,1302552000
2002-12-13,0.10118475556373596,0.10340134860407815,0.10042081933519865,0.10340134860407815,707724000
2002-12-16,0.10714580863714218,0.10775750288655024,0.10202571943701548,0.10470085600156873,1056972000
2002-12-17,0.10699358582496643,0.112725363102962,0.10615261631417662,0.10905702837817183,1077744000
2002-12-18,0.0988159254193306,0.10378377964541943,0.09858665707938773,0.10363062205348346,1126836000
2002-12-19,0.09667638689279556,0.10217890343299546,0.09568226646857628,0.09705789731183087,1100604000
2002-12-20,0.09797497093677521,0.10080325859313913,0.09316026707031831,0.09973302071981462,804576000
2002-12-23,0.09866279363632202,0.10103253800109373,0.09744032045502798,0.09774570643453051,498648000
2002-12-24,0.09667638689279556,0.10118478300877617,0.09614081008299447,0.09919837335568642,300336000
2002-12-26,0.09491834789514542,0.09973304615677589,0.09407737816629697,0.09828129754711988,719760000
2002-12-27,0.09132609516382217,0.09774569088980281,0.09048604812155478,0.09751642254222515,702528000
2002-12-30,0.08811628818511963,0.09270171615766064,0.086052845939117,0.09170851162110495,784740000
2002-12-31,0.08796405792236328,0.09017973544246072,0.08551818963539082,0.08719920606975691,825396000
2003-01-02,0.09407735615968704,0.09514759405562585,0.0885748471000638,0.09170852760156575,1302540000
2003-01-03,0.09407735615968704,0.09744031185781692,0.09247245711456212,0.09438366454262949,1037496000
2003-01-06,0.10172034800052643,0.10324820702887015,0.09629394968848362,0.09637007411016629,1033428000
2003-01-07,0.10141400992870331,0.10607647052884617,0.10026765477784201,0.1037067202304259,1498272000
2003-01-08,0.09132609516382217,0.10172034064202089,0.09063828328827202,0.09881592870996685,1852524000
2003-01-09,0.09293100982904434,0.09514760342801243,0.09201392261783148,0.09415439862055382,1436076000
2003-01-10,0.09453590214252472,0.09591153285908868,0.0904860568467569,0.0917085299515163,924492000
2003-01-13,0.09377194941043854,0.09896907136488883,0.09331340595169584,0.09812810201927,849120000
2003-01-14,0.09445976465940475,0.09537685161065004,0.0916323930638167,0.09407733875845073,868524000
2003-01-15,0.09155534952878952,0.09530073036142403,0.09155534952878952,0.09453587858900675,904584000
2003-01-16,0.08536505699157715,0.09132611016900617,0.08414258380383945,0.09017975457713347,2039976000
2003-01-17,0.08215523511171341,0.08421867732024053,0.0810859130190942,0.08307231522331275,1058832000
2003-01-21,0.08009180426597595,0.08544207787768822,0.0798625290809361,0.08368402814635681,967356000
2003-01-22,0.08016885071992874,0.08223229356279282,0.07963327391158338,0.07986254230176007,550992000
2003-01-23,0.08238450437784195,0.08368401723529251,0.0801688269956576,0.08230838680286574,918456000
2003-01-24,0.07772297412157059,0.08207913459649792,0.07634735025186114,0.08169670861891047,897108000
2003-01-27,0.0765766128897667,0.08001568597236541,0.07466632800555349,0.07604195177233918,889116000
2003-01-28,0.07932787388563156,0.08077962219078448,0.07306143516154504,0.07558341455568782,1785480000
2003-01-29,0.08093278110027313,0.08154448234483005,0.07718832822696943,0.07718832822696943,1022040000
2003-01-30,0.07764685153961182,0.08322548474816555,0.07680588888139987,0.08253767285753132,743064000
2003-01-31,0.07886932790279388,0.08100888789804646,0.07466632549395484,0.07535413735421133,949656000
2003-02-03,0.08039809763431549,0.0819259562980484,0.07871615896885106,0.08032105763344972,755556000
2003-02-04,0.07680587470531464,0.08024494035655365,0.07565951948823496,0.07986251447413743,627720000
2003-02-05,0.07749371230602264,0.08062739312078752,0.07718832632293614,0.07848691711493411,581508000
2003-02-06,0.0781053826212883,0.08299619632639689,0.07680587663229474,0.08284304558324386,1226184000
2003-02-07,0.074589304625988,0.08001570381755761,0.07443706942358326,0.07963327778329408,915156000
2003-02-10,0.07550636678934097,0.0760419434456343,0.07130336469935779,0.07451316224746983,982632000
2003-02-11,0.07413075864315033,0.07833467720783938,0.07374924825384865,0.07611807690621118,850716000
2003-02-12,0.07451317459344864,0.07726443594723986,0.0735199767198325,0.07413075545580444,641400000
2003-02-13,0.0754302367568016,0.07619416601461332,0.07374922068445923,0.07581266260074554,889164000
2003-02-14,0.0920138955116272,0.09209093551565302,0.08368401596680455,0.0857474581677587,3548844000
2003-02-18,0.0972871333360672,0.09912130718352667,0.09438364425292449,0.09552999949117857,1740516000
2003-02-19,0.09820421785116196,0.09881591204016342,0.09560611471865159,0.09667635235827131,1141212000
2003-02-20,0.09820421785116196,0.10118474686377267,0.09782270756840897,0.0985866437312623,978132000
2003-02-21,0.09828128665685654,0.0985105618817113,0.09476517975078491,0.09812813586293925,913260000
2003-02-24,0.09950375556945801,0.10309597991800337,0.09690565844023756,0.09744031963208154,1137012000
2003-02-25,0.09889203310012817,0.09935057656692634,0.09476514873176096,0.09629392987594264,1239204000
2003-02-26,0.09407735615968704,0.09919836167800423,0.09384808779587676,0.09759346263287931,746892000
2003-02-27,0.09606467187404633,0.09652321539008132,0.09346656837088536,0.09499443408174436,675312000
2003-02-28,0.09644710272550583,0.09667637107880275,0.09033289277793807,0.09308414718158793,1653336000
2003-03-03,0.09484218060970306,0.0993505680552196,0.0936187854605286,0.09759343434196636,702036000
2003-03-04,0.09407735615968704,0.09606468117650228,0.09316026903881061,0.09514759405562585,538392000
2003-03-05,0.09560614079236984,0.09614080195931889,0.0929310037624305,0.09316027213385773,522156000
2003-03-06,0.09400121867656708,0.09575927495749788,0.09361879278581317,0.09484218803071327,548064000
2003-03-07,0.09545295685529709,0.09575926514201548,0.09170849879214964,0.09254946122727958,581148000
2003-03-10,0.0927787646651268,0.09491832484024244,0.09262561389143842,0.09445978128391812,344796000
2003-03-11,0.09346657246351242,0.09499443824127218,0.09239633462434788,0.09346657246351242,417144000
2003-03-12,0.09606467187404633,0.09629394021565532,0.09338953519203039,0.09423050464272337,493920000
2003-03-13,0.1056179404258728,0.10622871906299551,0.09843349348781198,0.09889203697256589,1362732000
2003-03-14,0.10256040841341019,0.1069936025896212,0.10179647880009884,0.10599948215188792,1094220000
2003-03-17,0.10852143913507462,0.11058488158033448,0.10065010212883295,0.10087937047483199,1307808000
2003-03-18,0.10768137872219086,0.10936239501665077,0.10546478578911615,0.10813992219004485,932280000
2003-03-19,0.1082160472869873,0.10897997669885029,0.10439455536714806,0.10791065454204114,712992000
2003-03-20,0.10920927673578262,0.11150198792376186,0.10538869954331376,0.10821607193145805,780060000
2003-03-21,0.1082160472869873,0.11333612969709411,0.10332523321033892,0.1129546262062937,1681800000
2003-03-24,0.10416527092456818,0.10699356484721594,0.10317206643487858,0.10378376746774207,839016000
2003-03-25,0.10714580863714218,0.10875070745638658,0.10408916175216067,0.10447158767002669,672828000
2003-03-26,0.11012633889913559,0.111960513012447,0.10867459756355159,0.10951556020397252,1107840000
2003-03-27,0.10699358582496643,0.1109673133273834,0.10668727744979624,0.10867460241618516,1392732000
2003-03-28,0.10263741761445999,0.10737508107803578,0.10095548555537386,0.1069935775758237,1290684000
2003-03-31,0.09843351691961288,0.10072623488915705,0.09797498015852221,0.09950375489367193,680508000
2003-04-01,0.10133790969848633,0.10240814746585636,0.09828126275049708,0.10049694026738432,533808000
2003-04-02,0.10508237034082413,0.10684041998081162,0.10340135387925527,0.10477697758675102,771900000
2003-04-03,0.10645799338817596,0.10699357004233602,0.10424230915535589,0.10699357004233602,702780000
2003-04-04,0.10233111679553986,0.10691653829576152,0.10187257327895428,0.1067643031328247,513840000
2003-04-07,0.10340134054422379,0.11005020354956344,0.10240813606449024,0.10920924104490483,671256000
2003-04-08,0.10240816324949265,0.10485310947947472,0.10172035130186284,0.10431845514493138,475032000
2003-04-09,0.10187256336212158,0.10554090430489274,0.10172032821400417,0.10278965030601846,694260000
2003-04-10,0.10240816324949265,0.10340136799287972,0.10141404290850782,0.10324821037979326,364104000
2003-04-11,0.10126180946826935,0.10439457453260526,0.1002676891101785,0.10355452055503177,374184000
2003-04-14,0.10301894694566727,0.103325255353703,0.0994276381870879,0.099733030997482,445776000
2003-04-15,0.10248427093029022,0.10378378394136549,0.09980913415698231,0.1023311201648318,490212000
2003-04-16,0.10248427093029022,0.10508237452211432,0.10164330145089824,0.10485309933986406,671988000
2003-04-17,0.10431845486164093,0.10454772323262229,0.10110865667099463,0.1032482100994092,520740000
2003-04-21,0.10699358582496643,0.10729897176977574,0.10347747944099174,0.10447159972295789,597144000
2003-04-22,0.10836917906999588,0.10844529663534126,0.10470083854714643,0.10645797906234843,787392000
2003-04-23,0.1108141541481018,0.11150196600270955,0.10737508120942917,0.1082160506564098,606204000
2003-04-24,0.10752823203802109,0.11089118035129833,0.10607648400626603,0.11089118035129833,660912000
2003-04-25,0.10355451703071594,0.10875072462942044,0.10256039670645842,0.10691655035617934,884652000
2003-04-28,0.1066872626543045,0.10859846976882892,0.10355449826431463,0.10477697113719651,674988000
2003-04-29,0.10997410118579865,0.11150196690223897,0.10829216911108555,0.1091331385648506,670344000
2003-04-30,0.10951557010412216,0.11234294911310046,0.10890387575615973,0.10936241932593968,466620000
2003-05-01,0.11020335555076599,0.1112726775475704,0.10813991352713014,0.10875069209281372,733368000
2003-05-02,0.12151376157999039,0.12227769774272014,0.11104340711924607,0.11165510130814858,1691088000
2003-05-05,0.124494269490242,0.13022605823409236,0.12044350352527487,0.12266010966458923,1576164000
2003-05-06,0.12464743852615356,0.127857235774932,0.12266012769596145,0.12388260044891602,1143864000
2003-05-07,0.12266014516353607,0.1257167784470537,0.12052058522543922,0.12281329592025853,897372000
2003-05-08,0.12273631989955902,0.12762804508064268,0.1196035539118947,0.12113141346642539,1957452000
2003-05-09,0.16331730782985687,0.16454069658101303,0.13985551495129542,0.1439062828390752,9230856000
2003-05-12,0.15873189270496368,0.1673680832189914,0.15743328823386007,0.16369973433072635,3007860000
2003-05-13,0.15575134754180908,0.15819720931886905,0.15238931422921898,0.15330638769669247,1824108000
2003-05-14,0.15559908747673035,0.15819718401779323,0.15361176275124752,0.1562868924673322,965580000
2003-05-15,0.16094845533370972,0.16125384126115053,0.15705083880696452,0.1578918082699251,1105656000
2003-05-16,0.16247721016407013,0.16530458854065425,0.15873184292130124,0.15896111123850232,1028916000
2003-05-19,0.15330633521080017,0.16186548876946905,0.15139514207719093,0.16033671464890856,1220484000
2003-05-20,0.15437568724155426,0.15552204257246383,0.1528478284205152,0.15353564708531434,884124000
2003-05-21,0.1598021239042282,0.15987824149812874,0.15361179566849512,0.15445276525755167,905472000
2003-05-22,0.16033683717250824,0.16178949483943347,0.15628698338543118,0.1600314510870635,888816000
2003-05-23,0.15949667990207672,0.1635465310745884,0.15880887495539595,0.16048988440267895,867612000
2003-05-27,0.17363445460796356,0.17424614191495472,0.1547580912442875,0.15781473758158873,1677408000
2003-05-28,0.1731758862733841,0.17501005973676845,0.16889676770069234,0.17309976871693822,1235556000
2003-05-29,0.18502196669578552,0.1909069091731614,0.17271744103458803,0.17309986021331097,2297736000
2003-05-30,0.20000071823596954,0.20351683186309127,0.19755577186581375,0.20252271146511153,2142312000
2003-06-02,0.1889195293188095,0.20542706710995898,0.18769705647149248,0.20519778512292305,1566144000
2003-06-03,0.19281722605228424,0.19854900481169188,0.18448733609973691,0.18678004760349998,1596804000
2003-06-04,0.19740259647369385,0.19755574724365507,0.18922494391257205,0.19220547353973555,1175604000
2003-06-05,0.20305827260017395,0.20374609139015337,0.1922054891390998,0.19480451544860097,1204404000
2003-06-06,0.1968679428100586,0.21207596327167538,0.19533915456685452,0.21100572540793258,1378836000
2003-06-09,0.1944981813430786,0.20068850885524409,0.19151765176326177,0.19564453677137209,720588000
2003-06-10,0.19732651114463806,0.19747874634194917,0.19235865575475336,0.1944982162275555,563304000
2003-06-11,0.19747865200042725,0.19923670804238927,0.1925878321433764,0.19610302863005208,943836000
2003-06-12,0.1944981813430786,0.20099481039030084,0.1938874094680083,0.1988543347037207,1046688000
2003-06-13,0.17936627566814423,0.1914415308813516,0.17806768509220763,0.18609217295206829,1826808000
2003-06-16,0.18318778276443481,0.18548049368280844,0.16950762117561277,0.18150675933513757,1904868000
2003-06-17,0.18754389882087708,0.18876637162319235,0.18188822657486794,0.18739074807978037,999852000
2003-06-18,0.19472746551036835,0.19847284730012066,0.18418098378103007,0.1857097721191786,1122072000
2003-06-19,0.1828823834657669,0.19656162948043446,0.1818882631789895,0.1955684247912049,1190532000
2003-06-20,0.180971160531044,0.18494581014162495,0.17806767796559206,0.18486877696350962,937848000
2003-06-23,0.1745515614748001,0.18173600868750225,0.17096026029871633,0.18081892168293676,734784000
2003-06-24,0.1741700917482376,0.17730285686220465,0.16859054912822746,0.17348227294505764,1008816000
2003-06-25,0.17531642317771912,0.181736018904963,0.1739407994263481,0.1746286181348508,1060620000
2003-06-26,0.17554567754268646,0.17791451941050668,0.1703485552165283,0.17585107711499134,960540000
2003-06-27,0.17241203784942627,0.1792140674037752,0.17157108191254364,0.1776091613914993,709104000
2003-06-30,0.17508721351623535,0.17814386164014254,0.17271746873356675,0.17470479427618324,544128000
2003-07-01,0.18227070569992065,0.1824999740712547,0.17126567355389288,0.17287057948450274,977016000
2003-07-02,0.18173600733280182,0.1863214423214485,0.17921402833827127,0.18395168481833798,846828000
2003-07-03,0.17967255413532257,0.18433410642050305,0.17715057529335498,0.17753207876035404,420912000
2003-07-07,0.19144152104854584,0.19243472564119357,0.18204140991435808,0.18211752749414106,832200000
2003-07-08,0.1893019676208496,0.19182396040942776,0.18570975069118506,0.1861682873805806,602856000
2003-07-09,0.19365818798542023,0.19679095371451455,0.18891961402348803,0.18922500005648374,755352000
2003-07-10,0.18570977449417114,0.19006592826430718,0.18242385866793134,0.18762006641027215,644568000
2003-07-11,0.18670296669006348,0.1890727107925432,0.18509806084815605,0.18792635533359578,495000000
2003-07-14,0.18525122106075287,0.1925878903644494,0.18433413398138213,0.19144153493164465,694344000
2003-07-15,0.17921403050422668,0.18884342359831396,0.17745597406604716,0.18800245416894756,1143456000
2003-07-16,0.17699740827083588,0.18341700261059704,0.17271737351189373,0.18257603331960592,880476000
2003-07-17,0.1681320071220398,0.1738637988823601,0.16583929588416643,0.17164812083982262,853764000
2003-07-18,0.16247721016407013,0.16538070611392777,0.15643911875239283,0.16484603824061952,1280832000
2003-07-21,0.16003137826919556,0.16392898137339462,0.15620987908659617,0.16339432706765472,985140000
2003-07-22,0.16270649433135986,0.16576314132290898,0.1617894073075848,0.16454066837891004,582444000
2003-07-23,0.1648460477590561,0.16583925232411548,0.1576625299439677,0.16255333712339598,605328000
2003-07-24,0.1584264636039734,0.16904906178184537,0.1570508398594002,0.16782658880076454,1116828000
2003-07-25,0.16094845533370972,0.16186552871352347,0.15284783635277852,0.15873186213539434,1002084000
2003-07-28,0.15598057210445404,0.16262943487024134,0.1552927535313744,0.1622479314309847,703752000
2003-07-29,0.14574044942855835,0.15407033832215225,0.14031405738272953,0.14184284583390705,2794788000
2003-07-30,0.14413553476333618,0.14688678232650504,0.14321844768706835,0.14520485700969482,788724000
2003-07-31,0.1458926796913147,0.1496380616313908,0.14436482055507607,0.14749758568506263,897600000
2003-08-01,0.15070737898349762,0.15193076770199665,0.14451705092647005,0.14596972168331648,767556000
2003-08-04,0.15636301040649414,0.15911427137216355,0.149638029243736,0.15055511623229248,1428852000
2003-08-05,0.15590444207191467,0.16408209206417523,0.1546049362636661,0.16041374485520069,1063488000
2003-08-06,0.14956101775169373,0.15590449634785933,0.14581655167683472,0.15384105374086046,1025868000
2003-08-07,0.1474975347518921,0.1513190329665863,0.1455111258752475,0.14917947335671372,1040340000
2003-08-08,0.11845713108778,0.1270162855865152,0.1166229572480585,0.12648161772170496,3767580000
2003-08-11,0.12487673759460449,0.12648162960593237,0.11960349755915525,0.12036742014366854,1675752000
2003-08-12,0.12739872932434082,0.12770411526912842,0.1244181996737409,0.1264816422267997,764160000
2003-08-13,0.12823878228664398,0.13030222482440246,0.12472359835934482,0.1279333963441208,693552000
2003-08-14,0.12380644679069519,0.12579377070721653,0.12243081003819248,0.12395959748096477,1527696000
2003-08-15,0.12342406064271927,0.124188912450451,0.12227770536134236,0.1230425571690741,217716000
2003-08-18,0.1270923912525177,0.1270923912525177,0.12319477562464766,0.1254113683117684,717684000
2003-08-19,0.13679885864257812,0.13756279498933946,0.12984367887388346,0.1299207120602935,1403976000
2003-08-20,0.13488759100437164,0.13740956921498473,0.1319070626046103,0.13488759100437164,870348000
2003-08-21,0.13855594396591187,0.13985546349834488,0.13603396539532933,0.13817444053996564,644748000
2003-08-22,0.13955016434192657,0.1488732463703011,0.1394731174654044,0.14688683631753216,1002396000
2003-08-25,0.138785257935524,0.14222432414286018,0.1375627849497915,0.14222432414286018,434028000
2003-08-26,0.13656958937644958,0.13909156869610306,0.13282420772672301,0.13702812610161014,768984000
2003-08-27,0.1406964808702469,0.1421482223647579,0.13603401189563205,0.13748668265338165,567816000
2003-08-28,0.1370280385017395,0.142835943435495,0.13542314732402405,0.1420720075821516,828312000
2003-08-29,0.13886232674121857,0.13947309875920974,0.13626330007576706,0.136798883754317,532884000
2003-09-02,0.1376388967037201,0.142530619634475,0.13695107802512999,0.14130723110305518,711456000
2003-09-03,0.13496467471122742,0.14008476427082375,0.1342768696683121,0.13970234515892566,849972000
2003-09-04,0.13626322150230408,0.13947301833488157,0.13450609480098377,0.13549929912144776,740064000
2003-09-05,0.14275993406772614,0.14596973252090872,0.13488766629666027,0.13649257235606999,1198740000
2003-09-08,0.14933179318904877,0.1510137190821757,0.14329461437242313,0.14505267154231674,1508712000
2003-09-09,0.15850260853767395,0.16408216499052064,0.1432184685470887,0.1452048781590392,2489436000
2003-09-10,0.14765068888664246,0.158121050070667,0.14642821611897353,0.15399416589175968,1380624000
2003-09-11,0.14574044942855835,0.15399422072533933,0.13985552060652473,0.14963806668884644,2612736000
2003-09-12,0.147879958152771,0.15108975546101416,0.14291211828547215,0.14451701010677773,1162404000
2003-09-15,0.14543412625789642,0.1498673128308085,0.1448994719642422,0.14910246091992174,596028000
2003-09-16,0.1499434858560562,0.15040203639937444,0.14574048168073356,0.14574048168073356,620736000
2003-09-17,0.1517014354467392,0.15460493087690946,0.14963799362999325,0.15086046623609825,902784000
2003-09-18,0.15284781157970428,0.15292392914985475,0.1491794776580983,0.1508604870484414,603492000
2003-09-19,0.15162444114685059,0.1555990906796317,0.15024881747169727,0.1546049704977108,648096000
2003-09-22,0.14566336572170258,0.14895019620673336,0.14444089294266355,0.148643894730372,735504000
2003-09-23,0.14703910052776337,0.14788007049387117,0.14398246530084657,0.14589274445150407,628932000
2003-09-24,0.13588176667690277,0.14520485907675607,0.13565249832098072,0.14390626845925306,1600668000
2003-09-25,0.13397052884101868,0.13939691889088046,0.1333597570958457,0.13695105778694447,736776000
2003-09-26,0.12885046005249023,0.13397054941888398,0.12709241725546552,0.13358904591888368,895908000
2003-09-29,0.12189621478319168,0.12671090474119784,0.11998500749189495,0.12235475147799822,1944996000
2003-09-30,0.12204844504594803,0.12617532979592821,0.12036742176709835,0.12082597210911493,1020888000
2003-10-01,0.12304255366325378,0.12449429480166359,0.12197231598761908,0.12227770187731479,877224000
2003-10-02,0.12495291233062744,0.12671095590201495,0.12189626400002873,0.12227776766806937,857628000
2003-10-03,0.12823878228664398,0.13144858027141995,0.1261753397488855,0.12839193305667385,862812000
2003-10-06,0.12724554538726807,0.12976752399893898,0.1261753077975135,0.12846801811096548,377028000
2003-10-07,0.12839192152023315,0.12839192152023315,0.12548750973895142,0.1272455661762195,510588000
2003-10-08,0.12388262152671814,0.12953828084100502,0.12311868525119679,0.12839192546179884,739440000
2003-10-09,0.12564069032669067,0.13053151244471353,0.12464748550312439,0.1257168079241709,852408000
2003-10-10,0.12785720825195312,0.12877429493499343,0.12609916610390912,0.12762793999760025,413976000
2003-10-13,0.12915588915348053,0.13183101958343263,0.12831583511789532,0.12930903994696052,434904000
2003-10-14,0.13152560591697693,0.13190710942388137,0.12701630197359873,0.1277802245848917,623556000
2003-10-15,0.12984368205070496,0.1354993556964137,0.12900364176018383,0.13305348022346758,703488000
2003-10-16,0.13144861161708832,0.13190714843898557,0.12800954445594454,0.12999685621572238,446088000
2003-10-17,0.12732167541980743,0.13320660251085514,0.12716944027095986,0.13068462365226713,459696000
2003-10-20,0.1301499456167221,0.1303021807377079,0.12663383361589975,0.127398685275366,467388000
2003-10-21,0.13412371277809143,0.1366457057407895,0.13068464637328694,0.13251882058877004,758724000
2003-10-22,0.13183100521564484,0.13511692093168032,0.1311432001164613,0.13206027358203934,620952000
2003-10-23,0.13121932744979858,0.13374130699867956,0.12969145462749618,0.1299207230109151,451524000
2003-10-24,0.13076074421405792,0.1319070995092088,0.12869730194965975,0.12992069041838863,447084000
2003-10-27,0.13144861161708832,0.1329773865549689,0.1305315243076557,0.13144861161708832,254460000
2003-10-28,0.13970233500003815,0.14046717316821675,0.13259492108064352,0.1332066084956993,956064000
2003-10-29,0.13970233500003815,0.14138426015771605,0.13549933280226426,0.13557545038010793,494004000
2003-10-30,0.13710418343544006,0.1433706260532839,0.13687491517361855,0.1432945084983965,581256000
2003-10-31,0.13511690497398376,0.13947305808354718,0.13297734500824454,0.13832670272132702,598152000
2003-11-03,0.1376388967037201,0.14023790892668633,0.1338183134786246,0.13442909897968924,773724000
2003-11-04,0.13809743523597717,0.14100184708134733,0.13718034820740319,0.1406194143153302,700896000
2003-11-05,0.13863299787044525,0.1400086213731907,0.1330534433612468,0.13527003618475014,882024000
2003-11-06,0.13886232674121857,0.14138430654048145,0.13634033327631784,0.14069650132193948,1175280000
2003-11-07,0.16622167825698853,0.1685905063731828,0.16201867624122368,0.16553385962824135,4292820000
2003-11-10,0.16576313972473145,0.16904905502413525,0.16476993512984364,0.16675634431961925,1210056000
2003-11-11,0.16163624823093414,0.16484604581615378,0.15873185021585637,0.16201868097527009,799140000
2003-11-12,0.16377580165863037,0.16431138513290447,0.1603367358806942,0.1611015876737042,617664000
2003-11-13,0.16385287046432495,0.1661455951472007,0.162858750136379,0.16377583727640216,580332000
2003-11-14,0.1541464775800705,0.16431145793583307,0.15368794073943076,0.16431145793583307,888420000
2003-11-17,0.15254156291484833,0.15437572367782829,0.14979030127192328,0.15124297212036672,599880000
2003-11-18,0.15032587945461273,0.1581972175888336,0.1497902958399001,0.1562869256329894,991428000
2003-11-19,0.15452887117862701,0.15514055867651136,0.15086052272389894,0.15139519070170832,567552000
2003-11-20,0.1504019796848297,0.15544593809984333,0.14979027854699412,0.1520829894021157,738852000
2003-11-21,0.15101365745067596,0.1524654123879003,0.14810925931003271,0.15223613038461745,543240000
2003-11-24,0.16010744869709015,0.16048986771571983,0.15139514428660406,0.1524653818460309,940644000
2003-11-25,0.1628587543964386,0.16423439197527512,0.15896115103143107,0.1607953116938198,822804000
2003-11-26,0.16301192343235016,0.16606855731170317,0.1599552758873608,0.16553390295513887,430032000
2003-11-28,0.16224798560142517,0.16339434116220888,0.16087236166161198,0.1629358044041499,206136000
2003-12-01,0.16454069316387177,0.1657631662920133,0.16217094890213535,0.16408215641573123,526980000
2003-12-02,0.16385287046432495,0.16721490380226237,0.162858750136379,0.16354656890780528,574740000
2003-12-03,0.1621709018945694,0.16966073413515026,0.16178938478114296,0.16431137716178804,710028000
2003-12-04,0.16133086383342743,0.16560998358874343,0.1575093651404378,0.1627064874783333,521952000
2003-12-05,0.15613378584384918,0.16201872850857627,0.15483427940731342,0.157509409879488,559848000
2003-12-08,0.1572801172733307,0.1588850231225533,0.15475813798527813,0.15613376180915814,340980000
2003-12-09,0.14910249412059784,0.1585026217213112,0.1490263765181346,0.15697476242001915,598128000
2003-12-10,0.1523892730474472,0.15322931310056576,0.14902631138045158,0.1491024289496447,568656000
2003-12-11,0.16010744869709015,0.1620186555242218,0.15200683159695577,0.15231221745349224,694872000
2003-12-12,0.15926748514175415,0.16331733818462818,0.15666847196890948,0.16224801561744698,700692000
2003-12-15,0.15605761110782623,0.16415822889118048,0.1555990744857084,0.1639289469144894,622752000
2003-12-16,0.15819722414016724,0.15919042895609153,0.15238932850638276,0.15514057649783522,601728000
2003-12-17,0.15514054894447327,0.15743325975203787,0.15254153660840117,0.15689768987590083,499116000
2003-12-18,0.15865574777126312,0.1602606536879981,0.15529279882466462,0.15544594960342883,436728000
2003-12-19,0.1610245704650879,0.16507533769263855,0.15926742958091783,0.16262946252096652,916956000
2003-12-22,0.16125382483005524,0.1616362438985078,0.15705082280413768,0.1586557147209141,371184000
2003-12-23,0.1678265929222107,0.1694314987183209,0.1605660275797907,0.16064306076217735,722760000
2003-12-24,0.16660407185554504,0.16828509475164485,0.16614553528356585,0.16775042695112372,210852000
2003-12-26,0.17378760874271393,0.17478081315407182,0.16721485009536322,0.1679026686458725,363960000
2003-12-29,0.18112431466579437,0.1817360020686213,0.1762334939072649,0.17707354770469072,756624000
2003-12-30,0.18150675296783447,0.1849458192247516,0.17906089136360664,0.17921404212988973,550884000
2003-12-31,0.17730288207530975,0.18227073785807413,0.17439938492763624,0.18142976814997508,497268000
2004-01-02,0.176385760307312,0.18257608821009033,0.176385760307312,0.1801311420292193,436416000
2004-01-05,0.18211758136749268,0.18334097025630533,0.17745602734442223,0.1790609335081014,575292000
2004-01-06,0.18953125178813934,0.19205323093978466,0.1807418984189961,0.18158286789058956,1093344000
2004-01-07,0.19121228158473969,0.19212936873608433,0.18609219149388528,0.1873907958648464,673032000
2004-01-08,0.19190014898777008,0.19449824665431634,0.19006597422034283,0.1935811592706027,433752000
2004-01-09,0.1946513056755066,0.19702014746102514,0.18907268005918665,0.19060055246815683,766584000
2004-01-12,0.1968679428100586,0.197478714696801,0.19350498038027925,0.19533915456685452,541980000
2004-01-13,0.18670296669006348,0.19778501774679771,0.18463952413083107,0.19587381036164295,865800000
2004-01-14,0.18532732129096985,0.1902951616785376,0.18357018047960497,0.18762003194187712,544872000
2004-01-15,0.18563368916511536,0.18716154852511324,0.1806658333358382,0.1839517497331697,609204000
2004-01-16,0.188461035490036,0.19006592777008544,0.18578589160323736,0.18754394833044952,451728000
2004-01-20,0.19373419880867004,0.19403958465179694,0.18861411072264034,0.19075367015026642,487764000
2004-01-21,0.1847926676273346,0.1928932867737264,0.18448728169365608,0.19212935047514063,494460000
2004-01-22,0.18051260709762573,0.18876637587528386,0.17829692975604886,0.1857858467427259,605724000
2004-01-23,0.176462784409523,0.18318777995550478,0.17608036528502086,0.17959554919573553,482472000
2004-01-26,0.18341706693172455,0.18418098966075225,0.17623353394606028,0.17760915788252146,393684000
2004-01-27,0.17294670641422272,0.18265313471392788,0.17157108244630412,0.17974872232409636,934104000
2004-01-28,0.17248812317848206,0.17791452775411506,0.17157104981803042,0.1751632666758584,615204000
2004-01-29,0.16744419932365417,0.1738637961552613,0.1616362900567704,0.17302374213549693,929700000
2004-01-30,0.17004314064979553,0.17386372309278228,0.16606849188329662,0.1670626118735587,466464000
2004-02-02,0.1727944165468216,0.17615644904259906,0.16966073676485494,0.1714187930141864,560844000
2004-02-03,0.17218266427516937,0.17531634312451266,0.1698899545145734,0.17233581496948663,418032000
2004-02-04,0.16752122342586517,0.17111252522675724,0.1672919550512445,0.1697369013133972,436800000
2004-02-05,0.17004314064979553,0.17195343187128892,0.16736801139438978,0.16843824894913323,331980000
2004-02-06,0.17394079267978668,0.17638573855919937,0.17134176677896473,0.17225885379951955,471132000
2004-02-09,0.1727173924446106,0.17806766537909374,0.17264127486934472,0.17523937133109949,373992000
2004-02-10,0.1790608912706375,0.17921404203684108,0.1731759497469135,0.17325298292877211,509700000
2004-02-11,0.18532732129096985,0.1859390087086871,0.1807418863235219,0.18135358740687257,737808000
2004-02-12,0.17974872887134552,0.18532736987284776,0.17692136323716723,0.1843341650408237,974892000
2004-02-13,0.17806774377822876,0.18257613371707251,0.1734823069671598,0.17501018006085736,1747500000
2004-02-17,0.18005409836769104,0.180589668257919,0.17630963246118692,0.1787554940973562,575976000
2004-02-18,0.18005409836769104,0.18150675533820038,0.17883161168273473,0.180589668257919,320244000
2004-02-19,0.1799779087305069,0.18548041534370388,0.17959547609602927,0.18227061868053654,631032000
2004-02-20,0.18448729813098907,0.1849458348711163,0.1786784736971692,0.1796725940314749,618120000
2004-02-23,0.17806774377822876,0.1844873416480864,0.1756218677245098,0.18418102635171746,853332000
2004-02-24,0.17096026241779327,0.1772267071061529,0.16904905520842792,0.1750101139791751,708384000
2004-02-25,0.17195351421833038,0.17523943042336398,0.17011933968294812,0.17202963181926378,652512000
2004-02-26,0.17309986054897308,0.17478088419409554,0.17096030012755878,0.17447548454348547,344976000
2004-02-27,0.17004314064979553,0.17363445480206352,0.16744412895887112,0.17348220600746986,595548000
2004-03-01,0.17256520688533783,0.1728705928715667,0.16935540844118768,0.16958467683027623,506628000
2004-03-02,0.16935542225837708,0.17401696268015643,0.16866760336935757,0.17279448937219868,813348000
2004-03-03,0.16713878512382507,0.16889684180208916,0.16438753738730222,0.16889684180208916,552492000
2004-03-04,0.1708071082830429,0.17111249419461722,0.1674441598690499,0.16881978353293345,413352000
2004-03-05,0.16958463191986084,0.1734822344990902,0.16637483432574848,0.16698560613645796,354888000
2004-03-08,0.1636996865272522,0.17195345544995164,0.16240018050359867,0.1696607448971202,465168000
2004-03-09,0.1625533401966095,0.1652284836316889,0.15980209284805594,0.16507533287602277,371232000
2004-03-10,0.16018450260162354,0.16538070915015424,0.15903814732893964,0.16362356841967518,481692000
2004-03-11,0.15896108746528625,0.1636996585070948,0.15804400066800312,0.15804400066800312,526872000
2004-03-12,0.16232407093048096,0.16431139568420267,0.1593435415986211,0.1611015980188844,377952000
2004-03-15,0.15865574777126312,0.16201871038349727,0.1576625567032676,0.16133089160980577,421224000
2004-03-16,0.16545775532722473,0.16622169159180464,0.15957281408887608,0.16064305187100983,597504000
2004-03-17,0.16950766742229462,0.1711125600367641,0.16744422429966332,0.16813202956344792,524592000
2004-03-18,0.17141880095005035,0.17348222951171385,0.16813195661038954,0.16859050691958474,528048000
2004-03-19,0.16943147778511047,0.17225884257736798,0.1684382732488387,0.1705017154942515,452964000
2004-03-22,0.1681320071220398,0.1694315271996113,0.16431143667924575,0.16683341630777904,576708000
2004-03-23,0.16881974041461945,0.17225880552877218,0.16690944932839455,0.17042464566726873,576036000
2004-03-24,0.176385760307312,0.17921405489558892,0.16813198977027424,0.16851442258010071,787344000
2004-03-25,0.1866268664598465,0.18754395364542312,0.17806770948119005,0.1783730954552931,997128000
2004-03-26,0.1860920935869217,0.18899558869591926,0.18357011549681646,0.1860920935869217,551604000
2004-03-29,0.19411668181419373,0.19663866107519826,0.18838490455480386,0.18876640808519127,985764000
2004-03-30,0.19992457330226898,0.20084166038149517,0.1926640079193851,0.19281717235312673,724956000
2004-03-31,0.2017587423324585,0.2038983023752168,0.19984845063727058,0.20091777285989884,604752000
2004-04-01,0.19816650450229645,0.2061148739068396,0.1931225330584153,0.20198798942235804,1319508000
2004-04-02,0.2009948045015335,0.20382218323098517,0.19640938292270385,0.2025226770732364,649740000
2004-04-05,0.2081783413887024,0.20901931087471598,0.19992457141904899,0.19992457141904899,576744000
2004-04-06,0.19977141916751862,0.20550320989967877,0.19870209693573126,0.20405145488719684,624096000
2004-04-07,0.19870206713676453,0.20137629474551097,0.19518596824263393,0.201300177172918,447864000
2004-04-08,0.2043568193912506,0.20634414407592155,0.20160557215407637,0.20313434652212958,447096000
2004-04-12,0.20053623616695404,0.20687879766249778,0.1993128477850191,0.20596171075831368,443784000
2004-04-13,0.19587381184101105,0.20252268995188488,0.19488062081182106,0.2023704547766575,442704000
2004-04-14,0.1968679428100586,0.20053627751757422,0.19266401087344964,0.19488061785302815,512016000
2004-04-15,0.18655073642730713,0.1950337752462321,0.18570976689192079,0.19419280571084577,828084000
2004-04-16,0.18043656647205353,0.18586295917581053,0.18005414724629484,0.185785925971994,654864000
2004-04-19,0.18020717799663544,0.18150668368586334,0.17699738131558065,0.18028329555196548,522804000
2004-04-20,0.17256520688533783,0.1826531389959653,0.1724881600248931,0.18066581376003504,513804000
2004-04-21,0.1727944165468216,0.17883157853659917,0.17149491058545666,0.17325295316915593,688812000
2004-04-22,0.17378760874271393,0.17669202000819,0.16759728278502392,0.17118949893537808,695520000
2004-04-23,0.1776091456413269,0.1805896753529319,0.1753925522717337,0.17592722025107635,443928000
2004-04-26,0.17065396904945374,0.17875549008826036,0.17019541868677995,0.17799065186152438,429912000
2004-04-27,0.16920220851898193,0.1772267097802479,0.1685905210770657,0.1726412882970296,494568000
2004-04-28,0.1685144454240799,0.1718773947920453,0.16721492530445883,0.16927836821844058,468768000
2004-04-29,0.16385287046432495,0.16866757453303774,0.16163627703742187,0.16752121902441766,645048000
2004-04-30,0.15682153403759003,0.16392893307413955,0.15620983306166067,0.1629357423425236,512928000
2004-05-03,0.15483425557613373,0.1601074961776996,0.15208299426267693,0.15850259032844105,610668000
2004-05-04,0.1646929234266281,0.1666802484729906,0.15666843491451443,0.15705085405907285,772380000
2004-05-05,0.16606852412223816,0.1675211946415762,0.16347042752421906,0.16484605120121293,464280000
2004-05-06,0.16744419932365417,0.16874370571520567,0.16087236729911084,0.16438755169844632,711348000
2004-05-07,0.16874366998672485,0.17554568455578548,0.1678265829670098,0.1723358868195997,956772000
2004-05-10,0.1621709018945694,0.1659923865508054,0.1585795874776572,0.1642343439943554,669072000
2004-05-11,0.16614562273025513,0.16775051524250897,0.1635465960593762,0.16423441494499233,399936000
2004-05-12,0.16385287046432495,0.1654577763757744,0.1581210929212246,0.16522850800717753,482328000
2004-05-13,0.1643875390291214,0.1673680688281521,0.162018710413307,0.16247724715209527,347952000
2004-05-14,0.1643875390291214,0.16797975634573278,0.16354656947651094,0.16507535780293947,459000000
2004-05-17,0.1617894321680069,0.16415827450494433,0.15934357030671037,0.16201871420840736,308340000
2004-05-18,0.1643875390291214,0.16629783090614753,0.16262948233329874,0.16324118351651506,204420000
2004-05-19,0.1640050709247589,0.17042467954587567,0.1631650308161325,0.16805583777415195,498276000
2004-05-20,0.16163624823093414,0.1664509514415802,0.1607952788311239,0.16369969051183486,421488000
2004-05-21,0.16201871633529663,0.16377584383211993,0.15980212281966638,0.16354657545434576,282096000
2004-05-24,0.16148313879966736,0.16331731322215257,0.15957284678093392,0.16171240718606883,301620000
2004-05-25,0.1685144454240799,0.16927836821844058,0.15888504971404424,0.16217096588418115,681264000
2004-05-26,0.17195351421833038,0.17424622555473945,0.16752124234509225,0.16851444721371678,524568000
2004-05-27,0.17248812317848206,0.17737985982737503,0.17225885483836914,0.17478084757651288,556548000
2004-05-28,0.17921403050422668,0.1802072350924865,0.1732529717797582,0.17462860912579473,637980000
2004-06-01,0.1790608912706375,0.18089505174066028,0.17592721095039945,0.17615647930094797,318420000
2004-06-02,0.17768524587154388,0.18425800581793175,0.17753209511220513,0.18341703637214352,643800000
2004-06-03,0.16912607848644257,0.17814378369476613,0.16859050866514208,0.17776135095640544,700824000
2004-06-04,0.16744419932365417,0.17294670894136932,0.16729196413071795,0.1725652053613693,649608000
2004-06-07,0.17149493098258972,0.1734052089360327,0.1680558512435188,0.1701954112010313,571956000
2004-06-08,0.16843830049037933,0.17080712901815948,0.16591630752386327,0.17050174306951285,615000000
2004-06-09,0.1605660319328308,0.16966077167004495,0.16003137762922903,0.16943150331170923,498336000
2004-06-10,0.15896108746528625,0.16347039022418164,0.1575093328746564,0.16316500437937861,564516000
2004-06-14,0.15399421751499176,0.15812110307734825,0.1527708287398706,0.15812110307734825,424752000
2004-06-15,0.15628693997859955,0.15865576890958638,0.15483428271513253,0.15659233964486446,394584000
2004-06-16,0.1538410633802414,0.15682159329550902,0.15322936217316951,0.15582838852296135,252576000
2004-06-17,0.15078438818454742,0.15659229616387618,0.15001953633315165,0.1528478305419507,482376000
2004-06-18,0.15101365745067596,0.15521665977095678,0.14902633266062904,0.15162444295173252,534336000
2004-06-21,0.14833852648735046,0.15361176654019987,0.1473453218988271,0.15124293827090865,266568000
2004-06-22,0.15254156291484833,0.15322936807635204,0.1481854088961112,0.14917952930458214,430308000
2004-06-23,0.15514054894447327,0.15575133447211853,0.15170148273312634,0.15208298624750763,264660000
2004-06-24,0.15376491844654083,0.15980209479720778,0.1526185630930555,0.15926742687639722,590652000
2004-06-25,0.15475814044475555,0.15659231468283505,0.1530000837952715,0.154834258033351,329124000
2004-06-28,0.1534586101770401,0.15750936349187827,0.15284782470307692,0.15697470926023413,299376000
2004-06-29,0.15873189270496368,0.15896116109407105,0.15376495301123186,0.1543757249837397,363852000
2004-06-30,0.1564391404390335,0.15888501569093308,0.15452886239770328,0.15452886239770328,329268000
2004-07-01,0.14925561845302582,0.15842646151687698,0.14902633644392224,0.1581971931734075,505620000
2004-07-02,0.14719219505786896,0.15093664761631762,0.14604583952669972,0.1508605300244833,294948000
2004-07-06,0.13855594396591187,0.14696286262112523,0.13695105223889512,0.14543408845983977,575388000
2004-07-07,0.13924379646778107,0.14321844626871558,0.13855597775098327,0.1403140343010628,344136000
2004-07-08,0.13496467471122742,0.1402379150350834,0.13473540636358897,0.13794520422743026,430056000
2004-07-09,0.12915588915348053,0.134964700461785,0.12663389585137147,0.13481154966830497,1114500000
2004-07-12,0.12617535889148712,0.1291558889721755,0.12449433522499977,0.125564573248141,676044000
2004-07-13,0.12594608962535858,0.12992072643814082,0.12457045195728371,0.1277041328094644,567108000
2004-07-14,0.12036748975515366,0.1248768098139405,0.11792162690250842,0.12151384575924909,901608000
2004-07-15,0.1195264682173729,0.12288941676944251,0.11876253194271588,0.12158991063073621,611352000
2004-07-16,0.11601125448942184,0.12334793607362271,0.11601125448942184,0.12319478533440577,464700000
2004-07-19,0.1173107847571373,0.11860937523323328,0.1147117589444411,0.1163166645924026,461088000
2004-07-20,0.11967961490154266,0.12013815157083364,0.11608738446374554,0.1172337398026066,341544000
2004-07-21,0.11241907626390457,0.12166696796822442,0.11203756584956354,0.12151380351138072,613416000
2004-07-22,0.11478880792856216,0.11539959349590705,0.11005022840836548,0.11371857003859276,521460000
2004-07-23,0.11173125356435776,0.11570590387931252,0.11096732399729073,0.11555275309341018,371496000
2004-07-26,0.108598493039608,0.11417711996818135,0.10752825508991348,0.11318391520867054,503208000
2004-07-27,0.11218976974487305,0.1124960780746527,0.10577017467855658,0.10913312979301287,789888000
2004-07-28,0.10936242341995239,0.11234295331869013,0.10622874273729893,0.11196052732489255,505116000
2004-07-29,0.11654596030712128,0.119374255115313,0.11035563192301232,0.11089120871885723,747360000
2004-07-30,0.11784541606903076,0.11998497554047531,0.11486488734958555,0.1150941556359358,403956000
2004-08-02,0.11937423795461655,0.11983277465835047,0.11593515801407364,0.11792156732984393,420984000
2004-08-03,0.11318393051624298,0.11998503833228759,0.11226685005809064,0.11990892072942196,741540000
2004-08-04,0.11440637707710266,0.11547661485748431,0.11180827360287937,0.11196050876393779,507816000
2004-08-05,0.11127269268035889,0.11616441545493923,0.1092862835511665,0.11562884561920829,859920000
2004-08-06,0.07206730544567108,0.07795223985289,0.07107410084137568,0.07726442800158365,5088948000
2004-08-09,0.07527710497379303,0.07695903706659657,0.07267900143319656,0.07390147440586689,1579212000
2004-08-10,0.08123818039894104,0.08200303249861199,0.07818153245915653,0.07948104581726653,2051916000
2004-08-11,0.07886932790279388,0.08016883404164071,0.07833466680335109,0.08016883404164071,963816000
2004-08-12,0.07703512907028198,0.07932783908940236,0.07688197835869554,0.07909857082061625,654384000
2004-08-13,0.08024495840072632,0.08077961954532611,0.0781815158128633,0.07886933456402938,815700000
2004-08-16,0.07948102056980133,0.08146742293114625,0.07886932630361389,0.07932786297927609,531732000
2004-08-17,0.08383716642856598,0.08429570989754159,0.08047421823403848,0.08123814759465899,744912000
2004-08-18,0.08941579610109329,0.08941579610109329,0.08353086197133726,0.08421868062303127,872424000
2004-08-19,0.08911040425300598,0.0904860346318437,0.08773477387416827,0.08888113593960778,724404000
2004-08-20,0.09438366442918777,0.09568225508980945,0.08834557179725147,0.08865188017982575,1199040000
2004-08-23,0.09644710272550583,0.09744030738958566,0.09537686487864393,0.09591152600331256,800028000
2004-08-24,0.09285488724708557,0.09828127896111785,0.09102071975596122,0.09782273538013228,939420000
2004-08-25,0.0968286320567131,0.09751645096556054,0.09316028959653042,0.09491834663748656,721308000
2004-08-26,0.09705787152051926,0.09766956576548255,0.09591151620550546,0.09667636120286319,612720000
2004-08-27,0.09889203310012817,0.10026766350052266,0.09705786606575179,0.0971348992363352,565128000
2004-08-30,0.09560614079236984,0.09904521419350333,0.09553002320109312,0.09851055302655429,628056000
2004-08-31,0.09522369503974915,0.09644709033023856,0.09224317266585562,0.09598854684975883,587064000
2004-09-01,0.09705787152051926,0.09843349516540917,0.09277875176525292,0.09400122465774839,591744000
2004-09-02,0.10103251785039902,0.1017964541112503,0.09659933158219396,0.09751641860107466,770088000
2004-09-03,0.09797497093677521,0.09996228907878042,0.09713491701996377,0.09797497093677521,715056000
2004-09-07,0.0961407870054245,0.10065009763666762,0.09484219650208406,0.09858665528350229,727332000
2004-09-08,0.09415440261363983,0.09705789956290715,0.09392513421752251,0.09621784550997017,834984000
2004-09-09,0.10355451703071594,0.10523553369344764,0.09598856523564088,0.09644710880395116,1299324000
2004-09-10,0.10752823203802109,0.10806289309944146,0.10149105598740914,0.1017964487226541,1039344000
2004-09-13,0.10959167778491974,0.11173123782935587,0.10722284939273344,0.10737508455956522,967752000
2004-09-14,0.11005023866891861,0.11081417508169741,0.10775752749857184,0.1085984971044177,683556000
2004-09-15,0.10393599420785904,0.10699355619633111,0.10256036394238888,0.10668724790598375,1163904000
2004-09-16,0.1078336089849472,0.10890384661632183,0.10531162344238414,0.10569404931953827,810024000
2004-09-17,0.11226681619882584,0.11287759486583411,0.10775750553964579,0.10867459255402694,1003800000
2004-09-20,0.11211367696523666,0.1153234820411159,0.10867461034745017,0.11005023426143756,794628000
2004-09-21,0.11509419977664948,0.1160112869394007,0.113260032283965,0.11463566302809183,503904000
2004-09-22,0.10974486172199249,0.1147888280784558,0.10920928488421253,0.11203757308103775,625920000
2004-09-23,0.11073804646730423,0.11134974079555789,0.10783363436402209,0.11104343241624438,578664000
2004-09-24,0.10737507045269012,0.11134971968571168,0.10577017173083808,0.11119656894149826,476316000
2004-09-27,0.10546483099460602,0.10775754248378684,0.1035545387310006,0.10653506913319104,406020000
2004-09-28,0.10699358582496643,0.10791066608975523,0.10378378781616192,0.10523552921657034,474840000
2004-09-29,0.10959167778491974,0.1126483248859909,0.10554091727911233,0.1069165410312477,537228000
2004-09-30,0.11096729338169098,0.11348927903038801,0.10875070045572825,0.11081414263804254,619680000
2004-10-01,0.11555271595716476,0.1161644033065591,0.11096728833470662,0.11150194934990688,590412000
2004-10-04,0.11883864551782608,0.12036741994744601,0.11631666650457917,0.1165459348393046,673932000
2004-10-05,0.11616440117359161,0.11899177936451365,0.11509416356550523,0.11593513287144562,633180000
2004-10-06,0.11662295460700989,0.11715760879408,0.11325999972216151,0.11593513601628261,498504000
2004-10-07,0.1173107847571373,0.12143765571125249,0.11669908367647507,0.11876252598634936,798072000
2004-10-08,0.1108912006020546,0.11654595177641296,0.10989708027650605,0.11608740137468941,693420000
2004-10-11,0.11104340851306915,0.11326000139029076,0.10905700637776417,0.11104340851306915,373848000
2004-10-12,0.10943851619958878,0.11027948558965504,0.10554090684350116,0.10729895636670678,827232000
2004-10-13,0.10875070840120316,0.11417709915548843,0.10783362140143402,0.11272535107713866,672816000
2004-10-14,0.10546483099460602,0.10974486795117187,0.10470089447559101,0.10974486795117187,513264000
2004-10-15,0.10256040841341019,0.10584724695440148,0.09996230431749244,0.10569408932640963,1280484000
2004-10-18,0.1043945923447609,0.10546483047810455,0.10110867593686705,0.10194963882272394,573972000
2004-10-19,0.10370675474405289,0.1078336401268343,0.10294282519928134,0.10676431778398433,618480000
2004-10-20,0.10493014752864838,0.10538869109605406,0.10278967170424662,0.1034013660490418,540204000
2004-10-21,0.10729895532131195,0.1086745857568432,0.10515939550927529,0.10599944929374512,1013964000
2004-10-22,0.10149107128381729,0.10852144610779592,0.10118476973780775,0.10829217774706593,686460000
2004-10-25,0.10194960236549377,0.10416527984771656,0.10042082111668874,0.10065009628218659,529164000
2004-10-26,0.11073804646730423,0.11608739785567188,0.10829217791902779,0.11196051952625577,2455776000
2004-10-27,0.11379467695951462,0.11585811936013624,0.10875071196129718,0.10875071196129718,1074036000
2004-10-28,0.11257220804691315,0.11463565052157706,0.11150197021886732,0.11226682211372785,561552000
2004-10-29,0.11058487743139267,0.11303074572686875,0.10959167283619095,0.11150196444661566,742860000
2004-11-01,0.11295463144779205,0.11303074902999519,0.11066192067555097,0.11211366198797192,653892000
2004-11-02,0.11455952376127243,0.11692835197937504,0.11173122961829848,0.11264831660753738,1095756000
2004-11-03,0.11562884598970413,0.11960349545569027,0.11501806050618256,0.11922106270579988,910356000
2004-11-04,0.11776932328939438,0.11922106454166215,0.11402394892961766,0.11646981719522496,995544000
2004-11-05,0.13481155037879944,0.14344774102401137,0.13328277556333548,0.13603402360568906,3849012000
2004-11-08,0.13626322150230408,0.13809739502538548,0.13274803883682562,0.1333597397654654,718620000
2004-11-09,0.1354231834411621,0.13740957844401608,0.13412366400693196,0.13419978156691115,615936000
2004-11-10,0.1354231834411621,0.13672177361254154,0.13465833178685765,0.13527001905835298,645912000
2004-11-11,0.13809743523597717,0.13809743523597717,0.13534617415025518,0.13626326117882917,507000000
2004-11-12,0.1383267492055893,0.14061946070048803,0.13695112504177775,0.1402379570717354,647076000
2004-11-15,0.14039009809494019,0.14138421796303366,0.13611097959638202,0.13695103315989676,536472000
2004-11-16,0.13993161916732788,0.14237748083818505,0.13733350865791974,0.14084870626061566,472728000
2004-11-17,0.14230139553546906,0.14604586234458078,0.1407726206110684,0.14214824473026877,602772000
2004-11-18,0.14413553476333618,0.14535800777730773,0.14054330404331022,0.14352383362477203,532524000
2004-11-19,0.14489947259426117,0.1568976949655689,0.14375310348765696,0.15514055397714072,2126052000
2004-11-22,0.14902634918689728,0.14902634918689728,0.14405850812523632,0.1454341319693143,733788000
2004-11-23,0.1496380716562271,0.15124297775749396,0.14658050831801012,0.14780389715924708,676896000
2004-11-24,0.15024875104427338,0.15269461139914906,0.1491023825452346,0.1494848151324722,428580000
2004-11-26,0.15177759528160095,0.15315321898737944,0.14963803530926545,0.15093662583672146,350760000
2004-11-29,0.14879705011844635,0.1539941721363516,0.14749754413103447,0.1529239344647023,704388000
2004-11-30,0.14619898796081543,0.14956102131090918,0.14535801840808854,0.1494087861296846,576540000
2004-12-01,0.14986728131771088,0.14986728131771088,0.14642821573289955,0.14749753776099284,514572000
2004-12-02,0.15185369551181793,0.15300005074659104,0.14726827457272543,0.14841462980749856,758652000
2004-12-03,0.1584264636039734,0.16048990605365032,0.15498739740972325,0.15552205168570032,1347312000
2004-12-06,0.1659923940896988,0.16729191375557406,0.1563630017419024,0.15919038012866285,970500000
2004-12-07,0.17432230710983276,0.19075372959842476,0.17225886460060952,0.17569793089410338,2927052000
2004-12-08,0.176385760307312,0.17959555844220054,0.17501013643968422,0.1767681931171385,872724000
2004-12-09,0.17478083074092865,0.17661499095079222,0.16989001016061095,0.1732529583543935,869964000
2004-12-10,0.17814376950263977,0.18005406085054126,0.1770735318770764,0.17883157442030959,652848000
2004-12-13,0.17325296998023987,0.17776135813494331,0.1724120005596083,0.1754686474695409,738024000
2004-12-14,0.17676816880702972,0.17692131956315987,0.1730998207769992,0.17340520669180606,512988000
2004-12-15,0.17837309837341309,0.1789077664018845,0.17577500122568268,0.17852624916178572,432768000
2004-12-16,0.18074187636375427,0.18998976529902686,0.18043649047044363,0.18357017036398443,1524036000
2004-12-17,0.17623353004455566,0.18486880436912634,0.17417008735272688,0.18410486799137465,1214244000
2004-12-20,0.17432230710983276,0.1810482181920671,0.17340522003177414,0.17829695695789122,898728000
2004-12-21,0.17562179267406464,0.1768442792124208,0.17004316694161928,0.17432228662767474,899400000
2004-12-22,0.17585107684135437,0.17997796142596328,0.1754686440949049,0.17913699202150538,421824000
2004-12-23,0.17630961537361145,0.17829694010984984,0.17401690472793024,0.17485787414132806,366972000
2004-12-27,0.17478083074092865,0.17951940250851703,0.17386374380318056,0.17875546631524944,308208000
2004-12-28,0.1738637387752533,0.17653886827195514,0.17317592017542496,0.17516324473793066,291612000
2004-12-29,0.1753925085067749,0.17753206815656164,0.1728705298154423,0.17332906642636392,294732000
2004-12-30,0.17470474541187286,0.1769213387589854,0.1739408090776089,0.17546866808050174,259812000
2004-12-31,0.18005409836769104,0.1809711717823377,0.1765389008148486,0.17722671954146832,575964000
2005-01-03,0.18020717799663544,0.18891948132155134,0.17944324198621175,0.18632138554026018,1066716000
2005-01-04,0.17172420024871826,0.18181213018509115,0.16897293917572537,0.1815067442646822,790224000
2005-01-05,0.17332908511161804,0.17539252741447262,0.16897293217573245,0.16989001916207153,724812000
2005-01-06,0.1716480404138565,0.17844913774547555,0.17042465217280447,0.17638569586509117,563568000
2005-01-07,0.16836130619049072,0.17332914835187344,0.16583931264148435,0.17202964180862954,763092000
2005-01-10,0.16874366998672485,0.1704246932679862,0.16775046538665825,0.1688968207448936,579552000
2005-01-11,0.16354654729366302,0.16805585114186133,0.16102456824112812,0.16713876412303943,1093380000
2005-01-12,0.1621709018945694,0.16560996750566873,0.15819716843252055,0.16499918208462874,1057800000
2005-01-13,0.16385287046432495,0.16813199094228556,0.158961146873325,0.16255336417744504,898764000
2005-01-14,0.1643875390291214,0.1672919512375504,0.16278263311209115,0.1669095184237282,573912000
2005-01-18,0.1669856160879135,0.16736804885609996,0.16217092624263166,0.16255334534518406,464556000
2005-01-19,0.16316509246826172,0.16813201887726317,0.16247727358255498,0.16775051526460572,336492000
2005-01-20,0.16354654729366302,0.16752119688498984,0.1598782128840092,0.1598782128840092,640080000
2005-01-21,0.16385287046432495,0.16706266862158828,0.16324118294887133,0.16377583727640216,596352000
2005-01-24,0.1572801172733307,0.16530461918817352,0.15636303016886563,0.16293579067244268,463704000
2005-01-25,0.16003137826919556,0.16224797160575677,0.15705084860200683,0.1579679357046522,439704000
2005-01-26,0.162094846367836,0.16431144005356757,0.1578918429894337,0.16056605786820913,429120000
2005-01-27,0.17508721351623535,0.17585115006416965,0.16140704800364608,0.16240025297604987,1002912000
2005-01-28,0.17485783994197845,0.17646273161381124,0.1710363419703646,0.17577492675401035,671052000
2005-01-31,0.17516328394412994,0.17844919960743094,0.17271742221137795,0.17630963942334055,562968000
2005-02-01,0.17844918370246887,0.17921403557402552,0.17394079537340024,0.1750101175713569,507180000
2005-02-02,0.18838487565517426,0.1898366168281624,0.18020722431022637,0.1854804640461651,2035404000
2005-02-03,0.18639755249023438,0.18769705852382645,0.18379944235482454,0.18639755249023438,690120000
2005-02-04,0.19709719717502594,0.1976318514373552,0.186397566089783,0.18647368367083744,806448000
2005-02-07,0.19472746551036835,0.20099482671406146,0.19297033806429978,0.19732649177872613,521628000
2005-02-08,0.19663862884044647,0.19977139314117137,0.19289326155742803,0.19350494894233122,455772000
2005-02-09,0.18976055085659027,0.1977850399708932,0.1887664304600162,0.19717335241321235,783756000
2005-02-10,0.1941927969455719,0.1951860016142135,0.19006591190473368,0.1907537306334183,602376000
2005-02-11,0.19984844326972961,0.20130019821625691,0.19228249241939033,0.19297031110237894,556512000
2005-02-14,0.1956445276737213,0.2005362643601163,0.19488060506664576,0.1997714124899277,432900000
2005-02-15,0.19740259647369385,0.20366904167040717,0.19663866015332515,0.19694405976134632,748500000
2005-02-16,0.19671475887298584,0.19961917063537998,0.1931995752843971,0.19679087645189808,466464000
2005-02-17,0.1949567049741745,0.19946600848386414,0.19342883256726567,0.1993898909093008,1017408000
2005-02-18,0.21604971587657928,0.2162789842528998,0.20412759632027996,0.20993642091262701,3132120000
2005-02-22,0.21880090236663818,0.22384487355941834,0.21268760911700102,0.21459790051604669,1420800000
2005-02-23,0.21169358491897583,0.21796094734518823,0.2081784000779308,0.2152858166294667,1107840000
2005-02-24,0.21727311611175537,0.21757850209713728,0.2087900764139118,0.2087900764139118,695496000
2005-02-25,0.22040586173534393,0.2215522172412136,0.21520965412982726,0.217578482731721,525132000
2005-02-28,0.22155223786830902,0.221629271063219,0.21742535219670014,0.21933655983802225,758064000
2005-03-01,0.22101753950119019,0.2262146624750675,0.21880094617736975,0.22254632775120628,737148000
2005-03-02,0.21452181041240692,0.21979505059241428,0.21322230427976993,0.21857166204107964,947460000
2005-03-03,0.21161748468875885,0.21536195191877194,0.20848380321834747,0.21398632764494288,761292000
2005-03-04,0.21070033311843872,0.21406328178129388,0.2089422765712727,0.21222910764996242,593124000
2005-03-07,0.21283984184265137,0.21727304121791022,0.21016562796633925,0.21161736905920736,511176000
2005-03-08,0.20206409692764282,0.2127637266771582,0.20068847338991547,0.2123051900531265,1332384000
2005-03-09,0.196790874004364,0.2045099890168077,0.19618010218576573,0.20076552347497112,910140000
2005-03-10,0.19671475887298584,0.1991606339670099,0.19358107877640665,0.19740257754117457,689280000
2005-03-11,0.19228248298168182,0.19877819573252012,0.19052442660430802,0.1984728098278409,732180000
2005-03-14,0.19770798087120056,0.19854895036874665,0.19488061570172602,0.1962562394936544,572148000
2005-03-15,0.19373419880867004,0.20061232925209646,0.19358103442285693,0.19870203810612516,378108000
2005-03-16,0.1904483139514923,0.19602695353510435,0.19037128077526352,0.19297030662011444,535356000
2005-03-17,0.18853715062141418,0.19174694880525814,0.18807860021478748,0.19105913002813596,442584000
2005-03-18,0.18471653759479523,0.18930195894103835,0.18127747158511287,0.1886902715173944,639012000
2005-03-21,0.19105909764766693,0.19151763431094565,0.18349314704413422,0.18463950236796442,654456000
2005-03-22,0.18762004375457764,0.19297031723038932,0.1869322250497465,0.19121226071089642,622992000
2005-03-23,0.19167077541351318,0.19297028133283153,0.18700922344156695,0.18739074054856253,728784000
2005-03-24,0.19205325841903687,0.19740261708393134,0.1919001076330856,0.1922054936073564,865356000
2005-03-28,0.18991273641586304,0.19488059030748453,0.18807856248854046,0.19212932941650065,511188000
2005-03-29,0.18570977449417114,0.19182398499609077,0.1848688049243587,0.1896835091082983,587400000
2005-03-30,0.18570977449417114,0.1883849183879259,0.1793662956181677,0.18578589208632984,858708000
2005-03-31,0.18158289790153503,0.18593905188286405,0.1807419282909511,0.18463954550188197,518316000
2005-04-01,0.17982476949691772,0.1848687402914938,0.17875544752448003,0.1837994183190561,510756000
2005-04-04,0.17875546216964722,0.17936624760426925,0.17478082668750405,0.1788315797414303,421428000
2005-04-05,0.17562179267406464,0.18257605569478355,0.1745515549538426,0.1788315902373144,430128000
2005-04-06,0.17829695343971252,0.18188825483273044,0.17768525231202406,0.17890773896989515,567468000
2005-04-07,0.18158289790153503,0.1834170723144009,0.17615650592442297,0.17921406912242194,506352000
2005-04-08,0.17921403050422668,0.18639756215274983,0.17883159774645,0.18234679502535434,621540000
2005-04-11,0.17569798231124878,0.18112438878241757,0.1751633278633788,0.1805126874636476,328380000
2005-04-12,0.17783844470977783,0.17814383069007755,0.17126568349150445,0.17516330069288377,512232000
2005-04-13,0.17042472958564758,0.17852625199755395,0.16927836031748608,0.17806771522279874,498408000
2005-04-14,0.16904903948307037,0.17241198765072618,0.168438267704661,0.17080709577135988,352080000
2005-04-15,0.16316509246826172,0.16813201887726317,0.1616363038931425,0.16690954557519327,630156000
2005-04-18,0.16201871633529663,0.16568705137659204,0.1612538643453316,0.16217095152206448,473100000
2005-04-19,0.16767342388629913,0.1688968123616283,0.1639289584129455,0.1646928946365735,365460000
2005-04-20,0.1625533401966095,0.17157104582260027,0.16240018944094337,0.17050172365965574,564672000
2005-04-21,0.1715710461139679,0.17218273354022057,0.16438751448523592,0.16583925574108582,538152000
2005-04-22,0.16996613144874573,0.17164807021390374,0.16797972238274014,0.17050171493307334,336276000
2005-04-25,0.17264127731323242,0.1739407833612077,0.1705778350439379,0.17141880443901797,318168000
2005-04-26,0.17187735438346863,0.1763096251676034,0.16836125504418895,0.17271740824609402,353148000
2005-04-27,0.16530461609363556,0.16797974610393085,0.16186553609986318,0.16736805862364504,609348000
2005-04-28,0.1658392697572708,0.1680558630482723,0.16316505535471848,0.16476994750213475,372948000
2005-04-29,0.16759730875492096,0.16874366407298147,0.15987820743666672,0.16744415800211948,478356000
2005-05-02,0.1669856160879135,0.17149493367527527,0.1644636369942548,0.16958464202620452,334908000
2005-05-03,0.16606852412223816,0.17019540881885334,0.16538071911655805,0.16713876188474724,439512000
2005-05-04,0.17134174704551697,0.17256514910742424,0.16629778951182927,0.16683335930549587,468816000
2005-05-05,0.17470474541187286,0.17684430557383557,0.17141882978255538,0.1723359032239311,619272000
2005-05-06,0.17707358300685883,0.1771506161959556,0.17271742927458833,0.17676819704327085,355728000
2005-05-09,0.18036039173603058,0.18158286469998836,0.17676817482860385,0.17783841262869907,745332000
2005-05-10,0.17332908511161804,0.17814378837348982,0.17134176038634483,0.17806767079590846,735120000
2005-05-11,0.17042472958564758,0.17501015199574663,0.17011932993606096,0.1742462155714048,555420000
2005-05-12,0.1741700917482376,0.17646280287132252,0.1702724746396115,0.1704247234929499,835584000
2005-05-13,0.1935810148715973,0.19465125227593796,0.18188818336621848,0.18991268173872292,2650320000
2005-05-16,0.19426889717578888,0.19556840326582242,0.19121225025979965,0.1912883678386066,664104000
2005-05-17,0.19640937447547913,0.1973264614849296,0.1929703084392651,0.1931225435982643,639804000
2005-05-18,0.19786113500595093,0.19831968538815103,0.19388741433132992,0.19595085688714287,550056000
2005-05-19,0.19747865200042725,0.19916059048009738,0.1952629749874654,0.1983196212402623,452880000
2005-05-20,0.2009948045015335,0.20107092208430682,0.19495672600191374,0.1972494367913286,517008000
2005-05-23,0.20565636456012726,0.2077198070762829,0.2017587478816922,0.2023704490235059,703668000
2005-05-24,0.2085607945919037,0.20932471730498614,0.2036690572266996,0.20466317757670935,522192000
2005-05-25,0.2058856338262558,0.20917154937743662,0.20389830888674434,0.20810222712065937,535272000
2005-05-26,0.21169358491897583,0.21329849116136457,0.2073374303548327,0.20771986324618452,788784000
2005-05-27,0.21031789481639862,0.2123052196614079,0.20810221722488698,0.2123052196614079,322740000
2005-05-31,0.20710815489292145,0.21115892329734717,0.20366908777490997,0.2094008663049291,763176000
2005-06-01,0.20901933312416077,0.21283990331671185,0.20328755540490223,0.20573250167795848,796632000
2005-06-02,0.2168145477771759,0.2168145477771759,0.20825447559113502,0.20825447559113502,684348000
2005-06-03,0.21627895534038544,0.21803699818866631,0.21398624455240142,0.21604968699471389,559620000
2005-06-06,0.2142155021429062,0.21658524599213191,0.21222909298054582,0.2123813281383541,512892000
2005-06-07,0.20901933312416077,0.216278983613903,0.20825448114130504,0.21276378572403543,974136000
2005-06-08,0.20756661891937256,0.2124583413151549,0.2053509416314221,0.20955392982647408,618720000
2005-06-09,0.21627895534038544,0.21635598852060542,0.2057324747831516,0.20596174312882315,619908000
2005-06-10,0.2138339877128601,0.21627894724036195,0.21238133084738112,0.2160496789032769,465096000
2005-06-13,0.21857169270515442,0.22460978560082998,0.21337548497493505,0.21398627057163122,1409916000
2005-06-14,0.20565636456012726,0.22224000860918744,0.19877821828439687,0.21864870713324008,2408412000
2005-06-15,0.20504461228847504,0.20596169914093035,0.1969440086778768,0.20435679373272572,1669788000
2005-06-16,0.20611494779586792,0.2074905718952908,0.20198806183196139,0.20496859210207585,489240000
2005-06-17,0.20565636456012726,0.2090193132797253,0.2051216966012903,0.2086368941574226,456348000
2005-06-20,0.20879007875919342,0.2101657027709983,0.20229344862112847,0.20565639788567494,606060000
2005-06-21,0.2107764631509781,0.2117705834570331,0.20817835256637993,0.21016567758092436,428172000
2005-06-22,0.21054716408252716,0.21444478060996125,0.20794906737382438,0.21299303929186247,700668000
2005-06-23,0.2138339877128601,0.21643209799757193,0.2094008014683742,0.21016565332259804,836976000
2005-06-24,0.2070319950580597,0.21352770875635152,0.20588563958589517,0.2134515911684351,475632000
2005-06-27,0.20535095036029816,0.20741437892684897,0.20351677645043872,0.20573245383257122,354588000
2005-06-28,0.2066495567560196,0.20802518046189689,0.20389829567863105,0.20619100641030455,262308000
2005-06-29,0.2047392874956131,0.20710811606698687,0.2030582640195181,0.2067266125235465,283572000
2005-06-30,0.20420461893081665,0.20802520260234464,0.20259972671408757,0.20611491076658064,593232000
2005-07-01,0.2051217406988144,0.20542714036943063,0.20099485477929607,0.20351684821102264,315168000
2005-07-05,0.20833148062229156,0.20917153446428402,0.20389829434955414,0.20588561914737674,388440000
2005-07-06,0.21391017735004425,0.21482725094872068,0.20664961050182368,0.20901935502815258,703632000
2005-07-07,0.21238133311271667,0.213986238820698,0.20985935404661327,0.21054715906520483,465900000
2005-07-08,0.21505646407604218,0.2157442690545684,0.2109295795423526,0.2136808267877236,408132000
2005-07-11,0.21826624870300293,0.22048284158839515,0.21604965581761074,0.21696672906795847,399492000
2005-07-12,0.21704380214214325,0.21872481177085082,0.21261060216977612,0.21811311066524794,564252000
2005-07-13,0.21734918653964996,0.21857165947917878,0.21368083845796335,0.21796087397533062,594780000
2005-07-14,0.20771978795528412,0.22392192698813101,0.20741438837843598,0.2196418915813786,1871496000
2005-07-15,0.2055032104253769,0.20771980367364926,0.20191189534262372,0.20710810254185577,1223352000
2005-07-18,0.20038311183452606,0.2049685332940804,0.19831966944459983,0.20489241571328706,1044900000
2005-07-19,0.20313434302806854,0.2035928933367989,0.20007770994195206,0.20160556868631138,517896000
2005-07-20,0.20619098842144012,0.20703195779301073,0.1980142664122378,0.20076551358396344,526500000
2005-07-21,0.20267581939697266,0.20443387583878045,0.19847281710200956,0.20351678882807464,594528000
2005-07-22,0.19740259647369385,0.20657345371135813,0.19595085508480387,0.20366904167040717,699264000
2005-07-25,0.19854891300201416,0.2046631218278375,0.1942688779973286,0.19510984733660497,974952000
2005-07-26,0.20267581939697266,0.20298120531284447,0.19694404266210347,0.19770796525051135,759492000
2005-07-27,0.20680268108844757,0.2077197679970517,0.19954211705637623,0.20298118271441754,807828000
2005-07-28,0.20840758085250854,0.20940078537000167,0.20359289148133253,0.20642025622013274,411240000
2005-07-29,0.20680268108844757,0.20978321012500292,0.2051216580108529,0.20756661725743814,351660000
2005-08-01,0.20993635058403015,0.2108534374477245,0.20664952022920383,0.20802514369192962,389040000
2005-08-02,0.2127637267112732,0.2134515453130633,0.20985932889488898,0.21016563037586575,422652000
2005-08-03,0.2127637267112732,0.21475105127944696,0.21085344897765582,0.2127637267112732,518256000
2005-08-04,0.21054716408252716,0.21207595224625245,0.21008862739253922,0.2111588652006424,356424000
2005-08-05,0.21589747071266174,0.21635602113877087,0.2087900689315154,0.21024181047277152,684096000
2005-08-08,0.21666140854358673,0.22139999529381504,0.21513263380040415,0.21734922735447315,725544000
2005-08-09,0.2161266803741455,0.21750230386048125,0.2137569231767097,0.21696672042191426,291900000
2005-08-10,0.21291694045066833,0.2181131343254516,0.2107003470568529,0.21704382568635178,440556000
2005-08-11,0.21589747071266174,0.21627898794693726,0.21085351168491562,0.21291695443831588,701556000
2005-08-12,0.22888889908790588,0.2308762104620011,0.2207882793473091,0.2285834994661909,2295420000
2005-08-15,0.23469769954681396,0.23706652789119154,0.22674931579431679,0.22965371400430398,882804000
2005-08-16,0.2307230681180954,0.2345445536684231,0.22904204467014638,0.23248112475150012,637488000
2005-08-17,0.2307230681180954,0.23355136263550705,0.22957671264618923,0.22972984975390898,607572000
2005-08-18,0.224761962890625,0.23011222195626252,0.22376875839464155,0.22896588038379218,822732000
2005-08-19,0.2231571078300476,0.22583225163354448,0.22246930273100238,0.22514443286886374,422232000
2005-08-22,0.2213229089975357,0.22636688082541503,0.21872481233527277,0.2227755795527943,547224000
2005-08-23,0.22277557849884033,0.22392193386353032,0.2203297170104293,0.2210936396106431,254460000
2005-08-24,0.2229277789592743,0.22766635043945524,0.22025356514479322,0.22132287349914892,514620000
2005-08-25,0.22445659339427948,0.22567908003408804,0.22201073184843848,0.22392193912132297,296484000
2005-08-26,0.22101753950119019,0.22468588789068633,0.2188779793617101,0.22468588789068633,323436000
2005-08-29,0.2213999629020691,0.2216292312502762,0.217196044790732,0.21895408765845553,343392000
2005-08-30,0.22934740781784058,0.22988299133819273,0.2207121348090642,0.22101752072785655,948852000
2005-08-31,0.2344684600830078,0.23737194322235605,0.2281249809125978,0.22881279973240745,906804000
2005-09-01,0.2345445305109024,0.2366840768044787,0.23255721937809384,0.23378059424903186,556884000
2005-09-02,0.2307230681180954,0.23500309039093153,0.22995913178079835,0.23500309039093153,469800000
2005-09-06,0.2326342910528183,0.2338567642660336,0.22804886858976253,0.23156405303450572,423096000
2005-09-07,0.24004702270030975,0.24065869639387594,0.23171713664326588,0.23232790840511236,588012000
2005-09-08,0.24287445843219757,0.2458549883321357,0.2385953377944852,0.2385953377944852,646116000
2005-09-09,0.246008038520813,0.2465427200106406,0.24149873550173667,0.24547338436224794,454236000
2005-09-12,0.24516716599464417,0.24700134031667872,0.24226368299306916,0.24623740393742724,556584000
2005-09-13,0.2525809109210968,0.25380338418410997,0.2440208376212414,0.2440208376212414,854724000
2005-09-14,0.24952325224876404,0.2540325553291284,0.2483768697555809,0.2506696074106842,503448000
2005-09-15,0.25395652651786804,0.2567838919956849,0.2518160505805787,0.2533448253079943,759756000
2005-09-16,0.2541087567806244,0.2574717058092162,0.25204530040924,0.2560960682282932,519828000
2005-09-19,0.25051748752593994,0.2546443461423923,0.24914184976627216,0.25380339012579806,428316000
2005-09-20,0.2554081678390503,0.25823555969003376,0.25212226671594146,0.2524276389201294,522192000
2005-09-21,0.2531915605068207,0.25945891945158506,0.2509758971170347,0.25441496244168443,625656000
2005-09-22,0.24639050662517548,0.2538032923160503,0.24188117587683075,0.2538032923160503,739152000
2005-09-23,0.24998188018798828,0.25212235615930306,0.24379153818672417,0.24585499463090318,314640000
2005-09-26,0.252045214176178,0.25380327031305144,0.24738367601722136,0.25189297904337554,406776000
2005-09-27,0.25288623571395874,0.25533208344790764,0.250975944152799,0.25311549037981,404160000
2005-09-28,0.2544150650501251,0.25510288385871244,0.2507467162918413,0.2536501993838168,353556000
2005-09-29,0.2596883177757263,0.25984055297144587,0.25242773752831305,0.2544911940465238,513372000
2005-09-30,0.2619810104370117,0.2643498391106777,0.2593058801982804,0.25984053454072775,458832000
2005-10-03,0.269164502620697,0.2710747942555733,0.26289804419134455,0.26503761783218666,549888000
2005-10-04,0.26564931869506836,0.2747431147810455,0.26503761758995076,0.27031085774093505,514476000
2005-10-05,0.25685998797416687,0.2659547141154114,0.2552550957878883,0.2659547141154114,599184000
2005-10-06,0.2559429705142975,0.2605283933816118,0.24822475477737338,0.25655464447521165,685512000
2005-10-07,0.2526569962501526,0.2590004750153948,0.2506696848446209,0.25640146242481515,551952000
2005-10-10,0.2462373673915863,0.25441501936932276,0.24616124981080392,0.2539564826896868,459216000
2005-10-11,0.2431807518005371,0.24929404658064158,0.24035245718232143,0.24715447266829182,540048000
2005-10-12,0.24608421325683594,0.24982960835695878,0.2421866103200516,0.24249291185093066,657660000
2005-10-13,0.2447856217622757,0.24593197717065374,0.2353854964810681,0.2455495580572373,509304000
2005-10-14,0.2447856217622757,0.24960032540997104,0.24073485440954195,0.24654277636638205,311256000
2005-10-17,0.24715451896190643,0.24960039489001118,0.24493792511180898,0.24493792511180898,243912000
2005-10-18,0.24310366809368134,0.24853007254048848,0.24149877608535805,0.24807153587114858,299832000
2005-10-19,0.24104028940200806,0.2414227085715793,0.23316893748675763,0.2399709806834327,635952000
2005-10-20,0.24272216856479645,0.24776612638846077,0.24035241113939282,0.24142264885652512,359520000
2005-10-21,0.24409785866737366,0.2476130428835147,0.2424159195201805,0.2468491065000311,298368000
2005-10-24,0.2507466673851013,0.2507466673851013,0.2440207704625214,0.246237363576847,291012000
2005-10-25,0.25235167145729065,0.2531156080505397,0.24799553013705863,0.24906483911613894,334680000
2005-10-26,0.24547351896762848,0.2529624530083312,0.2450910997319274,0.2524277712253109,415344000
2005-10-27,0.24035240709781647,0.2466958845230852,0.23958847089248037,0.24593194831774912,227784000
2005-10-28,0.2477661371231079,0.24822467379398636,0.23500306393023646,0.24096412264545805,464640000
2005-10-31,0.25640133023262024,0.2581593860273106,0.24875926470968052,0.24875926470968052,432420000
2005-11-01,0.25326865911483765,0.25831261715598725,0.2512813206787252,0.2564014236304549,400488000
2005-11-02,0.267941951751709,0.2682473239185541,0.25219835344367797,0.2533447084775977,523668000
2005-11-03,0.2648082971572876,0.2713040093127943,0.262668751160143,0.269776164332002,465072000
2005-11-04,0.2602989673614502,0.26557220620903693,0.25754772062874526,0.26496143451799103,570276000
2005-11-07,0.25915268063545227,0.26259174679127384,0.2580833720954467,0.26167467341556205,370824000
2005-11-08,0.2543380558490753,0.2603761635001768,0.2531917001087941,0.26014688141960984,538968000
2005-11-09,0.26580166816711426,0.2674836077809267,0.25196925291126476,0.2548736659979417,818880000
2005-11-10,0.2559429705142975,0.2810105610762022,0.25097603036278293,0.27504952774745933,2503620000
2005-11-11,0.26014670729637146,0.26320335324718136,0.25701304185926116,0.25815939683225597,545928000
2005-11-14,0.26564931869506836,0.2674834927473152,0.2562491937593455,0.26022291411921117,493668000
2005-11-15,0.2662600576877594,0.26977617019669264,0.26542000394363147,0.2672541777695907,496200000
2005-11-16,0.26534304022789,0.268018197898962,0.26014684593425674,0.26656644267042134,455280000
2005-11-17,0.2771128714084625,0.27734215341343355,0.2644259155792198,0.2675596094118529,703260000
2005-11-18,0.276577353477478,0.2803227493013693,0.27115187689663484,0.27803001070173,465768000
2005-11-21,0.28146910667419434,0.2819276434644449,0.2750495096168633,0.27688365677786553,454704000
2005-11-22,0.2889579236507416,0.2917091708774631,0.28070415463931103,0.2829207476410529,731700000
2005-11-23,0.2881179451942444,0.29232094837466,0.2865891704322692,0.2892643007827225,411948000
2005-11-25,0.2909453213214874,0.29140385806423236,0.2875062274227217,0.2894935661707226,116676000
2005-11-28,0.28949350118637085,0.29423115739538996,0.28429637907451333,0.2917091648795125,424524000
2005-11-29,0.2711518108844757,0.28009339905302605,0.2699284360174017,0.27237428381972045,1043136000
2005-11-30,0.2762719392776489,0.27764754943140946,0.269164524490441,0.2692406420775786,575448000
2005-12-01,0.2795579135417938,0.28085743377586647,0.2755841918274468,0.278564722261882,562032000
2005-12-02,0.27963489294052124,0.2815451847638696,0.275889497619089,0.2808573660093787,334476000
2005-12-05,0.27443769574165344,0.28024558916368114,0.27352059520623634,0.28024558916368114,387708000
2005-12-06,0.27558407187461853,0.2793285372064888,0.274513834190295,0.27489625325355294,375252000
2005-12-07,0.2760425806045532,0.2783352908888093,0.2713039956411125,0.27665428159008043,352668000
2005-12-08,0.27382609248161316,0.27818226008441377,0.27069332731717877,0.27459093082295716,386664000
2005-12-09,0.2777236998081207,0.2781061463153271,0.270845566233438,0.2746670521967124,262896000
2005-12-12,0.2817744016647339,0.2823861027487099,0.2780299361087725,0.27848850010443627,281136000
2005-12-13,0.2854427397251129,0.2878886147129646,0.2802456175152016,0.2823090460989298,443412000
2005-12-14,0.282767653465271,0.28467884719102815,0.2794056065964062,0.28330320970329365,287472000
2005-12-15,0.27917617559432983,0.2846786674077354,0.2762717653465964,0.28253819300870764,332724000
2005-12-16,0.2816212475299835,0.2828446222926183,0.2774943631376769,0.28016949271514763,1065600000
2005-12-19,0.2769598066806793,0.284296505505514,0.27627201508071897,0.28223304871180016,292296000
2005-12-20,0.2768065631389618,0.2808573302301343,0.2731382151365126,0.2766543279814297,304356000
2005-12-21,0.2762719392776489,0.2803988244014706,0.27374994633218286,0.27810611348059966,289380000
2005-12-22,0.2846788167953491,0.28498421637507404,0.27596651074289,0.27604262832205,318336000
2005-12-23,0.2868945300579071,0.2872769491780588,0.28353248328911224,0.28544277502609633,214536000
2005-12-27,0.28865253925323486,0.29178623304940127,0.2856720372109018,0.2865891105575785,367968000
2005-12-28,0.29132765531539917,0.29224472853282063,0.28681835213477347,0.2886524985696164,264420000
2005-12-29,0.28483104705810547,0.29209162539702466,0.2836085741596666,0.29117452474179495,310464000
2005-12-30,0.2794055938720703,0.2833031968014581,0.2782592384615875,0.28322617728576444,229608000
2006-01-03,0.29209163784980774,0.2942311841634252,0.2800934025613142,0.28101047592437495,472812000
2006-01-04,0.30026915669441223,0.30072772054558083,0.2912505520797082,0.29430812727306144,510072000
2006-01-05,0.30707040429115295,0.3076059878675696,0.29981075421883935,0.3003454085320595,646092000
2006-01-06,0.31211432814598083,0.31326068339578395,0.29843508465324164,0.3105864557674077,623388000
2006-01-09,0.32082656025886536,0.3225084712632171,0.31127420331268696,0.3119619944405187,560484000
2006-01-10,0.3209036588668823,0.3209036588668823,0.3152480000878951,0.31929876695414794,339660000
2006-01-11,0.33251944184303284,0.3343535882334747,0.32067437314768776,0.32120902731246426,626304000
2006-01-12,0.3277818560600281,0.33756349930474766,0.32541212553827803,0.33244342298114643,495504000
2006-01-13,0.32487744092941284,0.3296921171819075,0.3202919920255199,0.32701698728725676,421296000
2006-01-17,0.3246481418609619,0.3248013062813829,0.3161650905322992,0.32044513961750554,329232000
2006-01-18,0.32632920145988464,0.3273994393781875,0.31180899899441183,0.3147895287831334,459948000
2006-01-19,0.34444165229797363,0.3489509569700313,0.33007461355050943,0.3306853854992477,914760000
2006-01-20,0.3348122537136078,0.34895093894832113,0.3347361361233546,0.3449772180993101,461604000
2006-01-23,0.3367234170436859,0.3395507821294918,0.33282581413762263,0.33741123575211324,334884000
2006-01-24,0.33840441703796387,0.34543571368827325,0.3365702703096909,0.3374873436738274,388896000
2006-01-25,0.3354239761829376,0.3423021096636227,0.33137320822335625,0.3400855160984786,400236000
2006-01-26,0.34688735008239746,0.34719274956586754,0.3381750467758552,0.34031459236069533,448836000
2006-01-27,0.35346025228500366,0.35735785534049264,0.3484923840369569,0.3513967960806132,385044000
2006-01-30,0.34948572516441345,0.35537064157427956,0.3478808051089432,0.3549882223134335,315780000
2006-01-31,0.3436015248298645,0.3496387010117213,0.3409263951025907,0.3477284094532702,384456000
2006-02-01,0.34383082389831543,0.34520646128484184,0.33611170850846656,0.33741122831330583,450852000
2006-02-02,0.3333604633808136,0.34719287292998247,0.3328258091103289,0.3469635909202137,473736000
2006-02-03,0.3364170789718628,0.3405439634428746,0.330150648355881,0.33122088605988365,504252000
2006-02-06,0.34589436650276184,0.3462758837998949,0.33404838971660256,0.3355001451626815,363468000
2006-02-07,0.33358970284461975,0.3465820295430127,0.3334365384366011,0.3465820295430127,399408000
2006-02-08,0.3432190716266632,0.3432190716266632,0.33458288415394827,0.33458288415394827,393072000
2006-02-09,0.3374112844467163,0.3496387765393855,0.3352708084972918,0.34428941786109235,437100000
2006-02-10,0.3355000913143158,0.340162533127625,0.32762873943349374,0.33863375838803034,414996000
2006-02-13,0.3366464078426361,0.33901613823771803,0.33213800560524975,0.33443071648273914,280740000
2006-02-14,0.33725810050964355,0.33848057360242817,0.3328258429414379,0.33664642666291394,342348000
2006-02-15,0.34375378489494324,0.3446708856173037,0.3357292970634502,0.3365702802023872,493296000
2006-02-16,0.36071985960006714,0.36148472515201796,0.34780455061390647,0.350173378995294,1305888000
2006-02-17,0.36278337240219116,0.3876217052174754,0.36071991596252834,0.38723928604738134,2356956000
2006-02-21,0.35506513714790344,0.36263108841263036,0.35193144314662994,0.3620193872766889,684060000
2006-02-22,0.3544534742832184,0.35728083972458813,0.34161428121550586,0.35002118920993047,939756000
2006-02-23,0.34902694821357727,0.3557528713210046,0.34803375745819687,0.35338311418830265,385128000
2006-02-24,0.3489510118961334,0.3547589355685801,0.34711686456595353,0.35055593180695616,416412000
2006-02-27,0.36308956146240234,0.36530525240538697,0.3479576615857363,0.3516260092319779,666468000
2006-02-28,0.36018526554107666,0.3645414331849281,0.35667008117284454,0.36148478558676633,563316000
2006-03-01,0.37386536598205566,0.3760049122716738,0.35919200101879967,0.3614847117320021,703932000
2006-03-02,0.37439998984336853,0.3796732295218845,0.36958528680401365,0.373482889233781,545460000
2006-03-03,0.3756994903087616,0.38219523029656854,0.3702731134330524,0.3709609320722962,595800000
2006-03-06,0.37493476271629333,0.3855582922725559,0.3731005882479024,0.3830362989621091,529020000
2006-03-07,0.36851510405540466,0.377915229550339,0.36110231715581637,0.3750117468031081,606204000
2006-03-08,0.36668092012405396,0.3705024327789396,0.3535363564024832,0.36859214108306504,670800000
2006-03-09,0.36859214305877686,0.3773044496413572,0.3683628610442607,0.3711141085621101,536700000
2006-03-10,0.36217260360717773,0.37287132114310917,0.3588857720335927,0.36820975386309257,521580000
2006-03-13,0.36652863025665283,0.3682857572603907,0.3630895645582031,0.36584081165071,372132000
2006-03-14,0.3766927421092987,0.3782215166073252,0.3654584428830932,0.3668340802842673,627792000
2006-03-15,0.3827299475669861,0.38326553114303635,0.37600495181249244,0.3774567069058311,510600000
2006-03-16,0.36973845958709717,0.38387624020298206,0.3684389398829872,0.3834177035534384,568416000
2006-03-17,0.3727191090583801,0.37371230025369306,0.3624779983933276,0.3679805219569581,618588000
2006-03-20,0.3698907494544983,0.3760810634672006,0.36950923225608373,0.37600494588015393,293772000
2006-03-21,0.38815629482269287,0.39511057205843325,0.37799226076703096,0.38815629482269287,1235472000
2006-03-22,0.37699830532073975,0.38013197325931103,0.368515249883944,0.3782977983721314,1158576000
2006-03-23,0.3840293884277344,0.3855581901666025,0.374017590098036,0.37829761181398414,661992000
2006-03-24,0.3970218002796173,0.3977096190380717,0.3844118899226115,0.3850226618289606,687936000
2006-03-27,0.40772053599357605,0.4080268375586855,0.39602769854523534,0.3973272185341939,651444000
2006-03-28,0.41398781538009644,0.41941329044519143,0.40504622753277425,0.40588628134219634,795204000
2006-03-29,0.43622711300849915,0.4369910492101693,0.41230586018990223,0.41574492599505974,987096000
2006-03-30,0.43920764327049255,0.44157647138757145,0.4288133989916242,0.436685650741233,1063308000
2006-03-31,0.4376027584075928,0.44501554437135904,0.4349276014230508,0.43890134884891874,835560000
2006-04-03,0.4424935281276703,0.4486077506542603,0.43439292395720747,0.4398954454522402,968916000
2006-04-04,0.4632042646408081,0.46389208349678,0.44264685514977786,0.44310539194333426,1200612000
2006-04-05,0.466949462890625,0.4692421733535475,0.45250535417669574,0.46236404196478,1112976000
2006-04-06,0.4678664803504944,0.4713816631976285,0.45930638395852524,0.46572600528668984,789312000
2006-04-07,0.46664324402809143,0.47000619294292456,0.45747240001555317,0.46587933500229917,682674000
2006-04-10,0.45854252576828003,0.46832509589660987,0.4550273425335192,0.4655738215007901,634230000
2006-04-11,0.44738441705703735,0.460071400676885,0.4446331695541135,0.460071400676885,702072000
2006-04-12,0.465420663356781,0.46786653823751584,0.4478428884205196,0.45028876330125445,598308000
2006-04-13,0.4524284601211548,0.4606822036774924,0.45059428577598903,0.45548600954066176,738360000
2006-04-17,0.4536517560482025,0.46496219978130937,0.4499834079978769,0.45166444493169594,443868000
2006-04-18,0.4429521858692169,0.4457034335336159,0.43087690266582085,0.4455502690947328,1165488000
2006-04-19,0.445703387260437,0.4505942082516663,0.43408666931655365,0.44020086517164364,517476000
2006-04-20,0.44509172439575195,0.4530400949631958,0.4343930081451205,0.44172970489372565,552684000
2006-04-21,0.4290426969528198,0.44830148262566205,0.4238464765516794,0.4464673086571152,770016000
2006-04-24,0.4421882629394531,0.4464673834071205,0.4241519471382159,0.431794016533317,676848000
2006-04-25,0.4418818950653076,0.4429521328203932,0.4295012410613382,0.4371442112413177,719766000
2006-04-26,0.438825398683548,0.45028895595407137,0.4340868113022584,0.443563958733561,330528000
2006-04-27,0.4458564519882202,0.4499833084679501,0.4276669782506323,0.4371441204629243,462966000
2006-04-28,0.446620374917984,0.4522760603446207,0.4423403539136857,0.4461618383313794,284736000
2006-05-01,0.47229892015457153,0.48101125506300096,0.44967718163830495,0.44967718163830495,902472000
2006-05-02,0.47168710827827454,0.48146962361035606,0.4635865042695623,0.47581396515306446,539700000
2006-05-03,0.4747447371482849,0.4799409579375638,0.4658792935473045,0.46633780290960697,378114000
2006-05-04,0.47168710827827454,0.4768842027883548,0.46297477591895536,0.46542065073335165,511128000
2006-05-05,0.4781067967414856,0.4797887631536817,0.46756031524534375,0.4741331032629483,338184000
2006-05-08,0.4759672284126282,0.48727767307589015,0.4715349710734635,0.4768843018349947,503622000
2006-05-09,0.46144697070121765,0.47780140016276196,0.46083529692419145,0.4753555249926962,561648000
2006-05-10,0.451205849647522,0.46129379180988095,0.44662040151462146,0.45594440752061016,753264000
2006-05-11,0.4351568818092346,0.4600713531875346,0.43164169837722727,0.45579130427941483,1201110000
2006-05-12,0.40244734287261963,0.4269032586243021,0.393429634591597,0.42476371173666155,1568172000
2006-05-15,0.40825605392456055,0.41177123757385986,0.3981681103898542,0.4016832940391535,553380000
2006-05-16,0.3975563049316406,0.41070089198890797,0.3949582226481834,0.41054865686841585,497532000
2006-05-17,0.3815074861049652,0.3984735640815982,0.3744761885885062,0.3961808530575617,841074000
2006-05-18,0.36423611640930176,0.3882325697482174,0.36377757953490525,0.3845642474217662,686730000
2006-05-19,0.3718780279159546,0.3805903341016148,0.36392965799156163,0.367598006069082,932808000
2006-05-22,0.3668341338634491,0.37065561970074656,0.3567461885543707,0.3698907813740937,734886000
2006-05-23,0.3628602921962738,0.3831884127741812,0.36133151786808915,0.37447610730761394,532314000
2006-05-24,0.3675980865955353,0.37845087071360456,0.35781644242143557,0.3660702137383031,579522000
2006-05-25,0.3656116724014282,0.3799787115008371,0.3636243335283569,0.3744762155790629,423666000
2006-05-26,0.36637556552886963,0.3694322127760641,0.36255405268967317,0.366987239352311,294642000
2006-05-30,0.3510904908180237,0.3671394669138672,0.3509382556470708,0.3669872317429143,448788000
2006-05-31,0.3512435853481293,0.3591919821784527,0.3491040391707346,0.35582903386528564,598422000
2006-06-01,0.3695853352546692,0.3695853352546692,0.3497148467732898,0.35521736915837016,537126000
2006-06-02,0.36423611640930176,0.3773807125960301,0.36056776675157115,0.37554653776716485,673710000
2006-06-05,0.3489510118961334,0.3689737413651356,0.347880773755298,0.36224877135887584,581052000
2006-06-06,0.33962687849998474,0.3536894713248497,0.3301506635975532,0.35338316981551626,824130000
2006-06-07,0.3335135281085968,0.34390684106062297,0.3309144892578269,0.34329514012766105,565380000
2006-06-08,0.3273993730545044,0.3339721324815562,0.3142548107946996,0.3296920836073358,730572000
2006-06-09,0.32632920145988464,0.33733421980909517,0.3235779537053998,0.3316794891194486,433824000
2006-06-12,0.308293879032135,0.324953658869057,0.3064597043703747,0.32067453750055946,463230000
2006-06-13,0.3035551905632019,0.31440707044715827,0.3006507787268377,0.30814061202621945,532548000
2006-06-14,0.31242066621780396,0.3133377395925297,0.30217955801222884,0.3053893694863055,480492000
2006-06-15,0.3397800624370575,0.34085030025194235,0.3212852116420709,0.32388422396473415,837336000
2006-06-16,0.3310677409172058,0.33840440966423774,0.32785792955013304,0.337487336320084,503448000
2006-06-19,0.32113298773765564,0.3364171256239745,0.3203681221597439,0.3347361158912799,388044000
2006-06-20,0.3160889148712158,0.32327244512653397,0.311044957799441,0.31226743048640404,535818000
2006-06-21,0.3196042478084564,0.324648206816266,0.31471342592044027,0.31471342592044027,441174000
2006-06-22,0.3102801740169525,0.3240364378896253,0.308140600459298,0.3231193645639538,532338000
2006-06-23,0.3104332983493805,0.31685289335910705,0.3067649778661551,0.30966936214288926,335202000
2006-06-26,0.30752885341644287,0.31333767600297757,0.3060010085002889,0.30997472811540394,281736000
2006-06-27,0.2977473735809326,0.309669467018791,0.2936204877247922,0.3093631654207926,608514000
2006-06-28,0.3142549395561218,0.3191457348971599,0.2922448709668604,0.30004010643923185,833376000
2006-06-29,0.3284696638584137,0.3284696638584137,0.30462545385540674,0.30569476246674154,687666000
2006-06-30,0.3254120945930481,0.3368756485031188,0.32296714864597875,0.3316794550838862,468240000
2006-07-03,0.33015069365501404,0.33320731351014843,0.3278579554509683,0.3329019412360916,174696000
2006-07-05,0.31532421708106995,0.32785801143607185,0.31532421708106995,0.3249536262560657,459708000
2006-07-06,0.3055424988269806,0.31838168973486525,0.3023327147656432,0.31532414083379395,470634000
2006-07-07,0.2960653007030487,0.30829371755411955,0.29270325476076453,0.3076820165661245,541230000
2006-07-10,0.2832261025905609,0.2989697019181058,0.28062799285636975,0.29683012876092413,449922000
2006-07-11,0.2927033305168152,0.29377266644235384,0.2781822269452197,0.2823090846766135,600582000
2006-07-12,0.2786407172679901,0.2949959922925141,0.27833531771162645,0.2916330441080491,461034000
2006-07-13,0.2714571952819824,0.28123973867469726,0.27008155800031136,0.2743616069288739,540582000
2006-07-14,0.2700815200805664,0.2780298884255154,0.262439453190977,0.2765011142749366,572148000
2006-07-17,0.27222105860710144,0.2752786065188342,0.26748340356003275,0.26885901314209604,502806000
2006-07-18,0.28704771399497986,0.28995212646437696,0.2714572721564425,0.2815452179725661,979332000
2006-07-19,0.299581378698349,0.30324969834951954,0.28368461626386404,0.28582509117986626,1055550000
2006-07-20,0.2936205267906189,0.31028030763303194,0.29316198993032333,0.30493094780066443,505602000
2006-07-21,0.2716103792190552,0.2849081356857318,0.2694699034196466,0.2836847333447909,633918000
2006-07-24,0.29896968603134155,0.30584781631477675,0.28016944139161054,0.28169821543179185,983178000
2006-07-25,0.3095162808895111,0.3127260653076973,0.2982058631747228,0.3026381479951659,574104000
2006-07-26,0.3095162808895111,0.3131846293656701,0.30034540969911355,0.3095162808895111,495318000
2006-07-27,0.31394854187965393,0.32632919762629947,0.30829381125643684,0.31349000514783837,694338000
2006-07-28,0.3465050756931305,0.3471167768468393,0.3202158923626181,0.3220500665605648,815298000
2006-07-31,0.33840441703796387,0.34635281438367765,0.3374873436738274,0.34283670142696815,594762000
2006-08-01,0.3248012959957123,0.3348892116734905,0.3186870731051943,0.33427751060552385,600966000
2006-08-02,0.3497147262096405,0.3513966645900705,0.33122081079624366,0.3319847195002041,756774000
2006-08-03,0.37172502279281616,0.38120217053614003,0.3436016577208391,0.34849248047283354,890568000
2006-08-04,0.36668092012405396,0.38211915124782647,0.3572046772961966,0.38150745012261733,818232000
2006-08-07,0.3624018728733063,0.36698729541048764,0.3553705746068473,0.36026139680207925,436146000
2006-08-08,0.37203121185302734,0.3798264177625383,0.3643882137808797,0.3653053145139963,619806000
2006-08-09,0.3718780279159546,0.38976120429541583,0.36912678052344805,0.3793678611634744,584706000
2006-08-10,0.3692798912525177,0.37141946472292486,0.361484686308382,0.36775111690729295,1072140000
2006-08-11,0.35766318440437317,0.3669871912941494,0.34115567342004915,0.34237814630620383,1603272000
2006-08-14,0.3558289706707001,0.36576374749846924,0.35384163266748797,0.3620954002687425,809412000
2006-08-15,0.3900666832923889,0.39205402229874176,0.3614848110375442,0.3649999956532672,902172000
2006-08-16,0.4180377423763275,0.41971968154908307,0.3821192028270664,0.3922071208105522,1029246000
2006-08-17,0.41146576404571533,0.423693279003457,0.40733888003821345,0.4128414011586368,814224000
2006-08-18,0.4181908965110779,0.42033044312499357,0.39755646963336644,0.4119244645216199,665898000
2006-08-21,0.4027535319328308,0.4126883110468851,0.40183645857998423,0.4119244021176348,500220000
2006-08-22,0.40214186906814575,0.4133000514431506,0.40122479562810454,0.40153019524123623,473928000
2006-08-23,0.4018365740776062,0.4093254802071741,0.3929711009287437,0.40519859427066157,485412000
2006-08-24,0.40596333146095276,0.40810287768818543,0.39648616003731296,0.4029057553133487,260802000
2006-08-25,0.4047398269176483,0.4119242858776267,0.39893193419285544,0.40290565339826895,238314000
2006-08-28,0.41864943504333496,0.43057155447494444,0.41070106388869554,0.4114659022001757,764562000
2006-08-29,0.4376027584075928,0.4395891674890048,0.4195664460070367,0.42262309280236793,727962000
2006-08-30,0.446620374917984,0.45120582277781707,0.43897830801425064,0.4400476436494003,681564000
2006-08-31,0.444939523935318,0.44753763464823665,0.4353101428656124,0.4455502958699024,511278000
2006-09-01,0.42629143595695496,0.44188190152217965,0.42461042635257307,0.4383666905593705,605742000
2006-09-05,0.4356154799461365,0.43729648969237983,0.42140067786576957,0.42766710940124547,549354000
2006-09-06,0.4137585759162903,0.4285841770119894,0.412688338069768,0.42797340513507454,493572000
2006-09-07,0.4220122992992401,0.4313354042242465,0.4026003766908351,0.40703263349419594,742836000
2006-09-08,0.4233880937099457,0.4305716277760394,0.41406408339316636,0.42873745314113393,447978000
2006-09-11,0.42995983362197876,0.4348515571029621,0.4091731724223717,0.41391082953097447,598266000
2006-09-12,0.441271036863327,0.4440223111613533,0.4269030736922873,0.42797331130416555,498432000
2006-09-13,0.4447863698005676,0.4505942648707488,0.4409648568382012,0.4423404943660711,476286000
2006-09-14,0.4431053400039673,0.45090057390579275,0.43729651557418825,0.44264680326415906,428814000
2006-09-15,0.4518175721168518,0.45395714567723416,0.4424935651041248,0.4446331386645071,649764000
2006-09-18,0.4689359962940216,0.46970083465032947,0.4516645446608874,0.45304015498504874,793896000
2006-09-19,0.4567083716392517,0.46924218937253565,0.4528868867600123,0.4658792411352814,708054000
2006-09-20,0.4733692705631256,0.47398006997457837,0.4617525479460044,0.4626696216640949,511884000
2006-09-21,0.4695478081703186,0.4776484164212756,0.46511549476800645,0.47291075797776816,539106000
2006-09-22,0.45563825964927673,0.4710764659058127,0.45044206534226633,0.468172080840518,653334000
2006-09-25,0.47199347615242004,0.47397991281362994,0.4499834409034895,0.4625163584821597,684486000
2006-09-26,0.46205785870552063,0.4727575055448676,0.45609679869160186,0.471535032356377,516120000
2006-09-27,0.46068206429481506,0.4753554546166012,0.45624980788788116,0.46068206429481506,578142000
2006-09-28,0.45196977257728577,0.45380394642143246,0.44065938462294535,0.44264669554332253,647346000
2006-09-29,0.4522760808467865,0.45854251094350784,0.4498302060780326,0.4550273278223936,373890000
2006-10-02,0.44081249833106995,0.4530399862249193,0.437144150837241,0.4501356022020668,647442000
2006-10-03,0.4325588345527649,0.435920881390684,0.42292945422106687,0.4325588345527649,907692000
2006-10-04,0.4750501215457916,0.4752032859702157,0.4319470997724404,0.4331696000472559,1460382000
2006-10-05,0.461599200963974,0.4779545048524842,0.46037672802347285,0.47321591898832027,662682000
2006-10-06,0.4727575182914734,0.4776483404405929,0.46098856240143143,0.46236420008212553,593610000
2006-10-09,0.5031744241714478,0.5094408284805965,0.47031157818112457,0.47168721567343985,932304000
2006-10-10,0.49171096086502075,0.5025627890564351,0.4860552454066737,0.5005754773675358,624648000
2006-10-11,0.49446192383766174,0.5031742552559026,0.4816227359904007,0.48911166550210367,481944000
2006-10-12,0.4964483082294464,0.5066893853368447,0.4892647789760885,0.4972131461587167,414720000
2006-10-13,0.5161657929420471,0.5190701773728874,0.4866668283737087,0.49476743330773293,584190000
2006-10-16,0.5152488350868225,0.5262538269182081,0.5060779356772726,0.5178478205214662,478968000
2006-10-17,0.4955313503742218,0.5103579070755188,0.4906405840318272,0.5068427234294577,526506000
2006-10-18,0.48238706588745117,0.5082185709315191,0.47887188040981354,0.5028683085311549,822750000
2006-10-19,0.4915575385093689,0.4952258856917179,0.4767310400561243,0.48055249696232194,473040000
2006-10-20,0.48590198159217834,0.4956844978684971,0.4788716145401647,0.4953790982952034,359478000
2006-10-23,0.48269224166870117,0.49660167272461664,0.481469768525046,0.48483271758353075,280248000
2006-10-24,0.49675488471984863,0.502257435619116,0.48223377840189635,0.48360941612671315,519288000
2006-10-25,0.5013402700424194,0.5089823672291851,0.4930864989704572,0.5014925052318986,389436000
2006-10-26,0.5172359943389893,0.5189169764732279,0.5025626033339661,0.5025626033339661,366690000
2006-10-27,0.494920551776886,0.5286995349760393,0.4891117287920013,0.5172359826759358,566988000
2006-10-30,0.500881552696228,0.5097460647104914,0.4929331845658323,0.49828251371972104,479592000
2006-10-31,0.5329794883728027,0.5329794883728027,0.5092875486862929,0.5118865329656668,996174000
2006-11-01,0.4918632507324219,0.530839348166956,0.4845265517032516,0.5259485252353302,1176540000
2006-11-02,0.48850101232528687,0.5048553878622546,0.4817751149511587,0.4941557972595883,862944000
2006-11-03,0.498282790184021,0.4988945188172454,0.486055268988901,0.49400369619187834,548070000
2006-11-06,0.5134145617485046,0.5202926943496589,0.493391837754791,0.49965829654619615,739602000
2006-11-07,0.5212098956108093,0.5267123915318432,0.5143317073813337,0.5172361471284922,553254000
2006-11-08,0.528852641582489,0.5352722083039176,0.5163188529940759,0.5175413256623151,648324000
2006-11-09,0.5393993854522705,0.5533078886941396,0.5348139627723484,0.539704785119828,1207758000
2006-11-10,0.5264068841934204,0.537411928446651,0.5131091292202504,0.5348138181417438,1317192000
2006-11-13,0.5502510070800781,0.5517797538939625,0.5273238498986025,0.5274770142913691,852282000
2006-11-14,0.5557536482810974,0.5568238861262199,0.5364948333227619,0.5482637872290168,628530000
2006-11-15,0.5465826392173767,0.5617145372441041,0.5435259656422655,0.5540724433374102,491892000
2006-11-16,0.5536141395568848,0.5556005216858256,0.544136966602559,0.5488755530797218,457182000
2006-11-17,0.5551419258117676,0.5566707277105347,0.546429646312654,0.5497925950546432,361608000
2006-11-20,0.5603389143943787,0.5633955333843311,0.5441367784367465,0.5482636349746134,608634000
2006-11-21,0.5516266226768494,0.5629370648863097,0.5478051653812417,0.5620199916629023,387384000
2006-11-22,0.5611029863357544,0.5617147148143167,0.5507096697420713,0.5536141091112005,240258000
2006-11-24,0.5652297735214233,0.5664531755449892,0.5533076576665553,0.5583516423734288,144336000
2006-11-27,0.5397047400474548,0.5693568205251592,0.5358832268246985,0.56186794245813,585294000
2006-11-28,0.5497925281524658,0.5546833489349088,0.5294634776030114,0.5378704111346622,480966000
2006-11-29,0.5578930974006653,0.5646189936388067,0.5526968773785779,0.5548364780950154,579792000
2006-11-30,0.5653830766677856,0.5699684985583766,0.5511682469419372,0.5578932153387346,583632000
2006-12-01,0.5432198643684387,0.5598805144526001,0.538329042969578,0.5591166054627476,785010000
2006-12-04,0.5652297735214233,0.5722610690709206,0.5482636729596817,0.5502510384648327,621570000
2006-12-05,0.559421956539154,0.5626317405815624,0.5531554982142622,0.5592687921166944,663354000
2006-12-06,0.5586578845977783,0.5612559943720543,0.5510149158044048,0.5612559943720543,478242000
2006-12-07,0.5452073216438293,0.5617148663749563,0.5403164989353684,0.5586581910088186,486894000
2006-12-08,0.5433728694915771,0.5508627292147034,0.5334381188340162,0.5412333234441178,564858000
2006-12-11,0.5526968836784363,0.5592687409843093,0.5423026396523214,0.5435260417314286,515484000
2006-12-12,0.5470411777496338,0.5504041256163533,0.5397045376237033,0.548569979250502,568116000
2006-12-13,0.5534610152244568,0.5578932731351298,0.5514737036882669,0.5514737036882669,491952000
2006-12-14,0.5632433295249939,0.5702737503772656,0.5574345614785957,0.5578930707513,715380000
2006-12-15,0.573178231716156,0.573178231716156,0.5633956603162176,0.5669117732710163,746094000
2006-12-18,0.5831130743026733,0.5899912069486888,0.573483666733236,0.573789940940419,688356000
2006-12-19,0.591519832611084,0.5945765065128411,0.5748591860474753,0.5756240241388823,545622000
2006-12-20,0.5847949981689453,0.5954937145535202,0.5843364341179641,0.5884633465891741,306594000
2006-12-21,0.5797509551048279,0.589685761508635,0.5731782225762356,0.5880047245710276,367920000
2006-12-22,0.5659947991371155,0.5808204293669753,0.563243523901314,0.5788339924666133,370170000
2006-12-26,0.5658414959907532,0.5740952650125205,0.5635487854104029,0.5690513345332692,228192000
2006-12-27,0.5733317136764526,0.5753180966661597,0.5682877253890692,0.5682877253890692,264954000
2006-12-28,0.5692046880722046,0.5745540750714703,0.566605702211839,0.5739423464136789,213912000
2006-12-29,0.5656883716583252,0.581126602344449,0.5650776271448348,0.5692044846168641,386094000
2007-01-03,0.5514736771583557,0.5734837143870439,0.5317562963396425,0.5666055811694879,1154820000
2007-01-04,0.5488753914833069,0.5514735013595325,0.5354244743054697,0.5494870651528833,797298000
2007-01-05,0.5144847631454468,0.538023598620523,0.5108164150855591,0.5358831230758259,1243344000
2007-01-08,0.5183063745498657,0.5282411281907455,0.5074535634588019,0.51631906304889,657270000
2007-01-09,0.5082184672355652,0.5225855352211188,0.5076067932736491,0.5190703504607129,764166000
2007-01-10,0.5332848429679871,0.538023427291259,0.49522584645848916,0.5028678850651095,1108746000
2007-01-11,0.5312977433204651,0.5374119669873326,0.522585409162366,0.5332850545979575,924504000
2007-01-12,0.5384818911552429,0.5406214363582114,0.5209041233063545,0.5233499972009106,698190000
2007-01-16,0.5393993854522705,0.5429145700632635,0.5332851605704069,0.542609170395706,711864000
2007-01-17,0.5280880331993103,0.5351193312751534,0.5261015962433966,0.5319094918561053,707934000
2007-01-18,0.4843742549419403,0.5235026372879522,0.4778015206396687,0.5235026372879522,1501638000
2007-01-19,0.487277626991272,0.4973655430083107,0.47581401897698145,0.479176967403688,942606000
2007-01-22,0.487277626991272,0.4998114180993835,0.48544342565747045,0.4918630483319745,730644000
2007-01-23,0.48743072152137756,0.4952259812870633,0.47596716852776016,0.4849848465067176,630354000
2007-01-24,0.5025627613067627,0.509135550013271,0.49140460479800846,0.4936973160304052,685722000
2007-01-25,0.4849850833415985,0.508982493433045,0.48254013639603865,0.5071482912608428,616284000
2007-01-26,0.4810113310813904,0.49385052610116137,0.4722989947960749,0.4891119387404387,829584000
2007-01-29,0.46129387617111206,0.47917699870294195,0.4571669638973945,0.478871653767169,1258284000
2007-01-30,0.47015923261642456,0.4732158518341949,0.46022355295157935,0.4643504097970318,636174000
2007-01-31,0.46847739815711975,0.47291058453443485,0.4620577752013207,0.46786659897363103,467976000
2007-02-01,0.4744383990764618,0.47688427425741325,0.4631280097298039,0.4640450830991373,650898000
2007-02-02,0.4868191182613373,0.48911182919198276,0.4730628526774646,0.47703747531268603,586590000
2007-02-05,0.4947672188282013,0.49889412904792774,0.48834765359197424,0.48911156217658147,579906000
2007-02-06,0.5123453736305237,0.5187649437026763,0.49843594072384806,0.5059257488958192,775386000
2007-02-07,0.5323679447174072,0.5335904176617925,0.5134145304636327,0.5164720793879838,761058000
2007-02-08,0.525489866733551,0.5329796734605503,0.5196819717354583,0.524267393663082,726276000
2007-02-09,0.4990473985671997,0.5325210361962014,0.4970600876980342,0.5280878505102021,937956000
2007-02-12,0.5100526213645935,0.520904503572356,0.49736566278057215,0.5027159235876815,789360000
2007-02-13,0.5196820497512817,0.5238089082406596,0.5131092608280362,0.5183064120339727,849732000
2007-02-14,0.5128036141395569,0.5273237825725523,0.5115802123419683,0.5242671639354243,1081848000
2007-02-15,0.5158605575561523,0.5184586686346948,0.507606785574151,0.5124976080553298,488682000
2007-02-16,0.5001165866851807,0.514331353478358,0.4985887148985118,0.5137206092662564,915060000
2007-02-20,0.5045502185821533,0.5073014397598911,0.49736575467216537,0.5008818690159456,625578000
2007-02-21,0.49706029891967773,0.5057726349899142,0.49201631200203816,0.5004232483983775,655332000
2007-02-22,0.5002700686454773,0.5129561531546221,0.49904759538641785,0.5048554912804917,655452000
2007-02-23,0.4990473985671997,0.5053138561183675,0.4988942888261794,0.5050084565742475,403050000
2007-02-26,0.49140462279319763,0.5042438170972988,0.4906407136630431,0.5004232328580848,494070000
2007-02-27,0.4765791594982147,0.4975189659922665,0.47581426626016865,0.4860553520202753,714630000
2007-02-28,0.4738275110721588,0.484067659522142,0.4693943260686779,0.47520314804084723,780048000
2007-03-01,0.4680187404155731,0.47673107239751084,0.4574722620492935,0.4635864841889541,837228000
2007-03-02,0.4550274610519409,0.46954769098945415,0.4541103602373741,0.4638920309817563,682728000
2007-03-05,0.43958917260169983,0.45594444834605286,0.43806130015215305,0.44707900549142365,663558000
2007-03-06,0.4655739665031433,0.4706179529122458,0.44738448511056966,0.4492186595019458,805974000
2007-03-07,0.4524284601211548,0.46542079032410405,0.45044205058991005,0.4632812436747982,811656000
2007-03-08,0.4710763394832611,0.47627255972703725,0.4615991684230367,0.4619054972495265,770622000
2007-03-09,0.4663379192352295,0.48299862743919014,0.46098858734479997,0.47764836628539586,555306000
2007-03-12,0.4635864794254303,0.47031144589463786,0.46037664129202593,0.4609883696098497,428010000
2007-03-13,0.44402238726615906,0.46159920775956503,0.4437160584135645,0.4588479876525103,617070000
2007-03-14,0.4418818950653076,0.4478429264023888,0.4285841403955254,0.4452448434880245,971610000
2007-03-15,0.43744969367980957,0.44478639107094003,0.4307246974923585,0.4408126427395268,655752000
2007-03-16,0.43332281708717346,0.4385199406009018,0.43026616953281016,0.4377551022633096,525648000
2007-03-19,0.4354622960090637,0.44249356504115483,0.43408665868773166,0.43561543309702816,461508000
2007-03-20,0.43332281708717346,0.4440224637567205,0.43164180715458306,0.43408675349276377,656490000
2007-03-21,0.45808398723602295,0.46526749074981705,0.4423403864220121,0.45090045639096465,1268376000
2007-03-22,0.4681719243526459,0.47092314404398755,0.45640297277240205,0.45854251877663016,810954000
2007-03-23,0.46297487616539,0.4729106127147477,0.45961285665410767,0.464656842515478,524640000
2007-03-26,0.463891863822937,0.46771332082447725,0.4554858336637986,0.46328106478796044,447336000
2007-03-27,0.4551796615123749,0.46373970576237,0.45472112480570503,0.4628226323490303,469020000
2007-03-28,0.4464673399925232,0.45517964645614606,0.44570340370688283,0.451359063096084,459504000
2007-03-29,0.4386720657348633,0.45380396645293414,0.4314885344486814,0.4531931946532587,719016000
2007-03-30,0.43989551067352295,0.4478429516158623,0.43760279987681244,0.444633167432975,581244000
2007-04-02,0.43943700194358826,0.4424936218918176,0.43225254023795434,0.43882530078241183,400830000
2007-04-03,0.4377549886703491,0.4443277207690205,0.4336281042071878,0.4394369274297682,473724000
2007-04-04,0.43683797121047974,0.44065948416956224,0.43561549812588757,0.4371442727634001,361692000
2007-04-05,0.47229892015457153,0.47275748423595243,0.43867216297933087,0.43867216297933087,1332900000
2007-04-09,0.46373966336250305,0.47764821711163,0.4628225900330117,0.4722988322293099,640950000
2007-04-10,0.45900121331214905,0.46847745718106804,0.4580841124895163,0.4631280713545453,794220000
2007-04-11,0.45074743032455444,0.46450372447443206,0.44921865558959934,0.4599183022015637,810150000
2007-04-12,0.4635864794254303,0.4649621165308143,0.4453979068530394,0.448301416196069,743640000
2007-04-13,0.4674079418182373,0.46832506967384396,0.45640295417621407,0.4620576831312026,638694000
2007-04-16,0.46496230363845825,0.4697008358542387,0.45900124355799304,0.466184776840596,671838000
2007-04-17,0.4693944454193115,0.4875838954095801,0.46710173477604766,0.4767311413427692,1059108000
2007-04-18,0.475203275680542,0.4793301330325624,0.46618466813404635,0.46863048856874967,683802000
2007-04-19,0.4817749857902527,0.4845262599350904,0.47000603510417144,0.47138167217659027,568056000
2007-04-20,0.48743072152137756,0.4891117583819393,0.4810111537099648,0.4888063588131181,590052000
2007-04-23,0.47948238253593445,0.48605511518183814,0.4781067451565927,0.4851380418164556,595272000
2007-04-24,0.4975188076496124,0.501951065462431,0.484374214736919,0.4875839993894855,1028088000
2007-04-25,0.506077766418457,0.508829040787407,0.4944619791776986,0.4967546895976474,509640000
2007-04-26,0.5123453736305237,0.5161659580193438,0.5014925612900489,0.5060779841023156,500070000
2007-04-27,0.5054670572280884,0.5163189363938726,0.4973655233600069,0.5106632775202402,554058000
2007-04-30,0.5027159452438354,0.5187649244924646,0.5025627807796318,0.5123453546580328,563388000
2007-05-01,0.5080651640892029,0.5152486953483894,0.5039382522747659,0.5118866216767852,544554000
2007-05-02,0.5021042227745056,0.5128038692145551,0.49950611203936945,0.5106633933011012,659658000
2007-05-03,0.5115804076194763,0.5149433562867124,0.5059256227185157,0.5068427507822796,500250000
2007-05-04,0.5152488350868225,0.5178478205214662,0.5094408848614341,0.514331706882085,405246000
2007-05-07,0.5050084590911865,0.5285463624295932,0.5043967853994494,0.5227384687971474,557100000
2007-05-08,0.5088292360305786,0.5100526385434719,0.4921694576083878,0.5019511021315192,737100000
2007-05-09,0.5111219882965088,0.5140264284167063,0.499353031192606,0.5051609275070372,417870000
2007-05-10,0.5016456842422485,0.5199873739733031,0.497213426266684,0.5132624047813568,802584000
2007-05-11,0.5371065735816956,0.5423027399616124,0.5205990331586836,0.5286996389334027,1530630000
2007-05-14,0.5317561626434326,0.540009931361814,0.5267122323495824,0.5349660010679637,731568000
2007-05-15,0.5270187258720398,0.5364949713558963,0.5257953779412793,0.5332851862578508,621360000
2007-05-16,0.5337435603141785,0.5337435603141785,0.517389186303925,0.527477102160237,523104000
2007-05-17,0.5248780250549316,0.534965994850447,0.5218214057375345,0.5322147204221194,443664000
2007-05-18,0.5352722406387329,0.5368001129162354,0.5244194879698618,0.52885267352951,604266000
2007-05-21,0.5369532704353333,0.5502510230805175,0.5311453770717832,0.5337434869218494,645768000
2007-05-22,0.539857804775238,0.5447486263060298,0.5286996496062211,0.5374119840407847,401736000
2007-05-23,0.525489866733551,0.5433729903862666,0.5239610647824295,0.5401632059694383,448248000
2007-05-24,0.5065363049507141,0.5294634079997772,0.5043967590421158,0.5279355904134784,607800000
2007-05-25,0.5144847631454468,0.5170828734329859,0.5086768688039566,0.5102047413191472,308976000
2007-05-29,0.5199872255325317,0.5216682623660808,0.5108163832850051,0.5123451849681157,316242000
2007-05-30,0.5212098956108093,0.5212098956108093,0.5074535738144047,0.5138731979410663,331650000
2007-05-31,0.5294635891914368,0.5326734284467889,0.5225854559229008,0.5250313314611365,481572000
2007-06-01,0.5331319570541382,0.5433730397327735,0.5322148835178375,0.5354246682261629,429084000
2007-06-04,0.5360365509986877,0.5390931721321738,0.5261017397077113,0.5282412870410527,322002000
2007-06-05,0.551932156085968,0.5528492295318066,0.5366480177348046,0.5375650911806432,698586000
2007-06-06,0.5560591816902161,0.5649246276618798,0.5458189725395447,0.548111683951756,950736000
2007-06-07,0.5500979423522949,0.561714660109217,0.549945707194858,0.5534608907744981,791862000
2007-06-08,0.5586578845977783,0.5594218480357181,0.5387874011080535,0.5455124221328721,533268000
2007-06-11,0.5606442093849182,0.5640071565296539,0.5556002259679212,0.5586577736507142,434634000
2007-06-12,0.554836630821228,0.565536222561967,0.5545312311867376,0.5577410157826341,526770000
2007-06-13,0.5681341290473938,0.5682872934412031,0.5537661937925827,0.5609505987201847,587232000
2007-06-14,0.5782224535942078,0.5803620007838447,0.5647715285782824,0.565536367092306,508548000
2007-06-15,0.6045124530792236,0.6090978759248246,0.5846419594396403,0.5847951239106292,1081998000
2007-06-18,0.6048176288604736,0.6127659982940681,0.5999268081468128,0.610625522871253,685662000
2007-06-19,0.6086392998695374,0.6100148828427253,0.5968694151008562,0.6009962733455124,491952000
2007-06-20,0.609250009059906,0.6144471596553566,0.6051231510552915,0.6113904849164923,822792000
2007-06-21,0.6569383144378662,0.6622886285255627,0.6162811968395746,0.6210197825181596,1297326000
2007-06-22,0.6667209267616272,0.6705424393578704,0.6473090027766222,0.6572446840791862,882618000
2007-06-25,0.6491431593894958,0.6639696620544713,0.6421127918004385,0.6480738508322847,819702000
2007-06-26,0.6190325617790222,0.6492963683791576,0.6175037598272539,0.6474621668098075,868482000
2007-06-27,0.6356931924819946,0.6364571561336503,0.6159758678691784,0.6190325424138932,613140000
2007-06-28,0.6418064832687378,0.6486846705714434,0.6312600022879747,0.6375273903780885,597534000
2007-06-29,0.6314132213592529,0.6462397257767769,0.6311078217265306,0.6460866159913367,516570000
2007-07-02,0.6577031016349792,0.6580084464964298,0.6384442917037306,0.640430727841416,563850000
2007-07-03,0.6587727069854736,0.6639698035013428,0.6518945730978963,0.6572448340762741,238770000
2007-07-05,0.6658037900924683,0.6679433362341397,0.655715819921919,0.6589256584284745,373290000
2007-07-06,0.6690136790275574,0.6716117895532948,0.6636643482015697,0.664886821245912,282720000
2007-07-09,0.6884254217147827,0.6916352598746225,0.6713062119789369,0.6714593763753858,536784000
2007-07-10,0.6951504349708557,0.6992772916113866,0.6775726615091435,0.6849093562728928,552654000
2007-07-11,0.6920940279960632,0.699736125231785,0.682464619239996,0.6949975384489786,582612000
2007-07-12,0.7053915858268738,0.7061554946901539,0.6920938320400998,0.6969846526285983,438732000
2007-07-13,0.7011117935180664,0.7118113860664517,0.7003478297425478,0.7034045047828472,372630000
2007-07-16,0.7137976884841919,0.7167020731172017,0.7015701706903051,0.7017233351218579,541710000
2007-07-17,0.7107409834861755,0.7310700351677489,0.710129309711927,0.716702042327047,643812000
2007-07-18,0.697748601436615,0.7026402965224192,0.6839922839719166,0.7004998211995312,550656000
2007-07-19,0.6969847679138184,0.711199597325455,0.6920939465163503,0.7076844133972646,407376000
2007-07-20,0.6893428564071655,0.7040161979709308,0.68597990701649,0.7015703221787626,505650000
2007-07-23,0.6962208151817322,0.7104356437002737,0.6853680059444471,0.6868968077533761,360474000
2007-07-24,0.6778789758682251,0.6992773331135855,0.673598954578973,0.693469439500857,457560000
2007-07-25,0.6746692657470703,0.6876606915710841,0.6590788004152837,0.6780312849054942,437196000
2007-07-26,0.6780315637588501,0.6875087391647031,0.6584673974661798,0.6674850794216036,710268000
2007-07-27,0.6763502359390259,0.7075311088642302,0.6760448363912622,0.6763502359390259,615480000
2007-07-30,0.6953039765357971,0.6963732854274636,0.6786432672162583,0.6787964316940444,538158000
2007-07-31,0.6994303464889526,0.7325976482017259,0.698513273452711,0.7228160095569558,711492000
2007-08-01,0.6942335963249207,0.7063088254619498,0.6618301872570428,0.6893427745844557,705828000
2007-08-02,0.6911767721176147,0.7027925600662879,0.6818527654655819,0.7021818156015796,468606000
2007-08-03,0.650213360786438,0.6939280827713828,0.6499079612069227,0.6888840974125562,623412000
2007-08-06,0.6557160019874573,0.6606068240177203,0.637374312457403,0.6557160019874573,524724000
2007-08-07,0.6661093831062317,0.6769621399054966,0.6470037295813726,0.6557160103542973,565764000
2007-08-08,0.696831464767456,0.7176190777792816,0.6729872871423559,0.6781843817141624,660744000
2007-08-09,0.7050856351852417,0.7244976220666984,0.6855214677373406,0.7015704499530809,1251834000
2007-08-10,0.6723764538764954,0.6769618745199215,0.6326354856831587,0.6473088754721431,1141014000
2007-08-13,0.6650397181510925,0.6823112167333076,0.6511302926773692,0.677725796371409,700410000
2007-08-14,0.6908705234527588,0.7015701686145849,0.6676380155967055,0.6696253268233499,1092174000
2007-08-15,0.6616769433021545,0.6969847330427829,0.6607598699226983,0.6872022161366464,695142000
2007-08-16,0.6506721377372742,0.6598429834547043,0.6190326872146088,0.6551043961245623,780030000
2007-08-17,0.6890366077423096,0.6896482817461661,0.6479209088591311,0.6687084776931428,728712000
2007-08-20,0.6862850785255432,0.6969847233244837,0.6778790737376558,0.6894949173026893,519684000
2007-08-21,0.7234273552894592,0.7289298523282799,0.6801720534975957,0.6904122637314201,715338000
2007-08-22,0.7399346232414246,0.7442146452343411,0.7267900322684533,0.7417687700115023,566154000
2007-08-23,0.7336682677268982,0.7521631211052354,0.7304584830970342,0.743450786066982,667986000
2007-08-24,0.737489640712738,0.7388652781553148,0.7261783216317392,0.7315286362324693,361644000
2007-08-27,0.7541494369506836,0.7619446977890253,0.7341267125451352,0.7374896613295319,635946000
2007-08-28,0.7081429958343506,0.7596520001142016,0.7064610294499788,0.7565953254880174,560022000
2007-08-29,0.7483415603637695,0.7492586338193535,0.7214407025582796,0.7229685752504789,538560000
2007-08-30,0.7440615296363831,0.7625563816300566,0.7408517452468277,0.7411580194623365,465660000
2007-08-31,0.7819681167602539,0.7848716262276692,0.7555249004848615,0.7596518119778095,720834000
2007-09-04,0.8061180710792542,0.8094810204370013,0.7732561490189864,0.785483669333408,683268000
2007-09-05,0.8000037670135498,0.825376753318359,0.7993930224107952,0.8026028069873415,656274000
2007-09-06,0.8035197854042053,0.8172760502437835,0.8001568367776545,0.8099394084601976,425496000
2007-09-07,0.7741729617118835,0.7893048621585568,0.7591932964136946,0.7812033284577165,602304000
2007-09-10,0.7763125896453857,0.8047422469738758,0.7698930213430061,0.7909859823294593,872112000
2007-09-11,0.7928199768066406,0.7987810346067872,0.7774588230370485,0.7857125911709032,405424000
2007-09-12,0.7616392374038696,0.8052007959604208,0.7538440318500792,0.80130313852099,554452000
2007-09-13,0.7618687152862549,0.7770006214783651,0.7563662188516379,0.7760835478496876,452864000
2007-09-14,0.7393997311592102,0.7552194481172103,0.7371070209332329,0.7543023749593242,487308000
2007-09-17,0.7377950549125671,0.7483415359642703,0.7297705941096667,0.7405463298521556,374828000
2007-09-18,0.8024495244026184,0.8139130781044344,0.7444438825426403,0.7455902652440898,844740000
2007-09-19,0.7877761125564575,0.8253765542319716,0.7799808530418435,0.8097861445278048,521360000
2007-09-20,0.7831907868385315,0.7967177979247313,0.7744785070404526,0.7882347728242873,324172000
2007-09-21,0.7907567620277405,0.8024496265558904,0.7831908101551291,0.7909860713947433,457532000
2007-09-24,0.8109325170516968,0.8230838889680071,0.7898395571979052,0.7955713611565575,456360000
2007-09-25,0.821249783039093,0.8246888218548037,0.8038251702952258,0.8061178810598784,360748000
2007-09-26,0.8407376408576965,0.8425717871440616,0.8233130324871379,0.825376433393668,518032000
2007-09-27,0.8432599306106567,0.8528893389809966,0.83431834102838,0.8487624262526179,378280000
2007-09-28,0.8308791518211365,0.8512842930848501,0.8290449504964292,0.8483037637619181,404292000
2007-10-01,0.8659576177597046,0.870084529683299,0.8370694529446766,0.8379865262624088,398200000
2007-10-02,0.8577039241790771,0.865499184723262,0.8450940419580373,0.8638942379475931,284960000
2007-10-03,0.821249783039093,0.842571998616616,0.8077227731288816,0.842571998616616,467196000
2007-10-04,0.8249182105064392,0.8297328871763537,0.7967178052611065,0.8203327885362706,378976000
2007-10-05,0.8466988205909729,0.8512842416317894,0.829044900387552,0.8379864878159032,344840000
2007-10-08,0.8604551553726196,0.8618307927319345,0.8425719790265959,0.8526599498865486,252484000
2007-10-09,0.8453232645988464,0.8643527692136073,0.8327133281932665,0.860455166420528,403008000
2007-10-10,0.8462404608726501,0.851055137728831,0.8258353159172195,0.851055137728831,389136000
2007-10-11,0.8086400628089905,0.8489918486558004,0.7994692172972294,0.8384453653847649,529104000
2007-10-12,0.8283571004867554,0.8283571004867554,0.8049714307850431,0.8175813662635489,409952000
2007-10-15,0.834318220615387,0.8450940102981306,0.8272108337145668,0.8311084365093737,355900000
2007-10-16,0.8418840765953064,0.8567867220677932,0.8304205241789818,0.8334010532734791,276360000
2007-10-17,0.906538724899292,0.9090606904108854,0.873752954598425,0.8746700279969556,717944000
2007-10-18,0.9058508276939392,0.9095191756327416,0.8808602654397891,0.9035581170650043,340620000
2007-10-19,0.8572453856468201,0.904245983346784,0.8570160763080756,0.903787419331831,505768000
2007-10-22,0.8978263735771179,0.8996605750012111,0.8448647162211014,0.851742848570743,537656000
2007-10-23,0.9021826982498169,0.9095193959042562,0.8776506940451955,0.9095193959042562,294292000
2007-10-24,0.8716896176338196,0.8826946092458845,0.828815870099726,0.8826946092458845,565500000
2007-10-25,0.7955713272094727,0.8528891457001044,0.7701222018060241,0.8448646314329047,806192000
2007-10-26,0.7886931896209717,0.8262936861395628,0.7772296369415307,0.8207911371234063,616580000
2007-10-29,0.7701223492622375,0.7737906977821252,0.7465074205772294,0.7616393240576772,813896000
2007-10-30,0.7983227372169495,0.8146009685078546,0.7634734543678511,0.7763126465767166,525212000
2007-10-31,0.8111620545387268,0.8116205640003639,0.7781469681487007,0.8031375376720388,455188000
2007-11-01,0.8111620545387268,0.8274402883403723,0.7875470680628489,0.7985521150803739,587236000
2007-11-02,0.8423427939414978,0.8483038532159584,0.8109326054049237,0.8223961599086786,491844000
2007-11-05,0.8423427939414978,0.8625186826656303,0.8299621113474108,0.835235351885392,436636000
2007-11-06,0.8689380884170532,0.8758162198298166,0.8464694930045084,0.8503671500013508,554620000
2007-11-07,0.8276693820953369,0.8719187616275146,0.8207912495455879,0.8684797226839093,546768000
2007-11-08,0.7758538126945496,0.8345472538622842,0.7522388397376961,0.8196446116395161,996824000
2007-11-09,0.7648491263389587,0.797864209124823,0.7485708943143612,0.7921324041796921,871056000
2007-11-12,0.6885015964508057,0.7701221525127661,0.6885015964508057,0.7646196584699733,715732000
2007-11-13,0.7492585778236389,0.7499463965295582,0.6885017143219135,0.699736013635212,726696000
2007-11-14,0.737565815448761,0.7756248280319157,0.733668212312238,0.768288185812448,666720000
2007-11-15,0.7277072072029114,0.7396293268597256,0.7107411012307039,0.7327511935183046,496436000
2007-11-16,0.7439852356910706,0.7460486915264042,0.7277070076457398,0.7336680658394616,423592000
2007-11-19,0.6937747001647949,0.7371069347692057,0.6898770987024956,0.7334385879039484,568412000
2007-11-20,0.6885015964508057,0.7079896622362516,0.6674086388471504,0.7068432797018005,622628000
2007-11-21,0.6811651587486267,0.697443447050436,0.6719943136567814,0.6740577702012112,648452000
2007-11-23,0.6928578615188599,0.6958383909388343,0.6772673957326447,0.6859797293179656,141976000
2007-11-26,0.6768088340759277,0.7066141283793824,0.675433251360991,0.6923992999163914,385896000
2007-11-27,0.7059262990951538,0.7079897551303916,0.6811649906599047,0.6864382307527114,458856000
2007-11-28,0.7531561851501465,0.763244101059972,0.7247265294099104,0.7281656227101542,574548000
2007-11-29,0.7593467831611633,0.7818153887144108,0.7488002993025006,0.752010084477949,489084000
2007-11-30,0.723121702671051,0.784107876952048,0.7208289918181957,0.784107876952048,652656000
2007-12-03,0.7336682677268982,0.7471952797099476,0.7224339668598294,0.7336682677268982,490688000
2007-12-04,0.7329804301261902,0.7393999992212674,0.7187655997066774,0.7368780334571362,371712000
2007-12-05,0.7710393071174622,0.7852541350022119,0.7515512939378003,0.7609513911972529,666704000
2007-12-06,0.7866299748420715,0.789151940805772,0.7623272247803554,0.7692053584961686,371152000
2007-12-07,0.7767711877822876,0.7907567077196171,0.7687466723893264,0.7898396343022173,320292000
2007-12-10,0.7852542400360107,0.7944250838560599,0.7770004696654583,0.7792931806204707,336360000
2007-12-11,0.786171019077301,0.8166641234885899,0.7843368728651654,0.8019907351414228,582436000
2007-12-12,0.8132251501083374,0.8274399766529513,0.7974054317274407,0.8194154628090082,617504000
2007-12-13,0.7909857630729675,0.8086396256735039,0.7676000977948105,0.8033663868886006,500364000
2007-12-14,0.804054319858551,0.8127666524227857,0.7820442884627598,0.7873175279983414,354016000
2007-12-17,0.7630149722099304,0.8031374424618407,0.7611807705931757,0.7955714906162659,507408000
2007-12-18,0.7825027108192444,0.7909857325381304,0.7669122496814793,0.7747074529191021,396896000
2007-12-19,0.789839506149292,0.7971762016231762,0.7765418070982234,0.7797515908695989,253536000
2007-12-20,0.8063470125198364,0.8081812136487965,0.785712618791101,0.8024494102817725,279940000
2007-12-21,0.8061180710792542,0.82308412380444,0.7987813730379335,0.8159767351574133,433408000
2007-12-24,0.8203330039978027,0.8242306082299027,0.8061181702917188,0.8120792313511268,104008000
2007-12-26,0.8313377499580383,0.8313377499580383,0.8139131361559777,0.8219376516508574,215340000
2007-12-27,0.805659294128418,0.8345475145364833,0.8035958927626906,0.8299620384750559,241368000
2007-12-28,0.7976347804069519,0.8139130088802896,0.7907565941083234,0.8042836027247409,262064000
2007-12-31,0.7799808979034424,0.8056592791240276,0.7797516432365278,0.7912151965202652,276236000
2008-01-02,0.7568247318267822,0.7852543403689121,0.7465075038797118,0.7822738102803161,483964000
2008-01-03,0.7508634328842163,0.7763125032452575,0.748112158396523,0.7611806028880052,475308000
2008-01-04,0.6878140568733215,0.7320634457948216,0.6832286342005034,0.7283950967240571,736092000
2008-01-07,0.6167399883270264,0.6981313277181885,0.6041300478778531,0.6923995216969588,1006800000
2008-01-08,0.6298081874847412,0.6715355415968207,0.6057346992417061,0.6201787812550209,1106956000
2008-01-09,0.6623647809028625,0.6625940902511726,0.6288911916285196,0.638291289695616,741036000
2008-01-10,0.6486083269119263,0.6589255500421073,0.6357691389852106,0.6442521611758479,554432000
2008-01-11,0.6201788187026978,0.6465450191008042,0.6155933972997693,0.6332473188973254,572612000
2008-01-14,0.6614478230476379,0.6623648966134692,0.6192618923939206,0.6293498109431603,539188000
2008-01-15,0.6128422021865845,0.6437938252467632,0.6020664122550508,0.6362278741578871,725692000
2008-01-16,0.5436023473739624,0.5814321089225694,0.5309924086369114,0.5743247207108038,1464472000
2008-01-17,0.5342021584510803,0.5667586767286829,0.5328265209095894,0.5520853371653781,1133900000
2008-01-18,0.5695099830627441,0.5724905130120129,0.5163190627316255,0.5358070800969845,920428000
2008-01-22,0.5410802364349365,0.554377991766095,0.5119628149740896,0.5151725991359083,709092000
2008-01-23,0.5509389638900757,0.5672171943650928,0.5140262813068862,0.5190702123294075,929880000
2008-01-24,0.5931248664855957,0.5933541758453645,0.5564414911271766,0.5617147318012035,597092000
2008-01-25,0.5720318555831909,0.6295789887534158,0.5692806354606851,0.6158227241532772,688012000
2008-01-28,0.5651540160179138,0.575700501939994,0.5530026371941125,0.569968749385642,577608000
2008-01-29,0.5825783014297485,0.5848710667227547,0.5603390137804143,0.5752416602097551,414484000
2008-01-30,0.5775344967842102,0.5862467772148967,0.5610269547799625,0.5731783292375944,530476000
2008-01-31,0.5637779831886292,0.5743244607041242,0.5463533206304015,0.5649243109207371,588708000
2008-02-01,0.6158228516578674,0.6190326364633038,0.5578171971218999,0.5626318743300545,593104000
2008-02-04,0.596563994884491,0.6325596082406051,0.5933542102868243,0.6291205142698593,565128000
2008-02-05,0.5591927766799927,0.5848712189523929,0.5589635219560352,0.584641909565888,494928000
2008-02-06,0.5573585629463196,0.5807442365338398,0.5470413363257093,0.565153769254646,557380000
2008-02-07,0.5628609657287598,0.5786806851026699,0.5296166350439164,0.5413094972458435,664128000
2008-02-08,0.5729489922523499,0.5773051045109171,0.5502511389213784,0.5575877806878028,393932000
2008-02-11,0.5747832655906677,0.5871639503734783,0.5708856618366058,0.577763795754812,503732000
2008-02-12,0.5961053967475891,0.6043591671433275,0.5802856747109689,0.5834955137878136,609688000
2008-02-13,0.6194910407066345,0.6213252421857749,0.594271221334397,0.600690789855042,742312000
2008-02-14,0.5183823704719543,0.6018371392521671,0.5170067877670215,0.6013785752421658,2184296000
2008-02-15,0.510587215423584,0.5303045405400704,0.5023334450652245,0.5163190201339178,817364000
2008-02-19,0.5030211806297302,0.5209043558924987,0.49866501414328174,0.5199872279334861,558608000
2008-02-20,0.4993528723716736,0.5066895686502618,0.486284426538749,0.48834788261632744,759016000
2008-02-21,0.4881184995174408,0.5069187467263288,0.4851379705210612,0.5043967816765182,644272000
2008-02-22,0.5117334127426147,0.5126504858583452,0.4883477476476236,0.4920160401105452,723052000
2008-02-25,0.5115043520927429,0.5172361575115176,0.4979773394074765,0.5112750973680071,671784000
2008-02-26,0.5158605575561523,0.5236557653926057,0.5007286513662418,0.5085238592026953,565420000
2008-02-27,0.5238848328590393,0.5280116896129219,0.5101285161335359,0.5133383543449184,537816000
2008-02-28,0.5041674971580505,0.520216525464116,0.5041674971580505,0.5192994521884201,503608000
2008-02-29,0.4904111921787262,0.5025625623665437,0.48834779115015314,0.4959137406883235,540576000
2008-03-03,0.48467954993247986,0.4931625745274273,0.47825992681837237,0.4897234809551308,449028000
2008-03-04,0.47986480593681335,0.4823868260423819,0.4610645557966139,0.4814696980062462,778888000
2008-03-05,0.48536747694015503,0.49683103363461556,0.47940641652652555,0.4844503486745581,644656000
2008-03-06,0.454874187707901,0.4826160229082447,0.45418636909446025,0.4794062391538745,1075284000
2008-03-07,0.4482254087924957,0.4658793042150039,0.43561547177730303,0.44662048933134463,767500000
2008-03-10,0.4225470721721649,0.44822545841836803,0.42185925337427155,0.44272293536649354,776100000
2008-03-11,0.43653249740600586,0.44088863634205433,0.41819078641767077,0.43561539682439365,857940000
2008-03-12,0.4246104657649994,0.4445570725813176,0.42094211737018294,0.44065946949386886,743320000
2008-03-13,0.45166444778442383,0.45808404324740626,0.4154395857196466,0.4179615511053153,1220528000
2008-03-14,0.420025110244751,0.4544158067142806,0.41681529805974926,0.45395726992535873,1154972000
2008-03-17,0.4094785749912262,0.42369340494588303,0.3968686372578552,0.4016833412529836,800952000
2008-03-18,0.43492767214775085,0.4356154908996849,0.4071858586928185,0.41910795017835,1075256000
2008-03-19,0.40489310026168823,0.4308007364505536,0.40489310026168823,0.4248397050724298,880476000
2008-03-20,0.4246104657649994,0.4255275391980685,0.4023711480347384,0.4097078174931013,633460000
2008-03-24,0.4592304229736328,0.4617523884931329,0.43240568434165416,0.4340105764597486,887440000
2008-03-25,0.46587935090065,0.4745916311448552,0.4569377612845266,0.4612939287379012,735388000
2008-03-26,0.45097678899765015,0.46289891079785267,0.4459328291067138,0.4596891255939688,721652000
2008-03-27,0.4445570409297943,0.45670841337479295,0.4372203446625187,0.4440985042459066,601308000
2008-03-28,0.451205849647522,0.462898683624201,0.447996038687618,0.45258145948925466,561788000
2008-03-31,0.4537278711795807,0.46450363327003924,0.4479960944639186,0.45602058186584554,569992000
2008-04-01,0.4814699590206146,0.48261634235599304,0.4606062961448473,0.4672551773673707,676872000
2008-04-02,0.46679627895355225,0.48284525152253954,0.4631279314338497,0.48284525152253954,616536000
2008-04-03,0.45808398723602295,0.4635865086734547,0.4445569792838595,0.46289869007736767,841984000
2008-04-04,0.43057140707969666,0.45120582698178213,0.42942505193687314,0.4489130893648726,1535528000
2008-04-07,0.4408886432647705,0.4475375200936162,0.43744957752507047,0.4411179252465898,729496000
2008-04-08,0.43836671113967896,0.45258154001907047,0.4356154636354082,0.4356154636354082,639476000
2008-04-09,0.44707900285720825,0.45166442404240775,0.43928377044360944,0.4434106549765422,675232000
2008-04-10,0.4557914137840271,0.4702355266490073,0.4422644017665376,0.45189378301191857,1092184000
2008-04-11,0.42483973503112793,0.44983029964140925,0.42208846015200036,0.4470790520935508,1106280000
2008-04-14,0.4106248915195465,0.4241519014297579,0.4081028987459213,0.4232348007251359,780004000
2008-04-15,0.41543957591056824,0.4170444679056033,0.4037467406172454,0.4126883012547744,439916000
2008-04-16,0.43194711208343506,0.43744963438088297,0.42369336963416593,0.431259320711114,646836000
2008-04-17,0.42598605155944824,0.42759094353822685,0.41177122375272335,0.412000505748806,596968000
2008-04-18,0.4360739290714264,0.4429520877050363,0.43011289834148536,0.43905445810202903,573540000
2008-04-21,0.4555620849132538,0.45854261453151046,0.4326349487204243,0.4326349487204243,679892000
2008-04-22,0.44707900285720825,0.45212296069467445,0.4374495965032764,0.44730825751770853,587668000
2008-04-23,0.46863052248954773,0.47367450820714546,0.44730830619192274,0.453269365313846,1020496000
2008-04-24,0.4573962688446045,0.47367452741603183,0.4505181360394273,0.47138181648097277,655764000
2008-04-25,0.46198180317878723,0.4631281315262889,0.44730840676040196,0.4617524937792465,552208000
2008-04-28,0.4537278711795807,0.4667963439563041,0.4518936971643154,0.4599182118975096,535700000
2008-04-29,0.46312814950942993,0.4688599554571544,0.4486840619297254,0.4486840619297254,573408000
2008-04-30,0.471152663230896,0.47619659557651917,0.46542085732785343,0.4686306423955322,1068320000
2008-05-01,0.49293336272239685,0.4940796909045197,0.4745916198455467,0.47688433087233517,1014624000
2008-05-02,0.5163190960884094,0.5163190960884094,0.49889447936025394,0.5064604320798813,1131016000
2008-05-05,0.5034795999526978,0.5151724041140227,0.5023332176645692,0.5128796942002815,943392000
2008-05-06,0.5165483951568604,0.5176947235684323,0.49430904454929736,0.5021043073307114,729036000
2008-05-07,0.5046259164810181,0.5248017960757593,0.5002697513419521,0.5179236664857937,715632000
2008-05-08,0.5032505989074707,0.5101287328611263,0.48169912345185983,0.5085238404048616,1360000000
2008-05-09,0.5165483951568604,0.5371827985281369,0.5037091999044442,0.5046262735662125,2030352000
2008-05-12,0.5018746852874756,0.5231969489510742,0.4968307559584691,0.5231969489510742,1006652000
2008-05-13,0.4915575385093689,0.5043967263163294,0.4878891913270199,0.5043967263163294,854108000
2008-05-14,0.5060017704963684,0.5190702168597418,0.49155768669210553,0.4977480005135698,751148000
2008-05-15,0.5452073216438293,0.5475000331530107,0.5025628219779925,0.5048555334871737,1165464000
2008-05-16,0.5596511363983154,0.5607975189245235,0.5417679625596682,0.554377897035319,1091556000
2008-05-19,0.547958493232727,0.5802857029727203,0.5440608352111975,0.5598805580182883,1158532000
2008-05-20,0.5337435603141785,0.5392460549028456,0.5275532470691113,0.5330557416577785,771404000
2008-05-21,0.5293875336647034,0.5557537402553303,0.5282411507134577,0.5351193390958366,1066660000
2008-05-22,0.5422267317771912,0.5465828995658824,0.5284704642300542,0.5369534904178672,693108000
2008-05-23,0.5298459529876709,0.545665672619021,0.5220506931720205,0.5413095060547652,802672000
2008-05-27,0.5355778336524963,0.5362656524716067,0.5206751836760136,0.5307631565812694,832856000
2008-05-28,0.5406218767166138,0.5516268696496819,0.534431561358944,0.5502512865299622,751736000
2008-05-29,0.5392462015151978,0.5417681674993243,0.5293875376430962,0.5408510939289645,693460000
2008-05-30,0.5663001537322998,0.568134300635241,0.553002397367083,0.5546072895727918,830244000
2008-06-02,0.5685928463935852,0.572949013476055,0.5601098215810395,0.5663001355074232,734660000
2008-06-03,0.549333930015564,0.5713440160628313,0.5426851079343893,0.5704268881472981,840696000
2008-06-04,0.5557536482810974,0.5568999763800843,0.5342021224622494,0.5371826520471695,831724000
2008-06-05,0.5697389841079712,0.581202589370372,0.563319417637047,0.575012222850168,827860000
2008-06-06,0.5516266226768494,0.5635487385687278,0.5484168390636598,0.5628609199855403,784876000
2008-06-09,0.5431435108184814,0.5559826978327055,0.5321385246134429,0.548416749318297,637916000
2008-06-10,0.5110456347465515,0.529158062533564,0.5076065419618226,0.5284702439766182,1225208000
2008-06-11,0.4872014820575714,0.5234263434448863,0.48651366339024593,0.5110457167580963,999428000
2008-06-12,0.49018198251724243,0.507835848171803,0.4860550707564168,0.49820649672160505,825992000
2008-06-13,0.48857706785202026,0.4966015270200901,0.4741329866869662,0.4908697782804014,705748000
2008-06-16,0.4819282293319702,0.4878892878497927,0.4780306267616708,0.48330386663031893,630496000
2008-06-17,0.47023555636405945,0.4890357559534592,0.46908917339943595,0.48880650122555386,687912000
2008-06-18,0.45647913217544556,0.48146966697360283,0.44891315434020196,0.46542069265115815,1065272000
2008-06-19,0.45533284544944763,0.4654207906901574,0.4443278267010698,0.4590012214739365,784928000
2008-06-20,0.4530400335788727,0.4580840187429252,0.4450155465122188,0.4452448285037725,741008000
2008-06-23,0.4436400234699249,0.4569377811165731,0.4397424199286788,0.4564792443466512,776616000
2008-06-24,0.4583132863044739,0.4688597935812984,0.44111795639189094,0.44111795639189094,1078928000
2008-06-25,0.46083536744117737,0.46885988360574743,0.45349869740270227,0.4654207896316333,900976000
2008-06-26,0.4372203052043915,0.4505180591559198,0.4372203052043915,0.44707899334022766,845532000
2008-06-27,0.44203507900238037,0.4445570719365677,0.4289666322781139,0.43905454935232346,584140000
2008-06-30,0.4291958212852478,0.4408886560724059,0.4262152920913383,0.4369910535871085,653940000
2008-07-01,0.4298836886882782,0.4303422253859916,0.41635667845248464,0.42415191163868826,881464000
2008-07-02,0.41337618231773376,0.43057154218701166,0.41268836354995925,0.4278202944471848,763196000
2008-07-03,0.28635984659194946,0.30103321238186626,0.2842964177663259,0.29759414611831425,2987520000
2008-07-07,0.277418315410614,0.29255021954846244,0.2696230813000091,0.29071604520883354,2202692000
2008-07-08,0.2758133113384247,0.2861305354237083,0.27054007197567287,0.2792524042543617,1805288000
2008-07-09,0.27099868655204773,0.28062806652203404,0.27099868655204773,0.27650118158310594,1413168000
2008-07-10,0.2703109383583069,0.27558418008197966,0.2652669513774954,0.27237436770043816,1056992000
2008-07-11,0.26755964756011963,0.2742084986770506,0.2595351315484898,0.2648083724332652,807760000
2008-07-14,0.2554081678390503,0.2716864222438206,0.2535739940942326,0.2696229938629402,882316000
2008-07-15,0.2581595480442047,0.2634327894749313,0.2453203538938507,0.25311556134360347,1122484000
2008-07-16,0.2595351040363312,0.26641323646180376,0.25196915290205757,0.25907656734088674,1034392000
2008-07-17,0.2604522109031677,0.26366199517827377,0.2503642667090484,0.26366199517827377,862080000
2008-07-18,0.26503756642341614,0.26664245816007615,0.2512812773529037,0.2586179721455137,899720000
2008-07-21,0.26664242148399353,0.273062014878895,0.2643497115094758,0.2691644133884666,571636000
2008-07-22,0.26091068983078003,0.26526682857251016,0.25586673251633896,0.26412047339507977,555924000
2008-07-23,0.26870599389076233,0.27145724159219736,0.26159857894172367,0.26274493442826086,594876000
2008-07-24,0.25288623571395874,0.26847667357378296,0.25219841705387136,0.2659546809305516,705628000
2008-07-25,0.26503756642341614,0.2659546396068611,0.2501349222079662,0.2554081613409312,1039600000
2008-07-28,0.26434987783432007,0.27306218668538884,0.2604522738915797,0.2615986296001078,734808000
2008-07-29,0.26710107922554016,0.27374995756771825,0.2618278384248531,0.26480836821056936,764636000
2008-07-30,0.2632034420967102,0.27283284898547,0.2572423832923606,0.272374284976468,588492000
2008-07-31,0.2622864544391632,0.2680182331117792,0.25953517881128624,0.2625157091873019,487236000
2008-08-01,0.24853014945983887,0.25632538457628834,0.24532036444977334,0.2554082836225013,881060000
2008-08-04,0.2425689846277237,0.24990567977852263,0.2418811660409283,0.24853004260493183,522052000
2008-08-05,0.25655460357666016,0.25655460357666016,0.2444032294491285,0.24715447726467277,685844000
2008-08-06,0.26343274116516113,0.26572545203361175,0.248988629896399,0.25724239995532894,814864000
2008-08-07,0.25930580496788025,0.27283281282126814,0.25632527596077687,0.26113997876696415,819232000
2008-08-08,0.2521984279155731,0.26366198163985316,0.2512813272188699,0.2613692708949972,853764000
2008-08-11,0.25747165083885193,0.2636619639688253,0.2531154843168217,0.2540325849520594,1196436000
2008-08-12,0.25380322337150574,0.2602228164800159,0.2501348766434264,0.2595349980520938,1410868000
2008-08-13,0.28108668327331543,0.2852135693875868,0.2673304144465953,0.2739792941116093,2095260000
2008-08-14,0.29805269837379456,0.30928699848639796,0.2790231919228709,0.2790231919228709,1635304000
2008-08-15,0.2971356213092804,0.30676502909766923,0.29507216506979556,0.3033259353651945,777652000
2008-08-18,0.30309656262397766,0.3058478092071633,0.2959891505637601,0.2991989336889334,893968000
2008-08-19,0.3076821267604828,0.3095163011184377,0.2969063626567251,0.2969063626567251,1014140000
2008-08-20,0.3228139281272888,0.3237310013482411,0.3099747390463745,0.312267449430019,1143692000
2008-08-21,0.31226757168769836,0.3196042696528045,0.30584797463386776,0.3170822763108899,1021560000
2008-08-22,0.3120381534099579,0.3182284930320952,0.30538930452925195,0.31456014565092216,459264000
2008-08-25,0.3074527680873871,0.31754071087619706,0.306535694802616,0.3102040426042315,471600000
2008-08-26,0.30011609196662903,0.3092869338995617,0.2969062808913437,0.30905767924999733,613112000
2008-08-27,0.3024088144302368,0.3060771622812429,0.2904866975801001,0.2932379721339876,454620000
2008-08-28,0.3012625277042389,0.3060772319380018,0.2982819978133986,0.30286742000506917,365192000
2008-08-29,0.28979894518852234,0.29805268796474027,0.28888184443698506,0.2971356145444726,516004000
2008-09-02,0.2824622094631195,0.2971355734783317,0.2785646069687524,0.29461358092424755,693928000
2008-09-03,0.2673303782939911,0.2797110349624988,0.26480838508431187,0.2785646793819669,714856000
2008-09-04,0.2636620104312897,0.2671010769241138,0.26205711820089256,0.26434982919610867,716128000
2008-09-05,0.26755964756011963,0.2682474390105616,0.2611400511495787,0.26136930585596885,791100000
2008-09-08,0.25655460357666016,0.2700816152775999,0.2521984634796544,0.2700816152775999,1314840000
2008-09-09,0.24784226715564728,0.2712279391894365,0.24692519376781064,0.25563750027733323,1098296000
2008-09-10,0.2480715960264206,0.2558668306205464,0.24646670362892445,0.2508228440408817,644284000
2008-09-11,0.23614946007728577,0.24119344632229986,0.22835423966598212,0.23385674899546915,1066976000
2008-09-12,0.23362745344638824,0.23569088212681308,0.22032971236449686,0.23408599011634185,1209200000
2008-09-15,0.21322232484817505,0.22881277855073964,0.21047106348926298,0.2253736984356907,863984000
2008-09-16,0.21987119317054749,0.22147609907396448,0.2017587598262394,0.20565637673542164,1240840000
2008-09-17,0.22927126288414001,0.2343152203910357,0.21276372583427872,0.21482716796551138,1392580000
2008-09-18,0.2496764361858368,0.2618278086495719,0.23156400482856576,0.2320225415131605,1611060000
2008-09-19,0.26159849762916565,0.26366192593104965,0.24990566436845715,0.26159849762916565,1107344000
2008-09-22,0.2560959458351135,0.26710095922917343,0.25472030891163394,0.2595350108125536,700072000
2008-09-23,0.2487594038248062,0.2634327714696293,0.24784230297316395,0.2540326448951134,821468000
2008-09-24,0.25793027877807617,0.2629742383976211,0.24417401036225783,0.24554962080507417,866036000
2008-09-25,0.2629741430282593,0.26916448343542915,0.2535740187539588,0.25793018523794,588328000
2008-09-26,0.26801827549934387,0.2698524504309143,0.2517400105621674,0.2565546890098488,646852000
2008-09-29,0.23156407475471497,0.2641205991611614,0.22927136330813572,0.26091081406846095,975240000
2008-09-30,0.24554955959320068,0.24784227042429816,0.23271036800654712,0.23523236085326196,659044000
2008-10-01,0.2386714071035385,0.2462373576785235,0.23431524049066027,0.24188119106564526,557208000
2008-10-02,0.21391017735004425,0.24027637128729065,0.21276380802042377,0.24027637128729065,787728000
2008-10-03,0.2070319950580597,0.22353953572224514,0.2056563712245893,0.21734920797317558,915828000
2008-10-06,0.1799779087305069,0.19763178354511265,0.16759725860159175,0.19717324702135844,1677440000
2008-10-07,0.1659923940896988,0.18685608434274056,0.16461677051590862,0.18639754770668804,1059984000
2008-10-08,0.16943147778511047,0.17929013869895324,0.15842644792103133,0.16003135351885592,1219456000
2008-10-09,0.15865574777126312,0.17814381881325644,0.15682158715081185,0.175621825753478,909636000
2008-10-10,0.15613378584384918,0.1680558927058722,0.1439824105868259,0.14489949783246417,1200252000
2008-10-13,0.18456339836120605,0.18479266670970396,0.16736805357371212,0.16943149604146215,916536000
2008-10-14,0.18043656647205353,0.1925879428367911,0.1753925929940552,0.19144158709165127,1209012000
2008-10-15,0.16094845533370972,0.18020724229121385,0.16094845533370972,0.17929015524576591,854064000
2008-10-16,0.17653894424438477,0.17745603155027462,0.15819723912350225,0.1657631923150458,1019820000
2008-10-17,0.1753925085067749,0.18548045060336904,0.1682851090436987,0.1714949063170456,839416000
2008-10-20,0.17883159220218658,0.1827292084523973,0.17447543929460202,0.18135358481464248,595764000
2008-10-21,0.16507534682750702,0.17722671991947506,0.16415825974526957,0.17539254575500016,659116000
2008-10-22,0.1588849425315857,0.1696606866284243,0.15452879124416702,0.162782543666544,600996000
2008-10-23,0.1499434858560562,0.16232414554105123,0.14352388757471948,0.15842652741822544,832192000
2008-10-24,0.15154828131198883,0.15934349818518795,0.13687492064956594,0.13756273912817726,798336000
2008-10-27,0.1598021239042282,0.1692022367818567,0.14581656144617808,0.15063126574029367,698936000
2008-10-28,0.18387554585933685,0.18410481416570224,0.16530458072800044,0.16828510970764582,849920000
2008-10-29,0.18983669579029083,0.201758803819237,0.1818121918547541,0.18272927919015589,977284000
2008-10-30,0.19786113500595093,0.20175875175929428,0.18570976169499076,0.20061239630224653,657176000
2008-10-31,0.20084169507026672,0.20473931241375407,0.1912122995736836,0.1916708500253135,608672000
2008-11-03,0.19350498914718628,0.20886617474084462,0.19029519100807438,0.20519782620149643,723924000
2008-11-04,0.2058856338262558,0.2058856338262558,0.19488061613508706,0.20015385662577934,619560000
2008-11-05,0.19510991871356964,0.2040514954478525,0.19510991871356964,0.19831971724198363,787620000
2008-11-06,0.17470474541187286,0.19052445359449602,0.1742461950255499,0.18364632079036727,797936000
2008-11-07,0.19992457330226898,0.20794907499627216,0.18570975773834975,0.1990074862230428,1132068000
2008-11-10,0.18708539009094238,0.20863690327550696,0.18272923651437734,0.20749053412475638,576396000
2008-11-11,0.17883159220218658,0.18570973772222704,0.17699743190705794,0.18433411408447226,576484000
2008-11-12,0.16828511655330658,0.17745595850603632,0.16622167438081592,0.17332907416105495,646092000
2008-11-13,0.18204137682914734,0.1822706451242866,0.15728007297895727,0.16048987010780066,797228000
2008-11-14,0.1643875390291214,0.17562182578579058,0.16369972025530333,0.17470475230821403,741024000
2008-11-17,0.16094845533370972,0.16713876897562346,0.15934354958776728,0.1627826157589714,388224000
2008-11-18,0.15567518770694733,0.16507531118838756,0.15040194837177998,0.1641582243041456,564488000
2008-11-19,0.1428360641002655,0.1581972388686711,0.14214824520554656,0.15429962124132726,500220000
2008-11-20,0.13527005910873413,0.1487970691192978,0.13366516702782477,0.1416896547636399,847036000
2008-11-21,0.14627504348754883,0.14627504348754883,0.13183095102338663,0.1396261816014684,599064000
2008-11-24,0.15590444207191467,0.15773861567640196,0.14673358771510892,0.15521662355382432,600308000
2008-11-25,0.1602606177330017,0.16324114686279254,0.15567519671217434,0.16278259656133026,528256000
2008-11-26,0.1744755059480667,0.17493405644625012,0.1565923508285977,0.15750942449368763,600792000
2008-11-28,0.17126569151878357,0.1742462216556758,0.16897298023367793,0.17172424197518701,175248000
2008-12-01,0.15659227967262268,0.1659923897934655,0.15636299769489811,0.16438749794318708,547112000
2008-12-02,0.16530461609363556,0.16736805862364504,0.15750938268442866,0.15957282521443816,479988000
2008-12-03,0.17378760874271393,0.17401687703767327,0.15750934115049994,0.15888497825151854,584632000
2008-12-04,0.16232407093048096,0.1788315959239891,0.15842645459915397,0.17034855826095988,466292000
2008-12-05,0.16874366998672485,0.1694314886679196,0.15452885534522603,0.15728010273873738,438484000
2008-12-08,0.1632411628961563,0.17539253526109605,0.15934354644625398,0.1719534691576943,707992000
2008-12-09,0.1790608912706375,0.18548048707980352,0.15934355347640786,0.16117772761206514,829760000
2008-12-10,0.19602695107460022,0.20061237235543608,0.17951941259857773,0.1824999418973744,961124000
2008-12-11,0.187773197889328,0.2017587449240091,0.18548048705290612,0.19488061241474347,582700000
2008-12-12,0.19717329740524292,0.19831965267318702,0.17860231746640962,0.18227066525633692,679268000
2008-12-15,0.1907537430524826,0.19946605041007562,0.18456341508820262,0.19831969489805734,476996000
2008-12-16,0.20359289646148682,0.20405143311162183,0.19075370627011012,0.1925878665362832,521940000
2008-12-17,0.21368087828159332,0.21666140823703556,0.19717334983440274,0.19992459774278298,674180000
2008-12-18,0.1939634531736374,0.21299296516698427,0.1914414612594938,0.21230514670573974,550808000
2008-12-19,0.1953391432762146,0.2040514496604218,0.1946513245795962,0.19648549866015586,593120000
2008-12-22,0.18387554585933685,0.19877817709193182,0.17676814636821933,0.1983196404792011,522464000
2008-12-23,0.1813536286354065,0.18891958096968076,0.178602367029472,0.18502196377768265,377452000
2008-12-24,0.17699740827083588,0.1820413791565429,0.17332906083918298,0.17768521316504723,146616000
2008-12-26,0.17218266427516937,0.17929007546551937,0.16736797651104343,0.1769973657049234,226156000
2008-12-29,0.17768524587154388,0.17768524587154388,0.16324116278117676,0.17447544811083632,460168000
2008-12-30,0.18387554585933685,0.18662680653261687,0.17585105947712598,0.17997794365423006,409860000
2008-12-31,0.18502196669578552,0.18960740277799631,0.1783731014586258,0.181582899883355,441580000
2009-01-02,0.19969530403614044,0.20107092781587493,0.18433413310980717,0.18502193816685708,497124000
2009-01-05,0.20336362719535828,0.20794904833802158,0.19602694516771724,0.19740256877738963,705736000
2009-01-06,0.21024173498153687,0.21620279272107173,0.20473922750346005,0.20932464812425217,657904000
2009-01-07,0.1976318508386612,0.20542708372179005,0.19052443664099486,0.20542708372179005,870096000
2009-01-08,0.19258783757686615,0.19510982977027602,0.1806657361441179,0.19510982977027602,1014496000
2009-01-09,0.1818120926618576,0.19258783905893806,0.181353556077144,0.19258783905893806,761352000
2009-01-12,0.1744755059480667,0.18272927825898377,0.1719535260377925,0.18181219092825537,645532000
2009-01-13,0.1753925085067749,0.18204138502456135,0.1653045800758126,0.1685143773491595,1824424000
2009-01-14,0.16759730875492096,0.17126564303958794,0.1650753297883145,0.16920220073395234,974908000
2009-01-15,0.17355839908123016,0.17630964688146278,0.16507535997684722,0.1685144265599559,998204000
2009-01-16,0.18318778276443481,0.18479267494104235,0.17264130160740815,0.1783730789033422,831324000
2009-01-20,0.16530461609363556,0.18341704848725507,0.16392897862987268,0.18272922975537365,705788000
2009-01-21,0.17332908511161804,0.17447544042813354,0.16232406860681584,0.16851439551537956,648472000
2009-01-22,0.1701192706823349,0.17470470516093192,0.16392894438545288,0.16782656027585235,547656000
2009-01-23,0.17676816880702972,0.1820414088509734,0.1650753333761663,0.1653046017116348,633616000
2009-01-26,0.18272922933101654,0.18800246982150184,0.17470474125066443,0.17768525719541434,581748000
2009-01-27,0.19350498914718628,0.1948806266822596,0.18502195023198803,0.18570976899952468,725300000
2009-01-28,0.20152951776981354,0.2047393163300726,0.19396356499674836,0.20038316211726653,723752000
2009-01-29,0.18983669579029083,0.1971733808078666,0.18891960845488906,0.1948806693021814,413128000
2009-01-30,0.18227070569992065,0.19350499255164672,0.17997799465530862,0.18846103371975456,506760000
2009-02-02,0.19212934374809265,0.19419278615384164,0.1786023339399199,0.1795194209719899,577992000
2009-02-03,0.19442211091518402,0.19602701710344586,0.18731469460335207,0.19258793631878132,396948000
2009-02-04,0.19992457330226898,0.20978324915472454,0.194880614864977,0.194880614864977,779232000
2009-02-05,0.2145979106426239,0.21689062120235955,0.19258786467102243,0.1946513069079111,919192000
2009-02-06,0.22629080712795258,0.22766643110573115,0.21161743914619233,0.2152857879744507,1157880000
2009-02-09,0.223310187458992,0.2285834265331009,0.21711987521167384,0.2253736294299751,716128000
2009-02-10,0.21368087828159332,0.22606153486621355,0.20955399275338657,0.2230810049107713,1129664000
2009-02-11,0.18685607612133026,0.2038221495589113,0.1802072131973139,0.1967147363533854,1983400000
2009-02-12,0.1907537430524826,0.19190009856450085,0.18020726140940613,0.18272924080271916,1024020000
2009-02-13,0.19052445888519287,0.19281718354920452,0.185021949755963,0.18639758728749709,764304000
2009-02-17,0.1795194298028946,0.1877731998319092,0.1788316110785985,0.18341704646451476,779576000
2009-02-18,0.18433411419391632,0.19029515907148184,0.179290142631643,0.17951941096046606,646252000
2009-02-19,0.1701192706823349,0.18960733646870037,0.1701192706823349,0.18800243098478342,743988000
2009-02-20,0.1744755059480667,0.17722676794025188,0.1662217473027881,0.16782663988233396,770056000
2009-02-23,0.16645094752311707,0.17837305060675265,0.16530459224578478,0.17745596365176025,679548000
2009-02-24,0.1813536286354065,0.1815828970194919,0.16713879750319963,0.16736807955292154,659524000
2009-02-25,0.18341706693172455,0.18891957634320541,0.17470475922474352,0.18089507377163686,702360000
2009-02-26,0.18937808275222778,0.1957976783144852,0.187085372003655,0.18983663310132273,1117556000
2009-02-27,0.18983669579029083,0.19419285038422043,0.18318782969067604,0.18456345386095946,755444000
2009-03-02,0.17378760874271393,0.18914877582382802,0.17309979019220462,0.18525117381262526,700064000
2009-03-03,0.18066585063934326,0.1875439993754935,0.17126572177713373,0.17699751466819885,1041372000
2009-03-04,0.1939634531736374,0.19946595986670515,0.18387551284832196,0.185480418036016,1108668000
2009-03-05,0.18937808275222778,0.1990074760956139,0.18846100938530586,0.1912122568173396,955252000
2009-03-06,0.19235859811306,0.19923674352100665,0.1868560899860825,0.18937806889180422,974756000
2009-03-09,0.19029517471790314,0.2054270906488972,0.18983663802255532,0.19098299342655928,682768000
2009-03-10,0.20749051868915558,0.2111588669011375,0.19533914598464264,0.1971733200906336,1254800000
2009-03-11,0.21322232484817505,0.2716864954851128,0.20405146731743673,0.20749053376685037,864916000
2009-03-12,0.22583222389221191,0.22812493460532937,0.20978323523475578,0.21253448262424324,1604604000
2009-03-13,0.2246859073638916,0.2278957056500719,0.21895411592494646,0.22262246463237315,1195156000
2009-03-16,0.21597355604171753,0.22720785531696422,0.21413939560820247,0.2269785869709791,699344000
2009-03-17,0.22674928605556488,0.22720782268167258,0.21391009653696197,0.21666134362487272,1005384000
2009-03-18,0.2338566929101944,0.24050556985164195,0.22308094521059582,0.2233102135306654,1359560000
2009-03-19,0.23110543191432953,0.23546157073198407,0.2295005401042075,0.23546157073198407,822648000
2009-03-20,0.21849556267261505,0.23477383491792536,0.2125345033059331,0.23454455289179518,1093672000
2009-03-23,0.23431526124477386,0.23477382527820576,0.22032972784119495,0.22537368622752357,816048000
2009-03-24,0.22422735393047333,0.2306469640822318,0.22308099839121115,0.22858350771279673,1114868000
2009-03-25,0.22789570689201355,0.238442175319249,0.21918338549721453,0.23110550519568596,1243852000
2009-03-26,0.24211055040359497,0.24256908721162185,0.22904208738717613,0.23156406716259942,1333664000
2009-03-27,0.23981773853302002,0.24554951455955928,0.2361493909435293,0.23958845655945285,731892000
2009-03-30,0.22445659339427948,0.23362746385840344,0.22124679556465318,0.2306469343739717,780052000
2009-03-31,0.22606152296066284,0.23156403215326954,0.22445661704393324,0.22789569724674363,805272000
2009-04-01,0.23179323971271515,0.23385666803952862,0.21482715351615217,0.223310189781618,887920000
2009-04-02,0.2425689846277237,0.24692515078991853,0.23706649059588839,0.24050555619860142,1002860000
2009-04-03,0.2595351040363312,0.2602229227451322,0.23867142474655678,0.24279830966809407,1003208000
2009-04-06,0.2602229714393616,0.2625156826768761,0.25173994532681265,0.2551790121830844,887288000
2009-04-07,0.25128138065338135,0.2579302596260961,0.2496764882569584,0.25517901161347484,607804000
2009-04-08,0.26159849762916565,0.26228631617354775,0.2519690926703411,0.2540325483034873,731652000
2009-04-09,0.2760425806045532,0.27695965378575066,0.2661839209159995,0.26824734923932503,904412000
2009-04-13,0.26710107922554016,0.2728328840942384,0.2611400469853788,0.2726036020602328,767628000
2009-04-14,0.26870599389076233,0.27512559008162457,0.26228639769990014,0.2634327531864373,711960000
2009-04-15,0.26114001870155334,0.2622863740848781,0.25013497422411385,0.2593058446219801,1045368000
2009-04-16,0.26778891682624817,0.2709987288716726,0.2558668241763351,0.26595474241904465,1038772000
2009-04-17,0.2696231007575989,0.2721450940729995,0.26136932929926404,0.26778892628560513,695764000
2009-04-20,0.25334474444389343,0.26159851279237245,0.25196910727539235,0.2593058023990465,590660000
2009-04-21,0.2526569962501526,0.26320347793021864,0.24623739989408072,0.2499057484779136,932184000
2009-04-22,0.2602229714393616,0.27076945406443786,0.2462374219580135,0.2503643076517944,916404000
2009-04-23,0.2560959458351135,0.265037531175213,0.24807146088775342,0.26274482119025294,753952000
2009-04-24,0.26205718517303467,0.2638913599042091,0.25242777466718846,0.2586181178013119,759508000
2009-04-27,0.2526569962501526,0.26595472570245765,0.25105210399395245,0.25861805586606323,787024000
2009-04-28,0.25334474444389343,0.25861798381479595,0.24715440451690232,0.24944714224149206,634392000
2009-04-29,0.24944718182086945,0.25563749539880376,0.2464666523703772,0.2544911400202505,859668000
2009-04-30,0.2632034420967102,0.2705401109342629,0.2521984251747474,0.2542618538901858,1110276000
2009-05-01,0.26755964756011963,0.2737499619329988,0.2622864066753442,0.2625156613817343,840548000
2009-05-04,0.28200361132621765,0.2840670394523499,0.2684766055430686,0.27214495257981475,927704000
2009-05-05,0.27054011821746826,0.27764753257312613,0.2648083412633146,0.2758133584815433,837076000
2009-05-06,0.26503756642341614,0.27604258128106857,0.2597643272904512,0.27352058902970106,935088000
2009-05-07,0.246008038520813,0.2709986244410345,0.24256897308179443,0.2709986244410345,1289196000
2009-05-08,0.21207600831985474,0.24073491432809896,0.20886620964435523,0.24073491432809896,2930564000
2009-05-11,0.21620284020900726,0.22147608054741316,0.20680271493918506,0.20863688905662217,1038596000
2009-05-12,0.2058856338262558,0.2210175365680215,0.20175874877565883,0.2210175365680215,1201384000
2009-05-13,0.19258783757686615,0.20565630779383856,0.190982945877088,0.20450995267524533,1305608000
2009-05-14,0.1953391432762146,0.19946602812465677,0.190982990084111,0.19235861381171368,1017864000
2009-05-15,0.20038311183452606,0.20726124402385757,0.1944220530045983,0.19671476373437546,780308000
2009-05-18,0.21253442764282227,0.2139100646473305,0.20496847878054808,0.20542702900392756,938320000
2009-05-19,0.21666140854358673,0.21918338807410964,0.210471080242518,0.21391016063131377,859768000
2009-05-20,0.22308094799518585,0.2350030511095819,0.2196418821543158,0.22055896911167439,1309436000
2009-05-21,0.2217053771018982,0.22468590700551944,0.2155150489172163,0.22032975317162537,965600000
2009-05-22,0.2251444160938263,0.22835421398045522,0.21757846490860341,0.22170534985793125,718260000
2009-05-26,0.2372957319021225,0.2391299055867481,0.22078820973738564,0.22308092001035204,865540000
2009-05-27,0.23775433003902435,0.2448617446576544,0.23385672703224344,0.2361494378987345,814152000
2009-05-28,0.2409641146659851,0.24302754328224177,0.2306469169221691,0.24142265132167923,995288000
2009-05-29,0.23912997543811798,0.241651968407576,0.23087620511195572,0.24119343168529372,834232000
2009-06-01,0.25082284212112427,0.2521984797834628,0.24096417842442772,0.24188125197847102,1022764000
2009-06-02,0.2487594038248062,0.25632535602731016,0.24417398156041262,0.2508228329112743,907984000
2009-06-03,0.2409641146659851,0.2464666365281135,0.23500305614816264,0.2455495358854589,735688000
2009-06-04,0.2496764361858368,0.2501349728704315,0.2414226665380591,0.2416519485459905,673180000
2009-06-05,0.24830079078674316,0.2542618494878827,0.2453202887674406,0.2542618494878827,559992000
2009-06-08,0.2469252198934555,0.2503642864586124,0.24073487821115586,0.24646668315102224,473948000
2009-06-09,0.2604522109031677,0.26320345847201143,0.24853009255272948,0.2503642667090484,725032000
2009-06-10,0.26870599389076233,0.27031088610566023,0.2560960562075829,0.2618278336402687,833320000
2009-06-11,0.2652667760848999,0.2797108812600233,0.2636618846203055,0.2693936593733269,835156000
2009-06-12,0.2638913094997406,0.26480838302452353,0.2554082564047713,0.26136931630967847,595000000
2009-06-15,0.2595351040363312,0.26251563355362306,0.25494968241934945,0.25907656734088674,445164000
2009-06-16,0.2524276673793793,0.26274489244075766,0.24875934680743256,0.2595350811926297,594912000
2009-06-17,0.25861799716949463,0.2611399896648911,0.24646662599113314,0.25632528665777604,799016000
2009-06-18,0.2535739839076996,0.2625155703052623,0.2508227370666273,0.2577008678349391,566376000
2009-06-19,0.2563253343105316,0.26274493040304653,0.25288626790360613,0.2560960522842285,747564000
2009-06-22,0.24188129603862762,0.25724248585153936,0.24096422231753375,0.25724248585153936,574864000
2009-06-23,0.2407349795103073,0.24463261178925821,0.23133484934421145,0.24417407485387665,589764000
2009-06-24,0.2487594038248062,0.2544911816552982,0.24371541746895517,0.24371541746895517,515096000
2009-06-25,0.2618277966976166,0.2622863606925468,0.24394464816460967,0.2464666408116586,870444000
2009-06-26,0.2652667760848999,0.26618387644413805,0.25838864638127423,0.2606813562824828,513956000
2009-06-29,0.2652667760848999,0.270081477809941,0.2625155296697012,0.26595459452151404,510056000
2009-06-30,0.25884732604026794,0.26801819804793847,0.2540326489839231,0.26434984924487026,589844000
2009-07-01,0.25999361276626587,0.2634327059403542,0.25563747363119704,0.26045217674365484,696420000
2009-07-02,0.24990582466125488,0.25472050289760123,0.24646675706474472,0.25151071740670367,552312000
2009-07-06,0.24188129603862762,0.24990581408895263,0.23775440963114805,0.24967653199303988,752456000
2009-07-07,0.23133470118045807,0.24417391846694442,0.23064690988353936,0.24279828121057595,1072996000
2009-07-08,0.23179323971271515,0.2333981314481548,0.2226223848945573,0.2327103128954628,1205860000
2009-07-09,0.236837238073349,0.24073484077482862,0.2350030640575741,0.2356908827298981,714564000
2009-07-10,0.23775433003902435,0.23935924951058363,0.23179329818490926,0.2368372566249357,520008000
2009-07-13,0.2405056655406952,0.24256909490792294,0.22812500734349964,0.24256909490792294,556012000
2009-07-14,0.24554955959320068,0.24646666032440107,0.2395885004998396,0.2423397753621718,452568000
2009-07-15,0.2556375563144684,0.2606815157157703,0.25219848935931594,0.2544912006627509,1022808000
2009-07-16,0.2689351439476013,0.26985224437875294,0.25701305699271054,0.25838866664254795,952076000
2009-07-17,0.2767305076122284,0.27764758115284505,0.2661840252387709,0.26893527319189403,850356000
2009-07-20,0.28016945719718933,0.28314998595440793,0.2753547547946623,0.27902310208527925,782756000
2009-07-21,0.27443769574165344,0.2806280081978506,0.26801810131878623,0.2794816530270266,941296000
2009-07-22,0.2813159227371216,0.2838379159058141,0.26710109190452386,0.2689352662698209,600908000
2009-07-23,0.29805269837379456,0.2989697991573602,0.27879390989416186,0.28177443961102683,1046120000
2009-07-24,0.2971356213092804,0.29805269475042684,0.28704767680031834,0.2888818510138815,650592000
2009-07-27,0.29851123690605164,0.3028673764288736,0.291633077276895,0.29438435206106495,677484000
2009-07-28,0.29896968603134155,0.3021794692311072,0.2939257019584809,0.2964476939949112,563180000
2009-07-29,0.2930087149143219,0.2973648817720596,0.29002818544982095,0.29553070769149997,373972000
2009-07-30,0.2953013777732849,0.3019502543202089,0.29277938540526827,0.2980526247821352,468444000
2009-07-31,0.2964476943016052,0.3005745779421879,0.28842320896262896,0.29530133925318003,541560000
2009-08-03,0.304472416639328,0.3079115117928263,0.2978235631155549,0.3035553428192495,471900000
2009-08-04,0.3065357804298401,0.31180902161845675,0.2987405460067149,0.2991990827771874,695380000
2009-08-05,0.30722349882125854,0.3095162092554179,0.30103315878401693,0.30470150641117755,610768000
2009-08-06,0.3008039593696594,0.31387240577759856,0.29896978521930834,0.3083699106578145,957588000
2009-08-07,0.31433096528053284,0.3262530560889775,0.30997479831986247,0.3170822128007479,1401872000
2009-08-10,0.30401375889778137,0.32120911850578093,0.30217958465534284,0.3166236965653199,693312000
2009-08-11,0.29690635204315186,0.3065357602453724,0.2953014597865389,0.3019503381800374,481884000
2009-08-12,0.3079114258289337,0.31112121063437004,0.29690637907273343,0.297135661129382,634940000
2009-08-13,0.3170822262763977,0.31822858173614527,0.3047015709123621,0.3102040935179124,564028000
2009-08-14,0.3076821267604828,0.31708225326295625,0.30355524128790246,0.3166237165062856,427148000
2009-08-17,0.2948428988456726,0.29919903851768204,0.2916330872646353,0.29828196511239663,465032000
2009-08-18,0.30561861395835876,0.309057707326904,0.29461359717281593,0.2948428791744747,636200000
2009-08-19,0.3021794855594635,0.30401365920040835,0.29805260170015296,0.3010331304502807,552996000
2009-08-20,0.3141017258167267,0.3154773634288243,0.300116176975067,0.30080399578111583,819840000
2009-08-21,0.3193749487400055,0.31983348547422474,0.31020410473053617,0.3166237010034189,607324000
2009-08-24,0.3104332983493805,0.32097977781759307,0.30859912444213494,0.3175407119907323,461456000
2009-08-25,0.31318455934524536,0.3163943430458023,0.3067649646128671,0.3120381767878871,444088000
2009-08-26,0.3168529272079468,0.31754074591305054,0.311350432229654,0.31249678762773736,434308000
2009-08-27,0.3212091326713562,0.3225847429153976,0.3147895362053474,0.3182286028123587,551072000
2009-08-28,0.337716668844223,0.3445948019481479,0.32946289818700464,0.32992143492767867,883992000
2009-08-31,0.33290189504623413,0.3354238875888715,0.328545728593612,0.3338189683355937,431796000
2009-09-01,0.3216676414012909,0.34207278455764734,0.3198334672377251,0.33267265905141613,736856000
2009-09-02,0.3262529671192169,0.32946277779353755,0.320291909674951,0.3221260832986683,404656000
2009-09-03,0.3340483009815216,0.3345068376957378,0.3253359940863339,0.32625306751476635,534020000
2009-09-04,0.34642893075942993,0.34872164149306134,0.3326726390263735,0.3326726390263735,513048000
2009-09-08,0.3560583293437958,0.3560583293437958,0.3461996671976969,0.34895091475837653,549712000
2009-09-09,0.3659169375896454,0.36660475621131566,0.3503265006006022,0.3553704582740754,571684000
2009-09-10,0.3776097595691681,0.37806832352249653,0.36293639634426805,0.3670632806053732,607952000
2009-09-11,0.37417078018188477,0.3780684106962932,0.3714195324838623,0.3766927731816466,712732000
2009-09-14,0.36798039078712463,0.37164873852193026,0.36477057968635346,0.36866820940380884,490516000
2009-09-15,0.375546395778656,0.38013181745149976,0.36798044455221,0.3714195108068428,546136000
2009-09-16,0.3654584586620331,0.3753171209127196,0.35995596348229947,0.3746293021824355,707064000
2009-09-17,0.3494094908237457,0.3645413939253371,0.3432191494350137,0.3645413939253371,923096000
2009-09-18,0.3489510118961334,0.3553706095455937,0.3461997635695867,0.35284864330095794,604740000
2009-09-21,0.3473460078239441,0.3533070667274526,0.34184351293706555,0.3448240150575517,588776000
2009-09-22,0.3480338156223297,0.3519314183227922,0.34528256826501896,0.34986798963762594,361388000
2009-09-23,0.34253138303756714,0.35307786588156287,0.3420728462468009,0.35009733574467067,478936000
2009-09-24,0.33794593811035156,0.3482631655420594,0.33679958254363657,0.3482631655420594,552876000
2009-09-25,0.33244335651397705,0.33771659622601785,0.3299213639856593,0.3361116769818526,377556000
2009-09-28,0.3400093615055084,0.3484923864090242,0.3335897654891584,0.3335897654891584,467708000
2009-09-29,0.3338189423084259,0.3461995947370804,0.3331311237294012,0.3420727105941956,470928000
2009-09-30,0.3445947766304016,0.34872166165580415,0.3331311949681636,0.34069714629285675,875956000
2009-10-01,0.3200627565383911,0.34344842982612567,0.31983347451350347,0.34344842982612567,999960000
2009-10-02,0.31754082441329956,0.3244189585021646,0.3150188309815389,0.316853005538158,612476000
2009-10-05,0.31593582034111023,0.3221261333684966,0.3104332986146713,0.3209797780918967,754276000
2009-10-06,0.3212091326713562,0.32671162831006556,0.31754078402470204,0.3198334950960429,761272000
2009-10-07,0.31868723034858704,0.3223555800402875,0.3152481627618477,0.3189165124535482,459608000
2009-10-08,0.32075047492980957,0.32143826612674564,0.30928689656612574,0.3205211929766565,1241524000
2009-10-09,0.32487744092941284,0.3253359776204216,0.31845784526148485,0.3189163819524936,618540000
2009-10-12,0.3212091326713562,0.32739944709772223,0.3191456763083863,0.31937495834802915,499008000
2009-10-13,0.3200627565383911,0.3267116072848913,0.31708222687120236,0.3230432862055798,602124000
2009-10-14,0.3196042478084564,0.33244344103858303,0.3179993281562362,0.33244344103858303,1101948000
2009-10-15,0.3102041184902191,0.32212621076510173,0.30814066209779745,0.31914568086356304,1092196000
2009-10-16,0.30309656262397766,0.30722344616438596,0.2975940421263467,0.306306345749151,1018832000
2009-10-19,0.3141017258167267,0.31662371899514813,0.30309670691376345,0.3056186727609123,695588000
2009-10-20,0.31433096528053284,0.3216676344448627,0.31180897244376216,0.3193749236228053,660180000
2009-10-21,0.30676499009132385,0.31799926130760314,0.3051600707764839,0.3131845853568835,503956000
2009-10-22,0.30882835388183594,0.31043324552837476,0.29988676785467216,0.30516000669152343,379328000
2009-10-23,0.3014918565750122,0.31295541383474496,0.2996576819471997,0.31295541383474496,429528000
2009-10-26,0.2975941002368927,0.30836986139969014,0.2959892083609223,0.30378444042190905,481652000
2009-10-27,0.28750622272491455,0.3005746973328729,0.2845257202801378,0.2962185573510675,591836000
2009-10-28,0.27558407187461853,0.2875061610917826,0.2742084346324874,0.2810865661806127,773632000
2009-10-29,0.2877354621887207,0.2891110995222286,0.2774182641812129,0.27994022951762126,637100000
2009-10-30,0.2742083668708801,0.28750609004407907,0.27283275729995105,0.28635973506934226,604144000
2009-11-02,0.2767305076122284,0.28269156762005626,0.26893527319189403,0.2737499776083145,593136000
2009-11-03,0.27535486221313477,0.2767304998165805,0.2650376621811091,0.2677889100567281,876472000
2009-11-04,0.274666965007782,0.28039876849848205,0.2735206097758949,0.2774182394293227,916840000
2009-11-05,0.2813159227371216,0.28406717061943093,0.27695975520313204,0.2778768560514168,955156000
2009-11-06,0.3017209470272064,0.30791128644169613,0.2953013529911225,0.2989697002492452,1641112000
2009-11-09,0.30859923362731934,0.3129554016146871,0.30561870338991515,0.3058479854586675,818124000
2009-11-10,0.3010331988334656,0.30974550510860893,0.2971355960431106,0.30974550510860893,781472000
2009-11-11,0.3095162808895111,0.31685295051055856,0.3056186503843657,0.3060772144423385,871512000
2009-11-12,0.30859923362731934,0.3175408243395319,0.3076821600148605,0.3122675827397053,505864000
2009-11-13,0.31089189648628235,0.31249681605460855,0.30699429324449967,0.30836993077984465,388524000
2009-11-16,0.3152479827404022,0.31891633033730343,0.31203817176029763,0.31364309091598197,402820000
2009-11-17,0.3147895038127899,0.3154773225296684,0.3088284447082015,0.3154773225296684,350124000
2009-11-18,0.3099748492240906,0.3129553792484831,0.30470160800113044,0.3118090236491993,455516000
2009-11-19,0.2975941002368927,0.303325876459119,0.29209160599606143,0.303325876459119,833840000
2009-11-20,0.295759916305542,0.2971355534845262,0.2900281402785478,0.29071595886803986,426748000
2009-11-23,0.29805269837379456,0.3056186500146763,0.2966770881953519,0.30011615463836444,390924000
2009-11-24,0.29621854424476624,0.29874050984270517,0.29140384040946565,0.2966770809597306,418504000
2009-11-25,0.29965755343437195,0.3037844377442521,0.2975940976137995,0.29965755343437195,441760000
2009-11-27,0.29323795437812805,0.29667702003098256,0.2872768963140079,0.28888178815242044,279932000
2009-11-30,0.2994282841682434,0.29965756615735245,0.2911745151980412,0.294384326389238,509836000
2009-12-01,0.3053893744945526,0.3088284407030757,0.2994283154672718,0.30103320756499546,461936000
2009-12-02,0.3145602345466614,0.3152480532914189,0.30424303536910857,0.30607720957803863,602292000
2009-12-03,0.3170822262763977,0.323960359034883,0.3166236895587527,0.31822858173614527,660036000
2009-12-04,0.3269408345222473,0.32831647177850876,0.31799924701907917,0.323043232071194,824564000
2009-12-07,0.36889752745628357,0.3771512976125095,0.3461996731922973,0.36339503223964614,2732184000
2009-12-08,0.35101446509361267,0.3645414791703415,0.34895100837108967,0.36293655927573143,1075512000
2009-12-09,0.3597266972064972,0.3624779449167821,0.3512436447138184,0.35468273851576304,671588000
2009-12-10,0.35330700874328613,0.3645413060128719,0.35216065355238535,0.3622485956310703,417012000
2009-12-11,0.3487217128276825,0.35674620203688445,0.34780461194786677,0.35628766526261335,416744000
2009-12-14,0.3592681288719177,0.3604144842612977,0.3498680037464946,0.35376560660413287,405488000
2009-12-15,0.3588096499443054,0.36477068252993905,0.35582911998585226,0.35674619351248116,446152000
2009-12-16,0.38769781589508057,0.391824701369501,0.3695853816827001,0.3716488380855465,1683400000
2009-12-17,0.3858635425567627,0.40076618831700245,0.3801317662379264,0.38884407170881063,1016132000
2009-12-18,0.3856344521045685,0.39044912986370467,0.38104900176576534,0.38907351936021306,812828000
2009-12-21,0.3993906080722809,0.40099550020436536,0.3874685170937358,0.38792705379843573,427792000
2009-12-22,0.4099370837211609,0.41406396867349327,0.3989320662920308,0.39939060299089685,793044000
2009-12-23,0.41566887497901917,0.4168152304309634,0.40856146024445683,0.4138347007896544,442196000
2009-12-24,0.4147517681121826,0.417503015508786,0.413146876075103,0.4168151968268182,136812000
2009-12-28,0.40810292959213257,0.41773233739652105,0.4039760444375761,0.4140639889632997,465760000
2009-12-29,0.41314688324928284,0.4142932386287127,0.40581018695591736,0.40672728765822214,475848000
2009-12-30,0.4280495345592499,0.4305715275113728,0.4140639869725139,0.4170445166437673,704008000
2009-12-31,0.42827877402305603,0.43446908744431345,0.42782023734949387,0.4289665926990329,700340000
2010-01-04,0.423922598361969,0.42690312767421,0.4152102924228287,0.4243811350258676,800204000
2010-01-05,0.43011292815208435,0.43469834933812473,0.4223176957370561,0.4223176957370561,728648000
2010-01-06,0.4328641891479492,0.4337812624817829,0.425756775151304,0.4298836598160894,649168000
2010-01-07,0.4243810772895813,0.4324055908067865,0.42117129374770973,0.43057141706946134,547792000
2010-01-08,0.42529818415641785,0.4282787131075423,0.41842005303748314,0.42094201804900105,478168000
2010-01-11,0.4193371832370758,0.42942512664776905,0.41337612452479033,0.4275909526338914,556612000
2010-01-12,0.4051222503185272,0.4147516545673383,0.396409946505025,0.41314676296962316,627432000
2010-01-13,0.4106248915195465,0.4120005289108454,0.392053923393353,0.40787364406821697,508868000
2010-01-14,0.4042053818702698,0.4085615223169759,0.3973272481136133,0.4055810195541107,608524000
2010-01-15,0.392283171415329,0.4046638257331559,0.3870099312798435,0.4012247596445264,818192000
2010-01-19,0.39961984753608704,0.4021418128090158,0.3881562671516909,0.38930262245700387,545328000
2010-01-20,0.39801502227783203,0.39961994194945827,0.3893027144328485,0.3945759555493864,719728000
2010-01-21,0.3909076452255249,0.40489319458492545,0.38723929634497845,0.3977857788780943,608632000
2010-01-22,0.3773806393146515,0.39342961812102484,0.3750879280565982,0.38632220228854985,1067916000
2010-01-25,0.38380029797554016,0.3911369697139708,0.38081976739488066,0.38357101588038234,643676000
2010-01-26,0.3716488778591156,0.38448807241329225,0.37141959579050426,0.3819660789836691,714636000
2010-01-27,0.38173678517341614,0.38311242288022085,0.36729269857706426,0.37141958436620404,812504000
2010-01-28,0.36889752745628357,0.3860928865036325,0.36362428693043203,0.38471724903383825,687764000
2010-01-29,0.3528485596179962,0.3771513066231898,0.347346036938626,0.3730244214464797,774700000
2010-02-01,0.37990251183509827,0.38059033050955005,0.3512436008289006,0.35422413019734683,949832000
2010-02-02,0.38380029797554016,0.388615003323627,0.377380699955184,0.37852705576841617,849812000
2010-02-03,0.38700997829437256,0.3886148978623818,0.3785269530448098,0.3803611273144839,562296000
2010-02-04,0.3645414113998413,0.38357091853637537,0.36041452605328533,0.38357091853637537,783480000
2010-02-05,0.3718780279159546,0.3727951286009685,0.3576631996140137,0.36408282241530826,604856000
2010-02-08,0.37119027972221375,0.3801318696099082,0.3638536095052431,0.3707317429582667,445160000
2010-02-09,0.36820971965789795,0.3789854830517168,0.36454139851494033,0.37715130881460274,930144000
2010-02-10,0.37531712651252747,0.37875619288399,0.36798045705299487,0.370502449991242,535828000
2010-02-11,0.3925125300884247,0.3966394156671229,0.3785269809970789,0.38127822893912,695980000
2010-02-12,0.39778566360473633,0.4058101505406704,0.3854050102191072,0.3897611766688023,780212000
2010-02-16,0.4051222503185272,0.4067271692475025,0.3982441200443823,0.40305882216878786,457024000
2010-02-17,0.40901997685432434,0.4103955868383597,0.3973271416680568,0.4101663321733205,876560000
2010-02-18,0.3821953237056732,0.38861492035546413,0.37164884154306876,0.386551463933421,1515508000
2010-02-19,0.3801318109035492,0.3847172324974069,0.37829763679975237,0.38059034759668126,510548000
2010-02-22,0.3808196187019348,0.38746849622136104,0.3782976259650373,0.3817366920619333,458084000
2010-02-23,0.3716488778591156,0.3835709714701223,0.3677512466803751,0.3819660789836691,489764000
2010-02-24,0.3794440031051636,0.3831123514182022,0.3737122259480841,0.3748585813795,445868000
2010-02-25,0.3760048747062683,0.3769219752986853,0.36133151120897966,0.3707316351264812,576972000
2010-02-26,0.3714195489883423,0.3769220719601692,0.36912683791623235,0.3741707968086198,393396000
2010-03-01,0.3863220512866974,0.38815622504247066,0.3686681869663145,0.3716487159030381,555868000
2010-03-02,0.3860929310321808,0.3945759568575498,0.3833416831065574,0.38976127982052716,538648000
2010-03-03,0.3812781274318695,0.3904489696846455,0.37806834357590424,0.38838554111027723,399300000
2010-03-04,0.38196608424186707,0.38586368814298716,0.3771513793849521,0.38288315786638627,557396000
2010-03-05,0.3936587870121002,0.39641003426459337,0.3792147047724285,0.3792147047724285,632832000
2010-03-08,0.3879269063472748,0.3950343182280366,0.38632198749395125,0.39388796323638203,439312000
2010-03-09,0.4023711681365967,0.4062687714187638,0.3915954044377086,0.3918246864730655,830832000
2010-03-10,0.4032883048057556,0.407644472841194,0.40099559341803304,0.4012248754893155,418520000
2010-03-11,0.39411741495132446,0.4014541124323242,0.392512522626583,0.40007847482181863,540660000
2010-03-12,0.39549288153648376,0.399619765252115,0.39342942601303776,0.39847341018284305,520352000
2010-03-15,0.3934295177459717,0.39893203976021435,0.3897611970677437,0.39503443708216773,358904000
2010-03-16,0.40718579292297363,0.40947850350491477,0.3929709654499259,0.39320024744062637,664988000
2010-03-17,0.41498103737831116,0.42048355969628404,0.40947854239160686,0.40947854239160686,651168000
2010-03-18,0.40030771493911743,0.41566887243489775,0.39663936658284016,0.41566887243489775,740964000
2010-03-19,0.39549288153648376,0.4074149687906602,0.3904488973666784,0.4062686137213882,584612000
2010-03-22,0.4019125699996948,0.4035174620082103,0.3904489892772211,0.3904489892772211,435336000
2010-03-23,0.41016650199890137,0.41222993149493137,0.4021419841121854,0.40489325988192937,493612000
2010-03-24,0.3964099884033203,0.40787356740312425,0.39572216983695524,0.4067272122362702,436252000
2010-03-25,0.3975563049316406,0.40466371720787114,0.39663923181979305,0.4021417251533996,495184000
2010-03-26,0.3975563049316406,0.40512225376379496,0.39434652170891354,0.4009953700979598,344676000
2010-03-29,0.4026004374027252,0.40351751085252324,0.3945759217262753,0.4000784444188749,394456000
2010-03-30,0.4042053818702698,0.4092493411588964,0.3973272481136133,0.40718591196440906,324104000
2010-03-31,0.3989320993423462,0.40443462217841303,0.3968686430295944,0.4026004478997241,389840000
2010-04-01,0.3948051929473877,0.4053516739877294,0.39067830787372054,0.4007662522017147,339664000
2010-04-05,0.4007662236690521,0.4014540423542388,0.3968685935634167,0.39732715757438636,413636000
2010-04-06,0.3909076452255249,0.39663942326933277,0.38402948424168193,0.39572232238355937,809260000
2010-04-07,0.3934295177459717,0.4000783950967732,0.3851757483902412,0.38838555973136624,817468000
2010-04-08,0.38700997829437256,0.39388813863846817,0.3849465493230336,0.39090760886665665,1037600000
2010-04-09,0.3895318806171417,0.39090751783185573,0.38402935908955027,0.38609281491162134,817572000
2010-04-12,0.3966393768787384,0.3982442690770431,0.38930267997573914,0.3899904987268041,546460000
2010-04-13,0.40489310026168823,0.40626871027297806,0.3966393308688802,0.39824422288101863,648696000
2010-04-14,0.4099370837211609,0.41566886078515897,0.4035174879432293,0.41360543197462724,900720000
2010-04-15,0.4129176437854767,0.41543963681258084,0.4071858662977591,0.41131275155517,957596000
2010-04-16,0.3911367654800415,0.39778564212381284,0.3824244603823925,0.39618075028954536,1917736000
2010-04-19,0.3893026113510132,0.39044896662362305,0.37623416670951393,0.3881562560784033,1094492000
2010-04-20,0.3906782865524292,0.39618080879410816,0.3856343283293413,0.39205392394566596,678188000
2010-04-21,0.3805903494358063,0.3932002862111185,0.3760049278197905,0.3927417495157707,895908000
2010-04-22,0.3821953237056732,0.38334167927416185,0.3691268483598847,0.3744000894411869,656932000
2010-04-23,0.376922070980072,0.38196602985934386,0.370273192489479,0.38104892903412146,752916000
2010-04-26,0.3805903494358063,0.3851757710518221,0.3766927465284466,0.3773805652371027,491092000
2010-04-27,0.3698146343231201,0.3817367257103183,0.36866827885644204,0.3778391225898668,606704000
2010-04-28,0.37050244212150574,0.3757756825786615,0.3629364634674711,0.3695853413765003,672164000
2010-04-29,0.38173678517341614,0.38219534929653404,0.36614634293181847,0.37164886642776296,987128000
2010-04-30,0.36018526554107666,0.3778391635046078,0.35995601082167805,0.3771513446838657,1068048000
2010-05-03,0.35628753900527954,0.36408277073059253,0.35078501767012965,0.36201931498068746,1078972000
2010-05-04,0.33817511796951294,0.3514728439914755,0.33313113313509435,0.35078502539303075,1311376000
2010-05-05,0.33244335651397705,0.3409263800518172,0.32831647207275966,0.33129700124315364,1330840000
2010-05-06,0.3255651891231537,0.33702876886565936,0.29896973659656895,0.33015063741891487,1002888000
2010-05-07,0.3200627565383911,0.32854578149018204,0.30859917458814135,0.32854578149018204,1153712000
2010-05-10,0.3338189423084259,0.34344834775224503,0.33015062210573326,0.3393214636093602,979156000
2010-05-11,0.33015069365501404,0.33679954425355735,0.3276287007624524,0.3306092303633154,829124000
2010-05-12,0.33657023310661316,0.3384043796321472,0.33037989292350867,0.33244334876163184,901236000
2010-05-13,0.3358824849128723,0.35055585151232277,0.33267267315770943,0.33519466615596094,1252000000
2010-05-14,0.2971356213092804,0.31410169862065146,0.2888818510138815,0.313184625179505,2493068000
2010-05-17,0.297823429107666,0.30149177739994226,0.2884233036907513,0.2975941470901728,856060000
2010-05-18,0.28796476125717163,0.3021795627771779,0.28635984182919183,0.3003453886675358,674112000
2010-05-19,0.29255008697509766,0.2930086235193943,0.28452560179049746,0.2865890299054622,826520000
2010-05-20,0.285672128200531,0.2925502624851681,0.2753548994422993,0.28406720833576143,1129136000
2010-05-21,0.2918623387813568,0.29988682589847027,0.27741825650429935,0.27741825650429935,1069600000
2010-05-24,0.28337934613227844,0.29438439210333184,0.28246227263365997,0.2909453254866046,664564000
2010-05-25,0.2909453213214874,0.29232093154972216,0.27168650481348544,0.27443777993249807,966652000
2010-05-26,0.29232099652290344,0.30837000473630566,0.2914039228335788,0.3026382258498326,995028000
2010-05-27,0.3095162808895111,0.3095162808895111,0.2989697995190069,0.2996576182746955,713560000
2010-05-28,0.3012625277042389,0.3090577618288421,0.2966771055125684,0.3090577618288421,545116000
2010-06-01,0.2884233593940735,0.30057473471136087,0.2881940773322989,0.2971356677723894,527492000
2010-06-02,0.2916330099105835,0.29209157382286377,0.28704758943787567,0.2888817630932112,649088000
2010-06-03,0.29117462038993835,0.2918624392744861,0.28475502301961936,0.2856721239761082,586360000
2010-06-04,0.277418315410614,0.28773551532334557,0.27581339578139363,0.2826915563878201,671456000
2010-06-07,0.2636620104312897,0.28039883349389233,0.2625156549336816,0.27856465923146523,577248000
2010-06-08,0.2563253343105316,0.2625156483767434,0.24967645619171355,0.2625156483767434,967636000
2010-06-09,0.25013503432273865,0.26457914842056346,0.2492179607282457,0.2577009871367672,697152000
2010-06-10,0.2602229714393616,0.2613693270581188,0.2544911933455753,0.2551790121830844,611768000
2010-06-11,0.2661839723587036,0.26733032772237625,0.2567838474440809,0.257471666128538,442104000
2010-06-14,0.2604522109031677,0.2705401277660177,0.25976439217813946,0.2700815910597553,375080000
2010-06-15,0.27329131960868835,0.2746669293094065,0.26297409653136616,0.2634326604295333,528632000
2010-06-16,0.2698523700237274,0.2739792555572637,0.26618402125363455,0.27145726236141576,366480000
2010-06-17,0.28016945719718933,0.2808572757305877,0.26962297923511186,0.279252384040166,859068000
2010-06-18,0.28200361132621765,0.2854426764239447,0.27971090126106624,0.28177432938719854,932832000
2010-06-21,0.27535486221313477,0.28865259216511124,0.2728328963818475,0.2879648006946608,579836000
2010-06-22,0.26503756642341614,0.28223289359747855,0.2636619293169861,0.27879382816266607,818164000
2010-06-23,0.26801827549934387,0.2707695242310591,0.259993756757313,0.2675597385992715,614060000
2010-06-24,0.25472044944763184,0.2677889254371344,0.2538033758801777,0.2664132877546792,725028000
2010-06-25,0.25403258204460144,0.2567838292562936,0.24990569756143022,0.2565545472672919,507220000
2010-06-28,0.25449109077453613,0.25815943820856446,0.24990567014763215,0.25586672789511244,372008000
2010-06-29,0.2402763068675995,0.249217895048132,0.23867141483456059,0.24898861304429745,660808000
2010-06-30,0.23408596217632294,0.24325680380585107,0.23408596217632294,0.24073481142522526,623072000
2010-07-01,0.2379836142063141,0.23958850636109033,0.22766640154834245,0.23477382989676163,737008000
2010-07-02,0.2350030541419983,0.23935922066207066,0.22697856707642225,0.23890068401029096,737096000
2010-07-06,0.23248115181922913,0.24165199666223808,0.230417695330788,0.234086044200501,712020000
2010-07-07,0.24371536076068878,0.24509099805242934,0.23293962641294166,0.23339816306643313,608412000
2010-07-08,0.2363787591457367,0.24554960413363333,0.2333982290584155,0.24532034940770028,783272000
2010-07-09,0.2372957319021225,0.23890065095820887,0.2343152030810137,0.2375250138619241,571516000
2010-07-12,0.24165186285972595,0.24463239124964153,0.23706644297716611,0.23729569757253907,565396000
2010-07-13,0.2503642737865448,0.2519691659694662,0.24417395974883643,0.24554956990651045,723316000
2010-07-14,0.25288623571395874,0.26320343362146886,0.24921788774767065,0.26136925963832486,1355664000
2010-07-15,0.24577876925468445,0.2533447182362411,0.2427982405854335,0.25311543628812144,953088000
2010-07-16,0.23041768372058868,0.24646668871845664,0.22950061021500634,0.24577886992363382,1288604000
2010-07-19,0.23981773853302002,0.24073481176476072,0.23202250673816824,0.23362742589061042,798440000
2010-07-20,0.24577876925468445,0.24715437894961959,0.23156394442152786,0.23362739996082202,1160988000
2010-07-21,0.23775433003902435,0.248300810957391,0.2354616191725333,0.24807155626950356,624940000
2010-07-22,0.24165186285972595,0.24417385472763722,0.23890061639644172,0.24027622596245465,462612000
2010-07-23,0.2375250607728958,0.2416519455455436,0.2352323500471212,0.24142266354045905,817604000
2010-07-26,0.24188129603862762,0.2427983970910001,0.23316898636312153,0.23683733591005418,683548000
2010-07-27,0.23981773853302002,0.2430275221753764,0.2368372095329668,0.24256898555950607,683472000
2010-07-28,0.23225180804729462,0.2400470404911195,0.23156398940059444,0.2359201559421847,1320808000
2010-07-29,0.20932471752166748,0.22010046775239184,0.20794909361249558,0.2155150456113949,2664476000
2010-07-30,0.21070033311843872,0.21436866771546711,0.20451000567442099,0.20771980357143374,984288000
2010-08-02,0.2104710191488266,0.21528572209618888,0.20955393222239413,0.2143686351697564,917020000
2010-08-03,0.20496854186058044,0.20909542681291285,0.20336364974891477,0.2088661584634798,955444000
2010-08-04,0.21368087828159332,0.21436869709150658,0.20588565765366748,0.20680274484500635,855496000
2010-08-05,0.2164320945739746,0.21689063124089145,0.2104710359102549,0.21436865224158191,800504000
2010-08-06,0.21895407140254974,0.22124678204567066,0.21368083145711825,0.21551500543786833,739904000
2010-08-09,0.22101753950119019,0.22147608988269468,0.21574429894051567,0.22124680785912493,466456000
2010-08-10,0.21184664964675903,0.21780769398090316,0.21092956274943717,0.21734915736505822,772560000
2010-08-11,0.20359289646148682,0.2074904989845335,0.20290507782065126,0.2074904989845335,796148000
2010-08-12,0.20542705059051514,0.21001247131237152,0.19831963753913237,0.19992452932552943,1343584000
2010-08-13,0.21528570353984833,0.21826623237744192,0.21161735615030813,0.21207590640681628,1797392000
2010-08-16,0.20978324115276337,0.21666137348614864,0.20703198002002873,0.21230522027521112,814008000
2010-08-17,0.21253442764282227,0.2164320430462118,0.20978318096506635,0.21184662280619843,481224000
2010-08-18,0.21368087828159332,0.21551505266427107,0.21047107994472544,0.21184671756455195,352920000
2010-08-19,0.22652001678943634,0.22720783543283132,0.21482718184551994,0.2159735371407562,1615100000
2010-08-20,0.22858352959156036,0.23408605310545336,0.22468592585126612,0.22491519424793566,1305308000
2010-08-23,0.2251444160938263,0.2350030781029792,0.2244565973803935,0.22927130104315413,748620000
2010-08-24,0.2228516936302185,0.22514440433439886,0.21734918520705887,0.21780772188164144,641332000
2010-08-25,0.2274370938539505,0.22927126771270417,0.21918332515519148,0.22032969406613687,757532000
2010-08-26,0.2246859073638916,0.2329396782899655,0.2246859073638916,0.23041768513720062,657596000
2010-08-27,0.2320225089788437,0.23385668279130195,0.22032968850491072,0.2260614645868026,1060416000
2010-08-30,0.22101753950119019,0.23110548390666966,0.22101753950119019,0.22927130971192158,602804000
2010-08-31,0.21391017735004425,0.2246859287908669,0.21322235848539947,0.21780778114133145,931488000
2010-09-01,0.21551506221294403,0.21987121631558143,0.21436870658938878,0.21711996828530358,851440000
2010-09-02,0.219412699341774,0.22010050457862246,0.21413945753107794,0.2162029005728998,596292000
2010-09-03,0.2269785851240158,0.2276663901563743,0.221934613225216,0.22468587435155246,566484000
2010-09-07,0.22904199361801147,0.23431521941402733,0.22583219627899237,0.2262907328992956,899820000
2010-09-08,0.2366078943014145,0.23821281322826668,0.226978517396602,0.2295005094262896,1224156000
2010-09-09,0.23339813947677612,0.23981773397062373,0.23041761053342577,0.23958845200141854,697748000
2010-09-10,0.23087619245052338,0.23569089609862093,0.22881276364777806,0.23500307738728288,609292000
2010-09-13,0.24394463002681732,0.24692515911592106,0.23500304275950612,0.23500304275950612,1015792000
2010-09-14,0.24165186285972595,0.2448616458450145,0.239588407513819,0.2418811174550989,698536000
2010-09-15,0.24211055040359497,0.24233983247324611,0.23614948990541915,0.23935930222415822,555572000
2010-09-16,0.24233977496623993,0.24440320377834884,0.23890070872521238,0.23890070872521238,365280000
2010-09-17,0.24188129603862762,0.24486182662910058,0.2411935044134465,0.2446325718644664,416884000
2010-09-20,0.24554955959320068,0.24646666032440107,0.2395885004998396,0.2418812113309371,443168000
2010-09-21,0.25884732604026794,0.26297421161090145,0.24417398549054112,0.24417398549054112,1779624000
2010-09-22,0.26114001870155334,0.26343272946820284,0.25632531515908213,0.2579302072294831,999996000
2010-09-23,0.26641321182250977,0.2746669809022324,0.26182779062961187,0.2641205012260608,1240872000
2010-09-24,0.28108668327331543,0.2820037842605294,0.27031094482530665,0.272374374216804,1086976000
2010-09-27,0.27512550354003906,0.2833792440481044,0.271457156204502,0.28314998942167213,999504000
2010-09-28,0.27443769574165344,0.27833529785620253,0.26962299309168725,0.2753547689458074,723192000
2010-09-29,0.2723744213581085,0.28039894022715184,0.2693938904635407,0.2719158844507784,974904000
2010-09-30,0.26778891682624817,0.2790232179883239,0.2654962056500621,0.2758134059428995,787632000
2010-10-01,0.2602229714393616,0.2721450917394561,0.25815954225810805,0.2716865276269341,999120000
2010-10-04,0.25770092010498047,0.2620570868739061,0.2524276799801061,0.25770092010498047,749500000
2010-10-05,0.2595351040363312,0.26366198895786847,0.25884728532753015,0.26320345226242403,753588000
2010-10-06,0.24715451896190643,0.2606815329449774,0.24463255276020862,0.259535177217494,1057604000
2010-10-07,0.24532029032707214,0.24853007436731223,0.23798359423863646,0.24830079236532335,761488000
2010-10-08,0.248988538980484,0.2510519944073991,0.2409640538709751,0.24440311891790747,706932000
2010-10-11,0.24784226715564728,0.25219843407604287,0.24669591175521716,0.2501349779565075,442680000
2010-10-12,0.2526569962501526,0.25380335176619145,0.24371540682628667,0.24577886315391945,605208000
2010-10-13,0.25999361276626587,0.26366196059778285,0.25403258170413306,0.25678382891213786,968732000
2010-10-14,0.2558667063713074,0.2606813812257828,0.2547203239797536,0.2602228446679176,599172000
2010-10-15,0.25884732604026794,0.26297421161090145,0.2558668233854572,0.2599936816248176,639940000
2010-10-18,0.2604522109031677,0.2615985663344584,0.2544911517279486,0.2590765734531112,448156000
2010-10-19,0.25884732604026794,0.26068150044180205,0.2526570113499542,0.25472044046963443,866136000
2010-10-20,0.25884732604026794,0.26595474159698523,0.2544911857514883,0.2590766080896871,763532000
2010-10-21,0.25426191091537476,0.2595351522201576,0.250364307283587,0.2590766154395838,1014428000
2010-10-22,0.27054011821746826,0.2726035743197246,0.25311550534433375,0.25586678014734227,1322676000
2010-10-25,0.2730621099472046,0.2751255660414312,0.27008158047638947,0.2726035732589103,673136000
2010-10-26,0.2721450626850128,0.27627194793820387,0.2675596406995274,0.2698523516922701,675248000
2010-10-27,0.2760425806045532,0.27695965378575066,0.26893516779085436,0.2696229863423837,496796000
2010-10-28,0.2762719392776489,0.28062807909479565,0.27374994633218286,0.27971100565895535,704448000
2010-10-29,0.27558407187461853,0.27856460101172587,0.27283282472162146,0.27581332652746354,554664000
2010-11-01,0.2760425806045532,0.28177435631519343,0.27374987032029713,0.2774182177076119,473920000
2010-11-02,0.2817744016647339,0.28635982297123624,0.27558408836720905,0.2771889803582315,581036000
2010-11-03,0.2838379144668579,0.2856720888228564,0.27627196233040957,0.283608632423131,671748000
2010-11-04,0.2842964231967926,0.2895696637012193,0.28383788648581415,0.28658913408295467,700016000
2010-11-05,0.2891112267971039,0.2916331932437526,0.2849843403110761,0.2863599509188993,735116000
2010-11-08,0.29025742411613464,0.2927793891854495,0.286589076502795,0.28888178692831623,605156000
2010-11-09,0.28865253925323486,0.2925501693047795,0.28704764723091686,0.2902574586068203,633964000
2010-11-10,0.29209163784980774,0.29209163784980774,0.2865891156776398,0.2907160004739488,521016000
2010-11-11,0.2891112267971039,0.2939259049214037,0.2813159906943227,0.28521359508007377,1089980000
2010-11-12,0.30401375889778137,0.3136431668377661,0.2987405181999971,0.3001161557146436,2142560000
2010-11-15,0.30034545063972473,0.30974557780918577,0.2996576591215526,0.3053894373148156,733548000
2010-11-16,0.29140380024909973,0.29942828731451093,0.2909452635973294,0.2953014027860462,739356000
2010-11-17,0.29621854424476624,0.29965761060390383,0.28842331076529243,0.2911745583863485,551764000
2010-11-18,0.3053893744945526,0.30836990400819303,0.30011613417523014,0.30011613417523014,993120000
2010-11-19,0.3152479827404022,0.31639433794802585,0.30424296728096256,0.30470150389775924,716484000
2010-11-22,0.31547731161117554,0.31731145835101404,0.31043332608281526,0.31318460085510924,462668000
2010-11-23,0.30814051628112793,0.3150186463384891,0.3058478062620075,0.31180886324422424,457832000
2010-11-24,0.31570661067962646,0.316852966218849,0.31112118852273624,0.31135047056308957,397784000
2010-11-26,0.31180888414382935,0.31731137762603,0.31180888414382935,0.3154772313528039,143104000
2010-11-29,0.3152479827404022,0.31639433794802585,0.30905767008548746,0.3104332799358774,468192000
2010-11-30,0.3120381534099579,0.3136430724712601,0.306306377708914,0.3104332616799181,720936000
2010-12-01,0.325794517993927,0.3278579467924238,0.31777003015113237,0.318228566847324,626536000
2010-12-02,0.3296920955181122,0.3317555514889663,0.3255652109076706,0.3257944929037433,529316000
2010-12-03,0.3390922546386719,0.3390922546386719,0.3273994182718211,0.32808723699891873,606044000
2010-12-06,0.33267271518707275,0.34092648665023695,0.33129710483072816,0.3402386678064276,438424000
2010-12-07,0.3434484004974365,0.3514728880454732,0.33978005240011266,0.34046787108476934,1026812000
2010-12-08,0.34642893075942993,0.3500972515344795,0.3404678719194811,0.3429898646589828,613252000
2010-12-09,0.34069710969924927,0.3429898476504539,0.33336044118170044,0.33817514441607716,942408000
2010-12-10,0.34276044368743896,0.3459702264806707,0.3397799154758627,0.34069698846499846,451900000
2010-12-13,0.3340483009815216,0.34482403675631723,0.3331312002218193,0.3441362453506278,609108000
2010-12-14,0.3345068395137787,0.34665821282853543,0.3340483027970703,0.34046789882479744,755160000
2010-12-15,0.32717016339302063,0.3393215364604337,0.32671159935437644,0.335194651431522,624176000
2010-12-16,0.3276287615299225,0.33244346618827547,0.3267116606119495,0.3306092916836041,631872000
2010-12-17,0.32946282625198364,0.3312970001454771,0.32396030457150327,0.32785790701313594,593156000
2010-12-20,0.3280872702598572,0.33221415570955004,0.3278579882171572,0.3306092634044673,344088000
2010-12-21,0.3409265875816345,0.3409265875816345,0.3310679207851039,0.33129720291134407,466952000
2010-12-22,0.3445947766304016,0.3450533133373865,0.3370288253057085,0.34023860958587193,477988000
2010-12-23,0.3420727252960205,0.34459471775041517,0.340697088078848,0.34459471775041517,273784000
2010-12-27,0.34390702843666077,0.34642902183922075,0.3349654378259004,0.3411557802992249,255500000
2010-12-28,0.34253138303756714,0.34619973202624593,0.3404679538134818,0.3439070207411403,194260000
2010-12-29,0.34253138303756714,0.3450533763836931,0.339321598170929,0.3423021283078212,177660000
2010-12-30,0.3436775505542755,0.34574100598011925,0.34092630398441,0.34207265899945893,174488000
2010-12-31,0.35307788848876953,0.3535364526401716,0.34344850594102144,0.3439070427611473,391252000
2011-01-03,0.362707257270813,0.36614632402900377,0.3553705596549876,0.3558291237544315,817448000
2011-01-04,0.3615608513355255,0.36499991761480843,0.353536363350532,0.3633950254840636,651384000
2011-01-05,0.3893026113510132,0.3897611753250696,0.36454133199638716,0.36820965246997933,1428216000
2011-01-06,0.44318151473999023,0.4434107968050944,0.3982443344877398,0.3993906901507109,3493312000
2011-01-07,0.4555620849132538,0.4569377223774552,0.4282788089692358,0.4381374712459605,2579984000
2011-01-10,0.47298678755760193,0.473903861152074,0.4438693319609046,0.447308398937087,1750348000
2011-01-11,0.46564990282058716,0.48399164067047573,0.4555619880000442,0.4794062198736355,2711088000
2011-01-12,0.5353484749794006,0.5358069843280765,0.46427438765628826,0.4658792797017251,3431896000
2011-01-13,0.5362654328346252,0.5465826562331347,0.5131090211754809,0.5296165567480864,2695192000
2011-01-14,0.5408509969711304,0.5497925856699222,0.5238849476420422,0.5270947318941607,1595352000
2011-01-18,0.5282408595085144,0.5371824448138044,0.5151724181113693,0.5335140979196457,1813348000
2011-01-19,0.5137969851493835,0.5410802610932813,0.5126506570375803,0.5284703785507486,1197896000
2011-01-20,0.5142555832862854,0.5172361131021354,0.4995821889120882,0.5087530877272329,1111408000
2011-01-21,0.5094408988952637,0.527094824715859,0.5085238253278095,0.5197581268511298,739244000
2011-01-24,0.5669879913330078,0.5743246885137234,0.5268655208690102,0.532826525832981,2056900000
2011-01-25,0.5495631694793701,0.5704268156493061,0.5458948222710516,0.5644657582686037,1086856000
2011-01-26,0.5626318454742432,0.5731783275762469,0.551397544568844,0.555295148013055,1074660000
2011-01-27,0.5610270500183105,0.5720320434476218,0.5502513113421982,0.5706564602658737,657396000
2011-01-28,0.544748842716217,0.5718028755553521,0.5319096453232853,0.5624027732955997,1094796000
2011-01-31,0.5484167337417603,0.5559826820412751,0.5367239293981997,0.5456655145999021,750160000
2011-02-01,0.5610270500183105,0.5651539088886637,0.5495634924200469,0.5532318417840021,654104000
2011-02-02,0.5864759087562561,0.6000029167229091,0.5578170009845377,0.5578170009845377,1606616000
2011-02-03,0.5754709243774414,0.5873930417177974,0.5628609883703315,0.5873930417177974,1030776000
2011-02-04,0.5885396003723145,0.5931250235060348,0.5812029561558951,0.5834956677227553,872900000
2011-02-07,0.5640072226524353,0.5830367216594436,0.5619437671950431,0.5805147569865331,934236000
2011-02-08,0.5472705364227295,0.5683634948458725,0.5447485166139645,0.564695147120648,1076584000
2011-02-09,0.5339729189872742,0.5548366280827127,0.5241142558752914,0.5493340777597129,1277520000
2011-02-10,0.5231969952583313,0.5321385816727737,0.518153010820371,0.522050612796853,1042352000
2011-02-11,0.5380997657775879,0.5550658711466467,0.512879944422281,0.5213629697755391,1359276000
2011-02-14,0.5298459529876709,0.5617146469129531,0.5277824970368341,0.5445192899810452,1287828000
2011-02-15,0.5170068740844727,0.5325972877519339,0.5147141083142105,0.5307631407307777,886980000
2011-02-16,0.5360365509986877,0.5436025055093653,0.5220509705618732,0.5238851728247246,1318364000
2011-02-17,0.5887687802314758,0.5963347322034471,0.5183824467588527,0.5209044671912054,3470096000
2011-02-18,0.5876222252845764,0.5949589204005346,0.5784513837208924,0.5855587695339892,1394412000
2011-02-22,0.5321387648582458,0.5699685245092978,0.530304563220973,0.5683636322407736,1396648000
2011-02-23,0.5069190263748169,0.5371828423180827,0.49935307238900045,0.5321389094359104,1491604000
2011-02-24,0.5192997455596924,0.5282412833772896,0.5057727294480514,0.5094410246231881,1246120000
2011-02-25,0.5300751328468323,0.5387874100833472,0.5259482215275423,0.5332849163201523,775652000
2011-02-28,0.5195289254188538,0.5390170003734693,0.5076068038313192,0.538787690961172,903696000
2011-03-01,0.4963722825050354,0.5270946466022893,0.4963722825050354,0.5204457698255478,988448000
2011-03-02,0.475737988948822,0.5050847220415778,0.4642744341459974,0.4956845688394828,1718140000
2011-03-03,0.4784889817237854,0.4894940218977755,0.4640449040759025,0.4867427481886492,1593704000
2011-03-04,0.4759672284126282,0.4837624344965526,0.47069398790584654,0.4789477580322239,959760000
2011-03-07,0.4693182408809662,0.48101110193975055,0.45739615251700666,0.47940621015962853,1019140000
2011-03-08,0.4482254087924957,0.47688429443777625,0.4383667193329961,0.4743623288997531,1947184000
2011-03-09,0.438825398683548,0.45120605693447907,0.43492776734654887,0.4468498887729143,1318976000
2011-03-10,0.4108541011810303,0.43194703103531695,0.41039553724383393,0.42873724746252284,1722736000
2011-03-11,0.41383469104766846,0.4252982726285194,0.40489312966550245,0.4142932550826671,1486832000
2011-03-14,0.4172738194465637,0.42759101913144676,0.4103956589920369,0.4170445374099466,1003360000
2011-03-15,0.40489310026168823,0.4117712323119392,0.3899904534882106,0.39686858553846155,1256280000
2011-03-16,0.4019125699996948,0.4207128194262873,0.3966393299734864,0.401224751329969,1476520000
2011-03-17,0.4094785749912262,0.4133761781947121,0.3943466715761976,0.41268835943379795,1238516000
2011-03-18,0.40397605299949646,0.41727380951894066,0.40351751626844307,0.4158981719945096,886960000
2011-03-21,0.40718579292297363,0.41681517190087314,0.4030589084092264,0.41268828738712593,751832000
2011-03-22,0.40007835626602173,0.4099370166698206,0.39824418243929516,0.4060394143700669,718332000
2011-03-23,0.4083321988582611,0.40947855429141095,0.3906783033227377,0.3993906100809305,782396000
2011-03-24,0.4408886432647705,0.44593262821467583,0.41612736447267734,0.41704443773742467,1780592000
2011-03-25,0.42713239789009094,0.4459326465727621,0.4264445792475819,0.44478629127900243,1196392000
2011-03-28,0.4429521858692169,0.4502888554180377,0.4333227780469149,0.43722038118241935,1204284000
2011-03-29,0.43951311707496643,0.4445570756542522,0.43355205772500227,0.44295218346965265,715764000
2011-03-30,0.4230055809020996,0.44478636229225305,0.41750305821477746,0.4429521880631456,1176320000
2011-03-31,0.4232349693775177,0.42827895693471657,0.4154397606039398,0.4236935335781933,655112000
2011-04-01,0.4172738194465637,0.429195911393952,0.41154201451257943,0.4287373746519893,850072000
2011-04-04,0.4023711681365967,0.41842017266725023,0.3993906383333143,0.41727381715300865,924328000
2011-04-05,0.4030590355396271,0.41154206190222,0.40214193461882464,0.4083322770075982,821076000
2011-04-06,0.40030771493911743,0.4064980288754743,0.39686862127306394,0.40603949216375707,856984000
2011-04-07,0.41498103737831116,0.4175030301904573,0.3996198804867655,0.40122477258028183,1021208000
2011-04-08,0.4023711681365967,0.4181908906318934,0.4012248126223551,0.4181908906318934,746552000
2011-04-11,0.3970978260040283,0.4060394131328508,0.39274168709368246,0.4039759573348467,546208000
2011-04-12,0.3982442319393158,0.4009954793557415,0.38586357756849854,0.3932002737873241,840756000
2011-04-13,0.40718579292297363,0.40970775816434923,0.3973271319543736,0.40237108976839087,749588000
2011-04-14,0.4243810772895813,0.42461035925597057,0.4012246919347861,0.4035174022736267,1254704000
2011-04-15,0.42896661162376404,0.4342398519305369,0.4191079223852712,0.4211713785042355,969720000
2011-04-18,0.4147517681121826,0.42162990026932484,0.40810289062818456,0.41887865287272147,743584000
2011-04-19,0.41314688324928284,0.4165859493875724,0.4019125841321095,0.41498102999135605,659860000
2011-04-20,0.42575690150260925,0.434469210084637,0.4188787674638413,0.4282788949160009,650516000
2011-04-21,0.4246104657649994,0.4330935180116037,0.42369339233193026,0.43034224304985635,421300000
2011-04-25,0.4312593638896942,0.43836675165500993,0.42621537777920215,0.42644465981377766,619612000
2011-04-26,0.4424935281276703,0.4468496943943126,0.4305714392186628,0.4349275781540406,676000000
2011-04-27,0.4424935281276703,0.4447862659157157,0.43332268630054693,0.4447862659157157,450004000
2011-04-28,0.4473083019256592,0.4562498905232624,0.4374496399324771,0.44249359827069823,684000000
2011-04-29,0.45854252576828003,0.4686304407820714,0.44960093864439443,0.4502887572433494,836000000
2011-05-02,0.4523523449897766,0.46840132276758784,0.45005963387866077,0.46817206805523964,613824000
2011-05-03,0.43080076575279236,0.44845466108090093,0.42529827067082937,0.4470790509760447,808000000
2011-05-04,0.4275909662246704,0.4369910912625297,0.4195664785737601,0.43217638773947625,639356000
2011-05-05,0.4278203547000885,0.4328643141553587,0.41842022732291795,0.42415200564283295,544000000
2011-05-06,0.4429521858692169,0.4470790710314506,0.4333227780469149,0.43676184446023125,841080000
2011-05-09,0.45281079411506653,0.4551035047824832,0.44318138744690283,0.44432774278061116,706328000
2011-05-10,0.45349857211112976,0.45693763780383434,0.4489131238562591,0.45647910117772666,690976000
2011-05-11,0.4555620849132538,0.4603767613754195,0.4493717709868865,0.4557913669343772,616000000
2011-05-12,0.4700061082839966,0.47046467226704236,0.4528107788577622,0.4539571341528445,1224000000
2011-05-13,0.41864943504333496,0.4413472910400329,0.4154396504771458,0.4402009355047837,2025192000
2011-05-16,0.40581026673316956,0.41842020571712313,0.40558101201097585,0.41750310483452774,728188000
2011-05-17,0.4042053818702698,0.4046639186544587,0.39251254355144416,0.40443466392800126,1420364000
2011-05-18,0.41360536217689514,0.41704442783493645,0.4044345204221183,0.40581013028657625,658844000
2011-05-19,0.4076443016529083,0.41704442532754404,0.40145398897190476,0.41681514335254743,650884000
2011-05-20,0.4147517681121826,0.41566884146729455,0.4048931065540253,0.4067272805955167,575820000
2011-05-23,0.41429322957992554,0.41727375896759755,0.4035174673836294,0.4087907074800848,588000000
2011-05-24,0.4158981144428253,0.43263490779477987,0.41521029577578966,0.41635665111042675,720372000
2011-05-25,0.4209420382976532,0.423693312742583,0.40970774053089615,0.413834624867026,545312000
2011-05-26,0.431488573551178,0.4351569217338312,0.4197957376338307,0.4209420930245013,706436000
2011-05-27,0.44707900285720825,0.4477667941699753,0.4328641753180769,0.43332271197034367,658824000
2011-05-31,0.45945969223976135,0.4596890015942937,0.4447863533639835,0.45579137118645185,1200716000
2011-06-01,0.438825398683548,0.4580841912967931,0.4379082977031402,0.4573963723943064,762208000
2011-06-02,0.4367618262767792,0.4427228854108623,0.4314885858629778,0.43951310115790626,607592000
2011-06-03,0.4232349693775177,0.435615628838898,0.4211715397995939,0.43171802445210905,549300000
2011-06-06,0.41429322957992554,0.42644460180273125,0.41383466557315485,0.4225469990640529,435988000
2011-06-07,0.4140639901161194,0.41979576747694203,0.41222981589440205,0.41750305653261294,433956000
2011-06-08,0.402829647064209,0.4145224825638922,0.3996198630174911,0.4120005171932617,569288000
2011-06-09,0.3982442319393158,0.4035174720973712,0.3838001488389962,0.40260039873565195,741632000
2011-06-10,0.3925125300884247,0.4014541200641496,0.3893027180466492,0.39893212684070267,493548000
2011-06-13,0.38976120948791504,0.39755641509241113,0.38700993472748774,0.39251245691707437,574760000
2011-06-14,0.3929709792137146,0.4016832851964921,0.39136608721639776,0.3932002612124457,534576000
2011-06-15,0.38448798656463623,0.3899904816699549,0.3764634712615368,0.3876977708208606,935916000
2011-06-16,0.37119027972221375,0.3906783518370536,0.36568778389230394,0.38471729191192394,1024908000
2011-06-17,0.3624778985977173,0.37577565338260055,0.3510143451603358,0.375546371381346,1467884000
2011-06-20,0.358121782541275,0.3668340891871954,0.3553705076721545,0.3592681379596522,745960000
2011-06-21,0.3659169375896454,0.36866821207632644,0.35605827689574565,0.3594973426728317,704276000
2011-06-22,0.36087313294410706,0.3682098042467466,0.36018531403076776,0.3633951265159254,651720000
2011-06-23,0.3716488778591156,0.3741708439574635,0.3530778775711339,0.3562876898753157,744024000
2011-06-24,0.36087313294410706,0.3730245093088446,0.3585804214538274,0.36981472415496386,529052000
2011-06-27,0.35330700874328613,0.3631656688512855,0.34069707431211405,0.360872958469484,1142152000
2011-06-28,0.35537049174308777,0.35949737653051667,0.35078507027511524,0.35330706301500725,692200000
2011-06-29,0.36087313294410706,0.36454148226106525,0.34528268934394996,0.3576633204589494,960544000
2011-06-30,0.3654584586620331,0.36935606169195023,0.35628761514163065,0.3617901103213643,652300000
2011-07-01,0.37027329206466675,0.3716489300068058,0.3581219146800357,0.36545858659845926,540804000
2011-07-05,0.3640827536582947,0.37325359478891507,0.36087294286382005,0.3698145293649324,535296000
2011-07-06,0.3592681288719177,0.3645413691293193,0.3549119619935128,0.3638535504294376,529580000
2011-07-07,0.36064377427101135,0.36293648527437755,0.35422417799533173,0.3611023383367014,986136000
2011-07-08,0.35376566648483276,0.35812183410059123,0.3507851365016871,0.3555998408845588,619516000
2011-07-11,0.34138497710227966,0.3484923919715547,0.34046790365585017,0.3471167818019104,714388000
2011-07-12,0.33679959177970886,0.34298993387474613,0.3310678137889509,0.3397801218011577,867604000
2011-07-13,0.3361116945743561,0.343677645224055,0.33290191058055263,0.3413849345624048,634368000
2011-07-14,0.3228139281272888,0.3395507193941459,0.3212090363249904,0.33748729098137137,1088996000
2011-07-15,0.3232724964618683,0.32671156237482507,0.316623646629325,0.32464813375955753,827736000
2011-07-18,0.3163944482803345,0.3225847630939209,0.312267562627519,0.320750615987135,818200000
2011-07-19,0.3260238468647003,0.3267116383422047,0.31731151172855426,0.31731151172855426,602224000
2011-07-20,0.32189691066741943,0.3290042976891469,0.3209798099563373,0.32717015092951945,662956000
2011-07-21,0.3370288908481598,0.33932160216022006,0.31754081736437256,0.3223555220522091,1143420000
2011-07-22,0.34390702843666077,0.3450533841048653,0.3356532566930781,0.34000942463102035,737192000
2011-07-25,0.33840441703796387,0.3400093364221046,0.3335897408793454,0.338633699044632,566920000
2011-07-26,0.33015069365501404,0.3370288262733428,0.3253359898896761,0.3287750561988405,698276000
2011-07-27,0.3177698850631714,0.3271700060338852,0.3168527847582506,0.325565087333088,652212000
2011-07-28,0.3170822262763977,0.32373107701042547,0.3115797036708474,0.3166236895587527,648176000
2011-07-29,0.3170822262763977,0.3200627559379953,0.31226752241294997,0.31387241459034254,677656000
2011-08-01,0.3340483009815216,0.33496537440995405,0.3216676457100644,0.3244188933266316,1019620000
2011-08-02,0.3306092321872711,0.35261926761985923,0.3306092321872711,0.33175558762998364,1356432000
2011-08-03,0.3395507335662842,0.34069708880595284,0.3280871811695973,0.3312969922394285,765236000
2011-08-04,0.30722349882125854,0.33336041416943357,0.30722349882125854,0.33336041416943357,979732000
2011-08-05,0.29690635204315186,0.318228597444485,0.28888186342881567,0.3143309941552046,1270588000
2011-08-08,0.2735205888748169,0.29255011706751866,0.27168641517770303,0.2824621753990236,1084180000
2011-08-09,0.2964476943016052,0.29690623085472323,0.2751254849346449,0.2787938046908493,1329832000
2011-08-10,0.2829207479953766,0.2959892201683859,0.2813158560553846,0.2877354511466185,1140052000
2011-08-11,0.3074527680873871,0.3115796525313882,0.282920743410206,0.282920743410206,1078792000
2011-08-12,0.2953013777732849,0.3406970764100018,0.29048667500934905,0.3402385397970707,3195784000
2011-08-15,0.3065357804298401,0.3072235992511854,0.29667711687395204,0.2982820092362424,864152000
2011-08-16,0.297823429107666,0.3072235545245807,0.2923209066692516,0.3030966695285872,716868000
2011-08-17,0.2936965525150299,0.30378449694179516,0.28979894942500994,0.29874051106277755,553328000
2011-08-18,0.2737499177455902,0.2831500424720522,0.2705401063927964,0.2803987951205627,802564000
2011-08-19,0.2689351439476013,0.2840670414146327,0.2671009704165581,0.2691644258882042,761332000
2011-08-22,0.2737499177455902,0.2797109764498735,0.27076938839344855,0.2765011650970797,611876000
2011-08-23,0.303325891494751,0.3035551734875113,0.27994022148384595,0.28039878546936664,938312000
2011-08-24,0.29896968603134155,0.30355510622029835,0.2911744553113589,0.3026380331150111,687500000
2011-08-25,0.28613048791885376,0.2982818564335195,0.28567195138327867,0.2930086179462579,690968000
2011-08-26,0.2982819974422455,0.3012625273293771,0.27994028136711385,0.2849842676366929,732660000
2011-08-29,0.3063064515590668,0.3074528069756606,0.2996576010753302,0.3067650155907195,601528000
2011-08-30,0.31364306807518005,0.3161650329495336,0.30217948950250556,0.304242945124717,684760000
2011-08-31,0.3051600456237793,0.3191455903234499,0.3026380805235411,0.3159358066208687,705808000
2011-09-01,0.304472416639328,0.3159360033779987,0.30424316184994915,0.3092871225229441,762312000
2011-09-02,0.29621854424476624,0.3017210394868784,0.2939258060074046,0.2975941543896593,471356000
2011-09-06,0.3021794855594635,0.30286730409122553,0.2838378038125382,0.2865890506083247,696248000
2011-09-07,0.32671159505844116,0.33565318372538844,0.317770033722763,0.32671159505844116,1606620000
2011-09-08,0.325106680393219,0.33129702109154846,0.31983344036525213,0.3235017883841683,880164000
2011-09-09,0.3182286024093628,0.33106779532512126,0.31547735459349224,0.3223554877988046,869828000
2011-09-12,0.325794517993927,0.3285457655023457,0.31387239990533133,0.31387239990533133,916480000
2011-09-13,0.33313119411468506,0.3347361135819244,0.32350181396759575,0.3285457723940455,853836000
2011-09-14,0.3503265678882599,0.35468273510802245,0.34161426078000523,0.34184354280835555,1547192000
2011-09-15,0.35537049174308777,0.3599559405423282,0.3521607076480141,0.3581217664888856,752908000
2011-09-16,0.3544534742832184,0.369126841693643,0.3526192999405063,0.3560583665838644,1391588000
2011-09-19,0.3471167981624603,0.3510144014903958,0.3381752086476147,0.3484924083969408,968204000
2011-09-20,0.33817511796951294,0.352848481188365,0.33657022612731813,0.3514728439914755,792436000
2011-09-21,0.33175548911094666,0.3459702869130618,0.3315262071579845,0.3400092567799227,715252000
2011-09-22,0.30974552035331726,0.3191456457791135,0.30378448853682266,0.318687109074963,1314632000
2011-09-23,0.31616511940956116,0.3251067082218298,0.30607720249093295,0.3079113766573934,1011440000
2011-09-26,0.3168529272079468,0.32097981210730064,0.30263812573796656,0.3200627387213414,972124000
2011-09-27,0.31731149554252625,0.3276287224853563,0.31478952981401914,0.3248774747218615,781388000
2011-09-28,0.3076821267604828,0.32602384300875914,0.3026381677745612,0.3179993267762975,1236532000
2011-09-29,0.30011609196662903,0.3184578031637592,0.2923208599248774,0.31318456358607,866416000
2011-09-30,0.28681835532188416,0.29690627015067084,0.28635979137681433,0.29530137833671805,677784000
2011-10-03,0.2707694470882416,0.2920916938453015,0.2707694470882416,0.2831501038506048,949896000
2011-10-04,0.295759916305542,0.295759916305542,0.26297412463361824,0.2641204798390171,1361548000
2011-10-05,0.3063064515590668,0.30905772642390716,0.28911112031015945,0.2950721520776859,856708000
2011-10-06,0.31845778226852417,0.31937485546913885,0.30745273987357014,0.30791130380514053,773192000
2011-10-07,0.32441890239715576,0.3292336063592165,0.3131846295940416,0.31983348046424864,806976000
2011-10-10,0.33886295557022095,0.33886295557022095,0.32923354931453935,0.3299213679515546,534376000
2011-10-11,0.3351946175098419,0.34161421275723414,0.3340482621917814,0.33611169083178366,816080000
2011-10-12,0.334965318441391,0.34184347733045845,0.3347360637882234,0.3416141953460256,612064000
2011-10-13,0.3544534742832184,0.35514129307814446,0.33244343683321753,0.33336051033893754,854832000
2011-10-14,0.3604143559932709,0.36431195746378997,0.35170205266835497,0.3606436105907963,702452000
2011-10-17,0.34253138303756714,0.3562876780794754,0.3406972085432277,0.3562876780794754,611780000
2011-10-18,0.35491201281547546,0.3558291136570656,0.3386337530227917,0.34069718208664296,590916000
2011-10-19,0.34780454635620117,0.3615608383089817,0.3468874729806077,0.3553704973642866,557568000
2011-10-20,0.3303799629211426,0.3397800888468021,0.3173114885046719,0.3384044513299302,990308000
2011-10-21,0.3319847881793976,0.3400093023010101,0.3264822938842369,0.3345067806745842,628428000
2011-10-24,0.34436532855033875,0.3496385664659607,0.33267249783879677,0.3333603162332268,535256000
2011-10-25,0.33129701018333435,0.34230202654646696,0.33060919153602614,0.3395507519572341,577996000
2011-10-26,0.3351946175098419,0.3395507567859652,0.32556521097312024,0.3377166101420817,503116000
2011-10-27,0.3496387302875519,0.35307779653980426,0.33978006823150797,0.3475753014687081,577732000
2011-10-28,0.35766318440437317,0.3608729956685231,0.34574109465632064,0.3466581679710683,490156000
2011-10-31,0.3393216133117676,0.34826320412142614,0.3393216133117676,0.3461997474739931,519984000
2011-11-01,0.32235538959503174,0.32785788355046874,0.31914557867830723,0.3269408103349838,790824000
2011-11-02,0.3168529272079468,0.3271701531219658,0.3102040768315706,0.3255652336996342,961608000
2011-11-03,0.3358824849128723,0.3365703036697837,0.3118089924085979,0.3202920175271165,749372000
2011-11-04,0.3397800624370575,0.34092641783492555,0.3276286897534025,0.33290193004984925,654840000
2011-11-07,0.33794593811035156,0.3429899244689158,0.33015073118919847,0.33725811930406807,613536000
2011-11-08,0.3457412123680115,0.34780464169434605,0.3367996215142517,0.34230214526993674,549728000
2011-11-09,0.3283165395259857,0.34207280560211645,0.3269409019858642,0.33771666561051683,532244000
2011-11-10,0.33175548911094666,0.33977997482696054,0.3235017214419706,0.33634090952009743,990484000
2011-11-11,0.3434484004974365,0.34619964790479557,0.32258469460876626,0.34115568976942606,1751560000
2011-11-14,0.33679959177970886,0.3468875374422069,0.3358825182336969,0.34344847064775214,500292000
2011-11-15,0.3411557078361511,0.34367767337175875,0.3326726558282576,0.33358975656678974,505660000
2011-11-16,0.33427757024765015,0.3436776962896469,0.33313121474649304,0.3347361343131298,512420000
2011-11-17,0.32235538959503174,0.3345067600221573,0.31639433170058867,0.33358968680667234,657504000
2011-11-18,0.3193749487400055,0.32418965277748535,0.3159358822364545,0.32418965277748535,501352000
2011-11-21,0.3354239761829376,0.33863376087474817,0.30951630727482976,0.31433101164381844,1330788000
2011-11-22,0.3457412123680115,0.34757538695323986,0.33725815832773987,0.3390923329129682,1287480000
2011-11-23,0.3310677409172058,0.34459475039671117,0.3308384589155337,0.3420727577033874,825340000
2011-11-25,0.32189691066741943,0.33427753795124693,0.3209798099563373,0.3267115869083442,406620000
2011-11-28,0.3400093615055084,0.34505332004290135,0.33244341003378414,0.33244341003378414,690616000
2011-11-29,0.34184348583221436,0.3461996249946549,0.336340964050364,0.33955074792466056,623440000
2011-11-30,0.3583509624004364,0.3592680629424037,0.34918012096834367,0.3521606499000265,730324000
2011-12-01,0.362707257270813,0.3636243308071546,0.3537656673007532,0.3553705596549876,529760000
2011-12-02,0.3604143559932709,0.3679803043367836,0.35697529104906134,0.3666046674265963,546464000
2011-12-05,0.35491201281547546,0.3668341324372411,0.35193148291003407,0.36637559568208217,644696000
2011-12-06,0.3498680591583252,0.35766326610820043,0.3461997103988117,0.35697547463065527,573832000
2011-12-07,0.34780454635620117,0.3503265391359857,0.3404678773576483,0.34757529167793694,510016000
2011-12-08,0.33679959177970886,0.350097322184522,0.3356532361815573,0.34436554419376403,491488000
2011-12-09,0.3416142165660858,0.3443654638938529,0.3296920992603166,0.33427752058368415,555840000
2011-12-12,0.33313119411468506,0.3356531869935446,0.32694088025807544,0.33427754954484495,573208000
2011-12-13,0.3239603042602539,0.34161419722049363,0.32189687571409714,0.33748731279691463,516596000
2011-12-14,0.31135037541389465,0.32304320927312385,0.3079113098472112,0.3212090355046399,636020000
2011-12-15,0.30859923362731934,0.3186871800207431,0.3079114420836129,0.31662375072707305,435148000
2011-12-16,0.30974552035331726,0.31708221694480176,0.30836991024086585,0.3111211577970379,619116000
2011-12-19,0.3017209470272064,0.31478941705223,0.3005745919254508,0.31112106979410736,463276000
2011-12-20,0.31868723034858704,0.31983358621083346,0.30859928236205053,0.30859928236205053,445208000
2011-12-21,0.3145602345466614,0.32029201186752404,0.30836992050638373,0.3168529454750064,548424000
2011-12-22,0.3280872702598572,0.3290043437681124,0.3154773591993509,0.3154773591993509,576560000
2011-12-23,0.32487744092941284,0.33015068120418467,0.3221261661208234,0.3296921171819075,248948000
2011-12-27,0.32235538959503174,0.32739934694272627,0.3214382890482832,0.32350174478001975,195712000
2011-12-28,0.31433096528053284,0.32304327187060466,0.31410168326581955,0.3223554531577337,233960000
2011-12-29,0.3202919065952301,0.32097972511391815,0.312955239502167,0.31754065985173907,211112000
2011-12-30,0.3177698850631714,0.3225845591717941,0.3173113212450829,0.319145494523668,186956000
2012-01-03,0.32189691066741943,0.3301506804108167,0.32120909196692493,0.32785794229874554,468044000
2012-01-04,0.3255651891231537,0.32694082634500854,0.31914559430660583,0.3221261233997814,347372000
2012-01-05,0.33725810050964355,0.3388630200786251,0.3225847336746322,0.32396037121053894,563548000
2012-01-06,0.3333604633808136,0.337258066228004,0.32946286053362317,0.3370288115495036,533252000
2012-01-09,0.3333604633808136,0.33978005901038694,0.33106775260819943,0.33358974539058234,508244000
2012-01-10,0.3319847881793976,0.3386336650615874,0.3296920776678698,0.3384043830779285,546328000
2012-01-11,0.3253360688686371,0.3319849210812635,0.32396043107851213,0.32900439075684346,484272000
2012-01-12,0.3232724964618683,0.3262530257193508,0.31616508264258436,0.3260237710572468,652364000
2012-01-13,0.3147895038127899,0.32166763631903705,0.3131846116942527,0.32097981760215855,504300000
2012-01-17,0.3099748492240906,0.3196042581230932,0.30951631245063177,0.3196042581230932,627176000
2012-01-18,0.3205212354660034,0.32304322795996454,0.3143309225541395,0.31593581444517604,632676000
2012-01-19,0.3290043771266937,0.3294629412585885,0.3198335317891977,0.3232725987907587,608312000
2012-01-20,0.3260238468647003,0.3324434435278319,0.3248774912938294,0.3285458127218527,546272000
2012-01-23,0.334965318441391,0.33519460042582383,0.32212612860098744,0.32625301300192183,562792000
2012-01-24,0.34253138303756714,0.3439070207411403,0.33244346431561206,0.33267271904535795,730920000
2012-01-25,0.34046781063079834,0.34138488382665855,0.3237309924906148,0.33336039770346154,1274152000
2012-01-26,0.33725810050964355,0.34940950163718726,0.33542395357012933,0.34551187106254183,799672000
2012-01-27,0.34184348583221436,0.34367763242823185,0.3324433615369279,0.33519460876222007,449996000
2012-01-30,0.3393216133117676,0.34092650581669837,0.33083855931333556,0.3358825462306548,399076000
2012-01-31,0.3386337161064148,0.34046789025836904,0.3326726569453808,0.3402386082401488,357900000
2012-02-01,0.3423020541667938,0.34619965704101596,0.3377166325897634,0.34253130884688426,428020000
2012-02-02,0.35514119267463684,0.3565168025443122,0.34069708405856275,0.34413617706091215,696236000
2012-02-03,0.362707257270813,0.36568778726083295,0.3597267272807931,0.36041454609868584,495232000
2012-02-06,0.3599558174610138,0.3613314270322765,0.3567460071322172,0.3608728905085222,278868000
2012-02-07,0.36087313294410706,0.362936562352848,0.3544535353050686,0.3604145961123065,410296000
2012-02-08,0.37394145131111145,0.38104883751029034,0.35903880562933105,0.3608729795079552,847612000
2012-02-09,0.3737121522426605,0.38059028347461565,0.3730243336532122,0.3785268550375347,561944000
2012-02-10,0.3645414113998413,0.37141954453367737,0.36247795506092756,0.37004390697440154,440268000
2012-02-13,0.37027329206466675,0.37508799753087424,0.3627073380454603,0.3737123595887352,610668000
2012-02-14,0.3723365366458893,0.37554634780561363,0.3670632969294793,0.3702731080892037,453756000
2012-02-15,0.3707316517829895,0.3874684718667322,0.3698145784806344,0.3757756369397409,1110856000
2012-02-16,0.377151221036911,0.38013175006212807,0.34390689247104556,0.3452825296615347,1888588000
2012-02-17,0.36339494585990906,0.3799024549172217,0.35995588033416626,0.377380489930435,1020360000
2012-02-21,0.36522915959358215,0.3741707200069726,0.3624778850067547,0.36316570365346157,518176000
2012-02-22,0.362707257270813,0.3723366387274925,0.3622487205026422,0.36339507608870575,492432000
2012-02-23,0.3647705614566803,0.36683401720361014,0.3576631483249169,0.3633949516233241,323968000
2012-02-24,0.3620193600654602,0.36637552674803203,0.36041446805873045,0.36591696274788027,366668000
2012-02-27,0.35468268394470215,0.35903882320481695,0.34963869869875885,0.35743393123168343,745268000
2012-02-28,0.3514729142189026,0.35880961095989833,0.34780456584840475,0.35468272587590566,699884000
2012-02-29,0.3473460078239441,0.35858030693728427,0.3471167531468972,0.35261924803377576,689196000
2012-03-01,0.3496387302875519,0.3537656152565085,0.347346019452717,0.34872165688612555,449944000
2012-03-02,0.3526192307472229,0.3576631887014682,0.34849234611874336,0.34849234611874336,684076000
2012-03-05,0.34069710969924927,0.3507850528257371,0.33817514441607716,0.35009723417350236,514848000
2012-03-06,0.3374873399734497,0.33955076868576634,0.3315262811781188,0.33679952129225493,471400000
2012-03-07,0.3395507335662842,0.34092637078639254,0.3347360579584346,0.33932147891710934,441984000
2012-03-08,0.34069710969924927,0.34413620296042297,0.33863368107381153,0.34046785503601534,430852000
2012-03-09,0.3397800624370575,0.3441362293477172,0.3379458883342149,0.3416142365399001,367836000
2012-03-12,0.3345068395137787,0.3434484284803068,0.33358976608036195,0.341155717565495,299948000
2012-03-13,0.3390922546386719,0.340926428800509,0.3342775508802582,0.33588247035390906,553288000
2012-03-14,0.32946282625198364,0.3397800236552107,0.3283164709849584,0.3390922050287425,735708000
2012-03-15,0.33427757024765015,0.33611174451575576,0.3292336115088131,0.3303799670099702,382380000
2012-03-16,0.3347359895706177,0.33611159917841904,0.33267253416202686,0.3345067076370212,428340000
2012-03-19,0.3356531858444214,0.33817517871464675,0.3340482937139458,0.3365702865841712,405400000
2012-03-20,0.33015069365501404,0.33381901465269437,0.327170164054151,0.33381901465269437,449616000
2012-03-21,0.3315262794494629,0.3345068088315872,0.3264823213657812,0.3301506694255138,467840000
2012-03-22,0.3310677409172058,0.33381898828093437,0.32808721155180515,0.32900428489595884,425372000
2012-03-23,0.33358970284461975,0.33450677610419477,0.3278578993128491,0.33015063712431625,315456000
2012-03-26,0.3374873399734497,0.3390922320087257,0.333589737221703,0.33679952129225493,288600000
2012-03-27,0.3397800624370575,0.34390694733563615,0.33817517034629596,0.3388629890512705,419968000
2012-03-28,0.34757521748542786,0.3521606380471399,0.3416141598226972,0.34413615206414383,892448000
2012-03-29,0.3491801917552948,0.35193143927641185,0.3427605959851758,0.3471167629472743,372700000
2012-03-30,0.35307788848876953,0.35514134517625023,0.3471168551645808,0.3521608148485178,527240000
2012-04-02,0.3514729142189026,0.3551412625894005,0.34642895570792037,0.3521607329547797,407776000
2012-04-03,0.3457412123680115,0.35445352114938933,0.34390703778278314,0.35399498433590115,430476000
2012-04-04,0.3358824849128723,0.3448240467589083,0.3338190286421382,0.34046790685058737,495896000
2012-04-05,0.3354239761829376,0.3404679352691854,0.33427759327155054,0.3363410497145198,369424000
2012-04-09,0.3310677409172058,0.33221409626303167,0.3246481455143276,0.33015066757305206,365504000
2012-04-10,0.3246481418609619,0.33427752119128323,0.32304324986111954,0.329692099859581,470360000
2012-04-11,0.3287750780582428,0.33588249316891056,0.3278579772493949,0.32900433276200125,372960000
2012-04-12,0.33657023310661316,0.3384043796321472,0.32785790045400204,0.3292335376794175,384868000
2012-04-13,0.3246481418609619,0.33542390385547577,0.32441885986187,0.3335897298565415,311324000
2012-04-16,0.32075047492980957,0.3278578601711544,0.31547723598864297,0.32694078702106527,463468000
2012-04-17,0.32143837213516235,0.3255652573341083,0.32029201665385904,0.3216676541639312,460696000
2012-04-18,0.31799939274787903,0.32097992328148217,0.3141017885106802,0.31937503063455064,400764000
2012-04-19,0.31318455934524536,0.3257944668322773,0.31157964016370243,0.3138723506158901,667188000
2012-04-20,0.30699411034584045,0.3159356943358906,0.30630629198795123,0.31501859408162003,509592000
2012-04-23,0.303325891494751,0.30470152878878054,0.2959892230328813,0.3017209995392273,706244000
2012-04-24,0.29392585158348083,0.3067650729122191,0.2923209591666163,0.30424307959195057,730440000
2012-04-25,0.2998869717121124,0.30217968343178414,0.2927795544486183,0.29828207897459813,727112000
2012-04-26,0.30011609196662903,0.30263808443069146,0.2975940995025666,0.2996575553362354,539208000
2012-04-27,0.2975941002368927,0.30149172993301854,0.29438431648495195,0.29965755607565314,475356000
2012-04-30,0.29805269837379456,0.29965761791221684,0.29392581317592537,0.29598926944049525,262268000
2012-05-01,0.303325891494751,0.30653570273706454,0.29644775968713566,0.29644775968713566,408680000
2012-05-02,0.2946135103702545,0.3033258138973555,0.29300861882529733,0.30217945888934905,684008000
2012-05-03,0.2895696759223938,0.29713562763230056,0.2877355016697996,0.29530145337970637,419536000
2012-05-04,0.28108668327331543,0.28934045550185816,0.28108668327331543,0.28773556293832947,545092000
2012-05-07,0.2859012186527252,0.2909452027613103,0.28360850854200853,0.286130500596301,604440000
2012-05-08,0.285672128200531,0.28750627547808,0.27833542976523057,0.2833793894410425,462312000
2012-05-09,0.28681835532188416,0.2891110657221778,0.27787676836198044,0.2806280153760801,520608000
2012-05-10,0.28475499153137207,0.290028232621421,0.2801695692498117,0.2895696958595195,597092000
2012-05-11,0.30286744236946106,0.3136432071806105,0.301721086736894,0.30836996580454734,1435140000
2012-05-14,0.3010331988334656,0.3056186203118286,0.29415506661592106,0.30034538014545753,437472000
2012-05-15,0.29805269837379456,0.3076821062792462,0.2966770881953519,0.3010332280906596,599940000
2012-05-16,0.29209163784980774,0.301950299493416,0.29117453715547914,0.29851123338503643,470484000
2012-05-17,0.2900281250476837,0.29598918273521757,0.2900281250476837,0.29323793585299524,335364000
2012-05-18,0.2769598066806793,0.29209174117408143,0.275584196149481,0.2907161033116055,567288000
2012-05-21,0.2817744016647339,0.28315003898919133,0.27558408836720905,0.27741826235606337,416260000
2012-05-22,0.2783353328704834,0.2820036808110998,0.27420844827010665,0.28154514415133935,410140000
2012-05-23,0.2852133512496948,0.2856719150582197,0.27122781103982274,0.27535469399775675,496000000
2012-05-24,0.2776474952697754,0.28727690112400867,0.27558406677601954,0.28681836449553677,520420000
2012-05-25,0.2842964231967926,0.28658913408295467,0.2774182905383064,0.2774182905383064,391752000
2012-05-29,0.2916330099105835,0.293467183565919,0.2877354079750342,0.2888817630932112,310000000
2012-05-30,0.28819406032562256,0.2904867714829746,0.2831501012457027,0.2884233423738669,379792000
2012-05-31,0.2849842309951782,0.28934037057925044,0.28131588278555103,0.28819401518015053,358192000
2012-06-01,0.274666965007782,0.2817743783779878,0.27420842838128007,0.2790231312877117,440984000
2012-06-04,0.2689351439476013,0.2776474477216115,0.2666424338666123,0.27604255613117124,432856000
2012-06-05,0.2767305076122284,0.2774183264333275,0.26755966288096905,0.26755966288096905,365224000
2012-06-06,0.2840670645236969,0.28475488307020014,0.2767303971339409,0.27879382544218834,368968000
2012-06-07,0.2726036608219147,0.28979902447205136,0.2723743787384857,0.2881941045506028,526780000
2012-06-08,0.2778768241405487,0.27879389755224593,0.27306212040096484,0.27352065710681345,370308000
2012-06-11,0.28108668327331543,0.29186244905260084,0.2803988916970007,0.2868184892823921,839080000
2012-06-12,0.28681835532188416,0.28956960233598383,0.2838378263352496,0.2842963629490556,496128000
2012-06-13,0.27925240993499756,0.28727689646247173,0.2778767727406391,0.28658907786529253,494276000
2012-06-14,0.2758133113384247,0.2810865507011765,0.2730620643369388,0.27879384031139426,589884000
2012-06-15,0.2817744016647339,0.28200368366256573,0.27535480636937715,0.2778767990204602,385288000
2012-06-18,0.2842964231967926,0.28658913408295467,0.2774182905383064,0.2797110014244685,304424000
2012-06-19,0.3035551905632019,0.3079113573518293,0.2946136023115569,0.29598923968296936,960476000
2012-06-20,0.3083699941635132,0.31410177285346613,0.3047016448694326,0.30653581951647285,972720000
2012-06-21,0.2943843901157379,0.3081406564897686,0.29369657133078203,0.3081406564897686,516376000
2012-06-22,0.29805269837379456,0.3014917921480777,0.29392581317592537,0.29805269837379456,865360000
2012-06-25,0.28865253925323486,0.2991990193963543,0.28750618390425525,0.29828194604967756,494616000
2012-06-26,0.2918623387813568,0.29392576739325094,0.2861305622691329,0.2902574468241874,437152000
2012-06-27,0.3012625277042389,0.3033259567579818,0.2920916833208978,0.2920916833208978,506064000
2012-06-28,0.3035551905632019,0.3053893646146625,0.29598923968296936,0.2985112324201361,545896000
2012-06-29,0.3168529272079468,0.31754074591305054,0.31043333151242614,0.3106626135245502,616508000
2012-07-02,0.3083699941635132,0.3186871958054285,0.3058480006074232,0.3184579410565964,581684000
2012-07-03,0.3163944482803345,0.317082267111016,0.30814067697470354,0.3083699590286886,219284000
2012-07-05,0.31318455934524536,0.3157065244438931,0.3083698564631455,0.31433091457133916,280076000
2012-07-06,0.30722349882125854,0.31180891968957725,0.3037844331700195,0.3108918191171549,382760000
2012-07-09,0.30309656262397766,0.3067649096223983,0.30057457064615606,0.3053892726651756,306336000
2012-07-10,0.29392585158348083,0.3088285021151486,0.2916331403218818,0.29988691179614796,512028000
2012-07-11,0.2891112267971039,0.2985113556079849,0.2877355888580016,0.2948430059912316,485216000
2012-07-12,0.2842964231967926,0.2863598520618306,0.2817744302895065,0.2859013153508521,472160000
2012-07-13,0.28796476125717163,0.2893403713409517,0.2826915209411763,0.2845256950508184,324260000
2012-07-16,0.28888189792633057,0.2911746092327876,0.28337937439206895,0.2861306498248371,334460000
2012-07-17,0.2836085557937622,0.29140378786771154,0.27879385282657987,0.2897988959890724,447476000
2012-07-18,0.2994282841682434,0.30355516865334453,0.28154513628698247,0.28292074622783897,616008000
2012-07-19,0.3024088144302368,0.3063064169398895,0.29942828521770265,0.3014917411331183,403036000
2012-07-20,0.2936965525150299,0.30263814148406754,0.2904867408346305,0.30057468526139575,451000000
2012-07-23,0.2975941002368927,0.29965755607565314,0.28269148205910427,0.285901265811045,451584000
2012-07-24,0.2943843901157379,0.2998868857328415,0.29094532352223024,0.2980527114167164,351164000
2012-07-25,0.30011609196662903,0.30309662106108515,0.29209160527531297,0.29346721516649393,415044000
2012-07-26,0.3014918565750122,0.3090578098326911,0.29919911779178926,0.3056187153234949,338440000
2012-07-27,0.30905774235725403,0.3099748158053008,0.3003454079444573,0.30263814622711516,376516000
2012-07-30,0.30561861395835876,0.3129553100362322,0.3030966485964487,0.309057707326904,363552000
2012-07-31,0.3104332983493805,0.31478946479549685,0.3051600586152742,0.30561859525926915,387788000
2012-08-01,0.30699411034584045,0.3152478759780014,0.30561847363006206,0.312267347981318,335912000
2012-08-02,0.30814051628112793,0.3127259363193687,0.30034528581736303,0.3053892697244353,367912000
2012-08-03,0.3145602345466614,0.3177700462451066,0.3056186455273535,0.3129553423630739,326548000
2012-08-06,0.3212091326713562,0.32281402495504047,0.31708224727668827,0.31754078402470204,360324000
2012-08-07,0.32441890239715576,0.3278579688468361,0.3225847281577388,0.325106721153346,407340000
2012-08-08,0.3262529671192169,0.3296920324144638,0.32327243839708397,0.32418953887457336,517064000
2012-08-09,0.33725810050964355,0.33794591927759693,0.3262530822162028,0.32671161895108136,822300000
2012-08-10,0.3351946175098419,0.3489508813265681,0.33083845090245195,0.3461996340294762,1278744000
2012-08-13,0.3395507335662842,0.3397800155467238,0.33427749399755524,0.3356531312176636,447244000
2012-08-14,0.3345068395137787,0.341155717565495,0.3331312020323836,0.3406971535175166,388828000
2012-08-15,0.3319847881793976,0.3384043830779285,0.33037989628758113,0.3356531359303482,594404000
2012-08-16,0.33886295557022095,0.3400093108548244,0.3338189704529531,0.33496532573755655,371008000
2012-08-17,0.3358824849128723,0.3388630146386412,0.3329019551871034,0.3388630146386412,309864000
2012-08-20,0.3358824849128723,0.3363410216403897,0.3308384989163693,0.33473612942844355,314392000
2012-08-21,0.334965318441391,0.33909220284232533,0.33152625266248986,0.3370287743074908,340248000
2012-08-22,0.3356531858444214,0.33702882328841144,0.33175558286147516,0.3329019382877105,313556000
2012-08-23,0.3280872702598572,0.33519468560828775,0.3267116326662021,0.33496540356558785,379040000
2012-08-24,0.3347359895706177,0.33634088111201554,0.3273992956706403,0.32808711414017055,347724000
2012-08-27,0.3290043771266937,0.3354240016604709,0.32877512239202134,0.3345069007279563,340944000
2012-08-28,0.3276287615299225,0.33083854641464144,0.3257945870252511,0.3264824058809122,310764000
2012-08-29,0.3283165395259857,0.33037996850489687,0.32671161995208686,0.32739943872214766,250412000
2012-08-30,0.3221261501312256,0.3287750274802573,0.32052125812672383,0.3276286721440036,307488000
2012-08-31,0.3216676414012909,0.3267115998526447,0.3184578571135029,0.32441888898100485,485064000
2012-09-04,0.304472416639328,0.3175408962287769,0.30149191305843204,0.316394540288038,694452000
2012-09-05,0.3053893744945526,0.3099747961059167,0.3021795629678365,0.30561862917635957,480256000
2012-09-06,0.3147895038127899,0.32304327375279407,0.3074528072744444,0.3076820892904936,657296000
2012-09-07,0.30722349882125854,0.30928692727949625,0.29690627453627727,0.3067649622006795,781064000
2012-09-10,0.304472416639328,0.31089201537372224,0.3037846249399099,0.306535873731427,371108000
2012-09-11,0.30814051628112793,0.3129552182537845,0.30309655970531496,0.30424291471487513,382808000
2012-09-12,0.31157976388931274,0.31318468370815533,0.3076821600391421,0.3106626902767815,322608000
2012-09-13,0.31364306807518005,0.3154772417400585,0.3076820104971407,0.31433088661591724,433836000
2012-09-14,0.31731149554252625,0.322814018400787,0.3134138922666361,0.3134138922666361,339468000
2012-09-17,0.30859923362731934,0.31799936114576133,0.3051601665836857,0.31799936114576133,493348000
2012-09-18,0.31066253781318665,0.31433088512555035,0.30493076221965704,0.30516001684464106,359952000
2012-09-19,0.31433096528053284,0.3186871049099343,0.30768208749780507,0.31135043574560445,451936000
2012-09-20,0.3120381534099579,0.3152479642012999,0.30951618850025603,0.3136430724712601,320596000
2012-09-21,0.31341391801834106,0.31524809245513324,0.31135048885899586,0.31249684446558174,340136000
2012-09-24,0.31318455934524536,0.31364309596942996,0.3079113198389609,0.3083698564631455,357832000
2012-09-25,0.3074527680873871,0.31868706614779374,0.30699423144500154,0.3173114288893715,481544000
2012-09-26,0.3021794855594635,0.3065356513731153,0.29851116560883545,0.30630636941877404,436812000
2012-09-27,0.304472416639328,0.3049309808806488,0.3003455297864116,0.3028675237885498,558888000
2012-09-28,0.30584797263145447,0.31020414043612526,0.29919909356051716,0.30309672457818954,485508000
2012-10-01,0.3008039593696594,0.30905772938060483,0.2996576039420986,0.3072235552302537,504236000
2012-10-02,0.3019503355026245,0.30286740897505116,0.29851126898411773,0.30286740897505116,295492000
2012-10-03,0.29896968603134155,0.30355510622029835,0.29736479443145875,0.3026380331150111,430872000
2012-10-04,0.31226757168769836,0.3141017461789749,0.29805273987876113,0.2996576596406746,502608000
2012-10-05,0.30493080615997314,0.3163943589989223,0.30378445087607825,0.3131845751365229,483068000
2012-10-08,0.3019503355026245,0.305160119987389,0.29965762449028666,0.303784509778749,240596000
2012-10-09,0.2955307066440582,0.3024088389233278,0.29461360594139474,0.3014917655519324,366360000
2012-10-10,0.29048678278923035,0.2955307693967439,0.28934042716593616,0.2941551317162813,326568000
2012-10-11,0.29209163784980774,0.2941550665823283,0.28979892711088806,0.2932379932192676,320516000
2012-10-12,0.2895696759223938,0.29232092363564965,0.2877355016697996,0.29002821265272466,260696000
2012-10-15,0.29323795437812805,0.29346720902289314,0.2865890777171841,0.2900281433700386,249580000
2012-10-16,0.3017209470272064,0.3026380475073679,0.2930086427876112,0.2957598895655725,367696000
2012-10-17,0.2994282841682434,0.3008039214403657,0.2950721176940333,0.2980526468961211,391752000
2012-10-18,0.2948428988456726,0.2987405018150393,0.29369654342343127,0.2987405018150393,254772000
2012-10-19,0.2776474952697754,0.2925501406795972,0.2760426034044914,0.2904866848545766,709412000
2012-10-22,0.27443769574165344,0.2803987535624437,0.27214498540000537,0.27879383445827954,480840000
2012-10-23,0.2826915383338928,0.2845257125563833,0.271227956276145,0.2719157750259877,573948000
2012-10-24,0.2790232002735138,0.28567207866108896,0.27627195250301817,0.28452572314577645,332916000
2012-10-25,0.27925240993499756,0.2842963674288713,0.27810605471678695,0.2813158383952709,307356000
2012-10-26,0.2762719392776489,0.281315897837311,0.2762719392776489,0.27971100565895535,389376000
2012-10-31,0.274666965007782,0.2797109498930969,0.27397917373366143,0.2774182394293227,347112000
2012-11-01,0.2877354621887207,0.287964744188061,0.2758133448483647,0.2760426268477051,473220000
2012-11-02,0.28635984659194946,0.29117455029343,0.28452569978307035,0.2907160135912102,256700000
2012-11-05,0.29851123690605164,0.29965759228903305,0.2856720456841527,0.2856720456841527,444840000
2012-11-06,0.2982819974422455,0.2991990709469296,0.29323803850393854,0.2991990709469296,350804000
2012-11-07,0.2891112267971039,0.2978235366384338,0.2877355888580016,0.29598936183005714,324620000
2012-11-08,0.2907160222530365,0.29988686589575203,0.29002820351357883,0.2923209144242577,839024000
2012-11-09,0.2794817090034485,0.29575996662197085,0.27856463561561706,0.2923209004207001,846280000
2012-11-12,0.27329131960868835,0.28108652323987454,0.2705400455447299,0.27994016815697886,643624000
2012-11-13,0.27122795581817627,0.27810611597371937,0.27099870112279606,0.2719157745668576,492120000
2012-11-14,0.26457902789115906,0.27558404266809605,0.2643497459313482,0.2728327958066774,619300000
2012-11-15,0.2657254636287689,0.2730621332616988,0.2638912893877188,0.2661840003562138,466688000
2012-11-16,0.26091068983078003,0.266642465717932,0.2556374505483475,0.265725392508493,624552000
2012-11-19,0.26824742555618286,0.26916452632955956,0.262515648214842,0.26572545992475505,404092000
2012-11-20,0.26513224840164185,0.26836274025378465,0.26236322394826905,0.2672089892340774,336976000
2012-11-21,0.27274709939956665,0.27343932823060363,0.26490157340765125,0.26513233468973224,422312000
2012-11-23,0.2745930552482605,0.27782354754136585,0.27251628662475175,0.27390079904042425,276932000
2012-11-26,0.2794388234615326,0.2801310797431273,0.27459308450557135,0.2750545795241009,364600000
2012-11-27,0.2805924713611603,0.28474598001252754,0.27597746786132793,0.2782849696112441,451404000
2012-11-28,0.2829001247882843,0.2842846375835783,0.27597761582702507,0.2794388703076547,398332000
2012-11-29,0.2778235375881195,0.28474604440328205,0.2769005476824699,0.2833615595448077,488688000
2012-11-30,0.2762082517147064,0.2796695046237327,0.2745930058586794,0.2775927363737612,460504000
2012-12-03,0.2711317539215088,0.2796695339999824,0.27043952527306675,0.2796695339999824,391380000
2012-12-04,0.27920812368392944,0.27966961875862,0.2699780846520976,0.2715933586749208,528068000
2012-12-05,0.2759774625301361,0.2787464590750273,0.27205471513257434,0.27690047971682663,633024000
2012-12-06,0.27643898129463196,0.27828498832018905,0.2743622405831255,0.27528523034210783,412896000
2012-12-07,0.2759774625301361,0.27805423056949713,0.2727469711456947,0.27666971854325645,338288000
2012-12-10,0.285207599401474,0.2872843683878075,0.2752853320425988,0.2759775883713766,513644000
2012-12-11,0.29189932346343994,0.2955913382405498,0.28543831135729675,0.28613056756645455,816724000
2012-12-12,0.28889960050582886,0.2944376233541213,0.2877458491842181,0.29282237700538655,399404000
2012-12-13,0.28913038969039917,0.2946683855658158,0.2863613917526909,0.2884381333290711,377556000
2012-12-14,0.2905147671699524,0.29351452528486405,0.2882072651596501,0.2902840334734784,338660000
2012-12-17,0.28936105966567993,0.29143782829171766,0.2849768161900412,0.289822582143198,445232000
2012-12-18,0.2898225784301758,0.29305307068582803,0.2884380660305548,0.2893610559585704,416436000
2012-12-19,0.29189932346343994,0.29536057700163115,0.29074557228404285,0.29189932346343994,458544000
2012-12-20,0.2916686534881592,0.2932838999908733,0.28843813297512705,0.29305313870151245,334332000
2012-12-21,0.2849768400192261,0.2877458375778831,0.28174631994445937,0.2877458375778831,462172000
2012-12-24,0.282669335603714,0.28566909440063015,0.2817463180851859,0.2847460768821021,127376000
2012-12-26,0.2824386656284332,0.2865921770351813,0.2812849139880926,0.28197717047381876,196740000
2012-12-27,0.2805924713611603,0.28336149546713224,0.2773619799143139,0.28289997311107645,299804000
2012-12-28,0.27920812368392944,0.28359236815489597,0.2775928496611063,0.278054372243401,220600000
2012-12-31,0.2829001247882843,0.2840538762818275,0.27759286241646447,0.2782851188141115,326460000
2013-01-02,0.2935144901275635,0.29374525130399054,0.28866875299090966,0.28982250385786396,478836000
2013-01-03,0.29374533891677856,0.2969758313047444,0.29028408528355854,0.29351457767152445,298888000
2013-01-04,0.30343690514564514,0.3043598952150365,0.29328387684433194,0.2942068669137232,524968000
2013-01-07,0.2946683466434479,0.3041291181475276,0.2925916053413818,0.30320612812607606,610732000
2013-01-08,0.2882072627544403,0.29628354723069195,0.28613052196553707,0.29536052992971773,466424000
2013-01-09,0.2817463278770447,0.2918993558881132,0.2799003477910331,0.2905148433160036,695020000
2013-01-10,0.28220781683921814,0.2856690703501959,0.2805925431946837,0.2842845579427657,506368000
2013-01-11,0.2817463278770447,0.2835923354706572,0.2789773302404263,0.2833616017137063,513172000
2013-01-14,0.28151559829711914,0.28359233967849656,0.27828507808346364,0.28359233967849656,305684000
2013-01-15,0.27643898129463196,0.28013099534574615,0.2748237354626167,0.28013099534574615,375888000
2013-01-16,0.27897724509239197,0.28128474700322326,0.27597748710679276,0.27597748710679276,337376000
2013-01-17,0.282669335603714,0.283823086871174,0.27920808180133383,0.27990033806332987,580736000
2013-01-18,0.28082337975502014,0.2826693876242026,0.277362125315655,0.2826693876242026,397088000
2013-01-22,0.2794388234615326,0.2831308386249704,0.278054338405944,0.2805925747616568,308224000
2013-01-23,0.27990028262138367,0.2805925112386648,0.2769005244186521,0.28036177753543595,421808000
2013-01-24,0.28128480911254883,0.28243856032271947,0.2775927942369633,0.27897730669220755,396980000
2013-01-25,0.28636133670806885,0.2865920704457571,0.2803618194065966,0.2817463043555219,393920000
2013-01-28,0.2909764349460602,0.29282244297806187,0.28705365756270373,0.2877459140131553,422492000
2013-01-29,0.2847460210323334,0.2905147762381564,0.28359226999116877,0.28982254761953335,388872000
2013-01-30,0.28428447246551514,0.28889947575920244,0.28336148280981344,0.2849767284610861,287592000
2013-01-31,0.2829001247882843,0.2875151582700625,0.2810541444046995,0.2842846375835783,470544000
2013-02-01,0.28543826937675476,0.28636128668907934,0.2829000061523545,0.28520750817177515,288816000
2013-02-04,0.2805924713611603,0.2895917446903878,0.28036173769072303,0.2838229903155973,511744000
2013-02-05,0.28705352544784546,0.2886687989246806,0.28105403648958216,0.28197702632697813,367296000
2013-02-06,0.2847460210323334,0.2870535231146626,0.27851577091156343,0.28013101686767494,530688000
2013-02-07,0.2835923433303833,0.28613060728039835,0.28082334561702255,0.28382310460133076,440000000
2013-02-08,0.28543826937675476,0.2877457713961754,0.28359226225969947,0.28543826937675476,307232000
2013-02-11,0.28866881132125854,0.2916685696830091,0.28497679679793547,0.28774579393662975,408308000
2013-02-12,0.2868228256702423,0.2900533179908542,0.28566907448322404,0.2861305694565117,277804000
2013-02-13,0.28543826937675476,0.2923607754350167,0.28451527957202405,0.28705351528883044,856396000
2013-02-14,0.29374533891677856,0.2939761001620327,0.27805431694466143,0.28151557057788146,882096000
2013-02-15,0.29374533891677856,0.29512985137310604,0.28728432663324815,0.2930530826886148,733860000
2013-02-19,0.2898225784301758,0.29420682184964636,0.28797657106654695,0.2939760881214412,433552000
2013-02-20,0.28566914796829224,0.2953606549307536,0.28474613027668316,0.2907456489955239,713012000
2013-02-21,0.2835923433303833,0.28843810995946595,0.2829000870251427,0.2852075897042103,580408000
2013-02-22,0.28889960050582886,0.28913036177319157,0.28382310019226176,0.2854383465409966,370148000
2013-02-25,0.28382301330566406,0.29189927008455896,0.2833615184198172,0.28959176814773185,644444000
2013-02-26,0.2871895134449005,0.2888146693449687,0.28347484766500697,0.2844035279481607,487504000
2013-02-27,0.29252931475639343,0.29461882449072874,0.2864929902034587,0.28718949344823713,476980000
2013-02-28,0.2939222753047943,0.29833341570498195,0.29043978730158687,0.29160061663598935,591392000
2013-03-01,0.2950831651687622,0.29601181775623425,0.28927901730616157,0.2918328257598898,389396000
2013-03-04,0.2939222753047943,0.2967082601720894,0.2906719365626547,0.2929935952314597,353680000
2013-03-05,0.2971726655960083,0.2976369919182865,0.29415450298665696,0.29554750962985354,366168000
2013-03-06,0.2969403862953186,0.30181585205967787,0.29554738026187327,0.29902986766913686,342928000
2013-03-07,0.29624393582344055,0.3015837563303064,0.29461878028039995,0.2985655945067427,314824000
2013-03-08,0.29763704538345337,0.2990300522768787,0.2955475627196822,0.2969405696131075,246464000
2013-03-11,0.2948509454727173,0.296011774877084,0.29229710971256795,0.2946187961976576,299748000
2013-03-12,0.29577961564064026,0.2967082680623157,0.2916006243903904,0.2943866093317719,310856000
2013-03-13,0.29577961564064026,0.3008872593125655,0.2929936030229036,0.29577961564064026,485840000
2013-03-14,0.2960118055343628,0.29856564155900717,0.294154472759745,0.2976369613335188,383304000
2013-03-15,0.2934580147266388,0.29601182322757036,0.2922971574563018,0.29601182322757036,355776000
2013-03-18,0.29136842489242554,0.29415440961814837,0.2892789432672217,0.29160060181804953,298312000
2013-03-19,0.2895110547542572,0.29299354212626244,0.28742157340159386,0.29160056378327,355480000
2013-03-20,0.29299357533454895,0.2939222553448178,0.2897432644894892,0.29229707224593543,340588000
2013-03-21,0.28835034370422363,0.2918328325022416,0.28788601739976005,0.29136850619777804,339032000
2013-03-22,0.2897433042526245,0.2909041336675035,0.28811814860706525,0.2892789780219442,232476000
2013-03-25,0.2881181836128235,0.29160067228057546,0.28602867380635644,0.2913684952988481,362076000
2013-03-26,0.2902076542377472,0.29043983121027,0.2876538182454311,0.2888146477553278,232540000
2013-03-27,0.2936900556087494,0.29531521090503404,0.2883502359126567,0.2890467389471645,254944000
2013-03-28,0.29786908626556396,0.2981012632004601,0.29090411033493063,0.292993592043579,349276000
2013-04-01,0.2881181836128235,0.2971726430784348,0.28602867380635644,0.2971726430784348,442828000
2013-04-02,0.2851000428199768,0.28904685807367714,0.28324270985459965,0.28835035475211546,371524000
2013-04-03,0.28161749243736267,0.286260809999416,0.2795279829286252,0.2846356267116127,353156000
2013-04-04,0.28440335392951965,0.2853320059680959,0.27976003838395097,0.2806886904225272,294676000
2013-04-05,0.289279043674469,0.289279043674469,0.27952805223539134,0.28022455557766296,551352000
2013-04-08,0.28858253359794617,0.2895111862483959,0.28324271166695514,0.2895111862483959,326660000
2013-04-09,0.29322582483291626,0.29531530693957475,0.2867251738574596,0.2888146559641181,380584000
2013-04-10,0.29786908626556396,0.298333412459002,0.292761442785037,0.2934579459133712,384688000
2013-04-11,0.29647618532180786,0.2983335184316676,0.28556439135638234,0.29369019949520025,969220000
2013-04-12,0.3039054572582245,0.3071557687961177,0.2953152967948409,0.2978691327720131,770548000
2013-04-15,0.29763704538345337,0.3039055487275005,0.2957797397607087,0.30297686823976133,430420000
2013-04-16,0.3008873760700226,0.3029768586677805,0.29879786579589873,0.3004230496790059,468844000
2013-04-17,0.2969403862953186,0.30135152594064596,0.29508305414284136,0.298565541550105,532948000
2013-04-18,0.29113635420799255,0.29949433911150164,0.29113635420799255,0.2976370060577926,402548000
2013-04-19,0.2918328046798706,0.29276148487662124,0.28718948672519184,0.2909041521594781,303028000
2013-04-22,0.2922970950603485,0.2948509306924796,0.2892789609013724,0.2916006195937262,245568000
2013-04-23,0.29995858669281006,0.30297672069820303,0.2943865895088892,0.29485091568846095,376948000
2013-04-24,0.31017395853996277,0.31272779474356394,0.3006551447007521,0.30088732169248344,556556000
2013-04-25,0.3127277195453644,0.31342422267671705,0.30901305462905293,0.31179906715446365,353224000
2013-04-26,0.3113347887992859,0.3127277953998756,0.30970963288283854,0.31226346909179936,324332000
2013-04-29,0.3150493800640106,0.31621020939768557,0.3104060627293108,0.3117990690002625,269712000
2013-04-30,0.3196927011013031,0.3196927011013031,0.31365637742574054,0.31574588685636823,276712000
2013-05-01,0.31690678000450134,0.3217822753144999,0.31574595042367887,0.31969276546320324,341316000
2013-05-02,0.32062143087387085,0.3215500834249445,0.3148172555624036,0.31667458834091,323480000
2013-05-03,0.3220144510269165,0.3243361103789151,0.3208536213509172,0.32271095436778857,293864000
2013-05-06,0.32108578085899353,0.32387176639429616,0.3192284479433381,0.3220144334786407,217116000
2013-05-07,0.31690678000450134,0.3217822753144999,0.3138886175590908,0.32108577203073435,448068000
2013-05-08,0.3227110207080841,0.3245683541067709,0.31621036765086447,0.31737119756549764,334032000
2013-05-09,0.3229430615901947,0.3243360402945737,0.316442411274023,0.316906737508816,566800000
2013-05-10,0.3375695049762726,0.33896251130374966,0.32967584858116167,0.32967584858116167,861136000
2013-05-13,0.33060458302497864,0.33664090786761486,0.3292115764685672,0.3352479013112034,289812000
2013-05-14,0.3354800343513489,0.33826601942287404,0.3313010429058829,0.3345513542099362,454140000
2013-05-15,0.34128424525260925,0.3424450748891272,0.3338549134378052,0.3338549134378052,313172000
2013-05-16,0.3396590054035187,0.34430232280272566,0.33849814837736214,0.3408198347533204,308368000
2013-05-17,0.3452310562133789,0.3475527154577119,0.33873040479397426,0.3412842410332851,312116000
2013-05-20,0.34453442692756653,0.34592743303536533,0.34267709467595187,0.34383792387366713,236380000
2013-05-21,0.34815138578414917,0.34955146818791405,0.34255111180297676,0.3465179748577192,357784000
2013-05-22,0.3360174894332886,0.34955151932066086,0.3346174068247182,0.34955151932066086,480404000
2013-05-23,0.3413844108581543,0.34255113700815915,0.3311172040479443,0.3320505738411699,393884000
2013-05-24,0.3392842411994934,0.34231773434252316,0.3355507068977734,0.33951759752470406,283304000
2013-05-28,0.33905091881752014,0.3427844534930137,0.3357840968391718,0.3418510837326126,279300000
2013-05-29,0.3369508683681488,0.3390509645206104,0.3355507857218755,0.3369508683681488,335052000
2013-05-30,0.3413844108581543,0.34488458930816884,0.3355507522911845,0.3364841499013557,284504000
2013-05-31,0.3376508057117462,0.34441780484529083,0.3376508057117462,0.3395175727262571,577508000
2013-06-03,0.3371841609477997,0.3406843390842476,0.33018377685796074,0.33811753065740857,444468000
2013-06-04,0.3376508057117462,0.3453512022610162,0.33555068238906904,0.33928421641809076,363676000
2013-06-05,0.3304171860218048,0.33975099587798,0.3294837883460187,0.3371842148577004,464520000
2013-06-06,0.33251717686653137,0.3350839848913295,0.33018372514105626,0.3304170814403793,341044000
2013-06-07,0.3371841609477997,0.3392842567028912,0.333450626475478,0.3348506810398913,274584000
2013-06-10,0.3369508683681488,0.3390509645206104,0.33438405945563054,0.33625082704501214,224148000
2013-06-11,0.3306504487991333,0.33718411941238635,0.3306504487991333,0.3325171879884002,296336000
2013-06-12,0.32785025238990784,0.3350839634017443,0.3259834855658594,0.3322838270741401,312588000
2013-06-13,0.3353174328804016,0.33695084397148906,0.3264503083355673,0.3266836368817533,236256000
2013-06-14,0.3348506987094879,0.3369508223923431,0.33251724649538966,0.33648413751291234,236012000
2013-06-17,0.3381175696849823,0.34115106331677,0.3355507609618667,0.3374175284135011,255336000
2013-06-18,0.3360174894332886,0.3434845317727861,0.3332173242161478,0.3397509966945635,486772000
2013-06-19,0.34628453850746155,0.3612186453682326,0.33788410165971927,0.3390508274542981,1159588000
2013-06-20,0.3369508683681488,0.34395122596561867,0.3346174158356589,0.34348454102251036,628696000
2013-06-21,0.3364841043949127,0.3399842823715597,0.3308838029421124,0.3388175563793441,714228000
2013-06-24,0.3294838070869446,0.3357841513517823,0.32458357332389753,0.33158393111420686,580772000
2013-06-25,0.33181726932525635,0.3336840090468615,0.32831706280487755,0.3329839955597334,457360000
2013-06-26,0.3299504518508911,0.33601743847875265,0.3285503694546328,0.3355507258020376,579752000
2013-06-27,0.32691696286201477,0.33135051081391553,0.3234167846420056,0.3308838259479697,808036000
2013-06-28,0.32761693000793457,0.3308837511479975,0.3227166704809027,0.3269168889587961,431536000
2013-07-01,0.3290170431137085,0.3306504817927174,0.3269169474077578,0.32995044061841966,199524000
2013-07-02,0.3287837505340576,0.33368398365581886,0.3257502569918556,0.32715031167652503,256392000
2013-07-03,0.32971706986427307,0.33368393258917006,0.3259835356426399,0.3259835356426399,140388000
2013-07-05,0.33228394389152527,0.3329839851737663,0.32855040893087084,0.330650532777594,184684000
2013-07-08,0.3306504487991333,0.3348506397919234,0.3287836817929268,0.33321722909284507,262084000
2013-07-09,0.33228394389152527,0.3343840399213017,0.33041717641119805,0.3313505462428883,157364000
2013-07-10,0.336717426776886,0.3376508242438412,0.3313504817469528,0.33228387921390806,208468000
2013-07-11,0.3413844108581543,0.34185109575476713,0.33788420459119417,0.3385842458445862,239832000
2013-07-12,0.3416176438331604,0.34488449282946626,0.33951754847741494,0.3406842743010375,216360000
2013-07-15,0.3409176468849182,0.3423177291811888,0.33555070183846963,0.3423177291811888,201332000
2013-07-16,0.34278449416160583,0.3446512617208294,0.3406843980430718,0.34231780922603694,162560000
2013-07-17,0.3409176468849182,0.34395113998221016,0.3399842772320321,0.3427844140076318,166100000
2013-07-18,0.3395175337791443,0.34161762904397314,0.33508395915115263,0.3404509032708601,344488000
2013-07-19,0.33228394389152527,0.3390509447136464,0.3287837652972668,0.3374175335997151,480532000
2013-07-22,0.33205053210258484,0.3378841621193247,0.33065047758873256,0.33485066894723153,292384000
2013-07-23,0.3315838575363159,0.3362507616942774,0.32995044664441797,0.3362507616942774,246792000
2013-07-24,0.3315838575363159,0.3355507205071946,0.33111717268390833,0.3346173508023795,284252000
2013-07-25,0.3327505886554718,0.3371841643633826,0.32901705414533045,0.33135050625993295,243320000
2013-07-26,0.3313503563404083,0.33345047898351576,0.3287835768658514,0.3287835768658514,227360000
2013-07-29,0.3306504487991333,0.3348506397919234,0.3297170513875602,0.3306504487991333,179540000
2013-07-30,0.33625078201293945,0.3406843579210768,0.33158387757297036,0.3318172339217467,266076000
2013-07-31,0.3369508683681488,0.3402176907868554,0.33438405945563054,0.3346174158356589,270160000
2013-08-01,0.3416176438331604,0.3423176848907215,0.3341506041253637,0.3381174663622928,277648000
2013-08-02,0.34441784024238586,0.34511788142189076,0.33858421010808304,0.3409176621618042,209628000
2013-08-05,0.34605127573013306,0.34721800174619316,0.34161770017893905,0.3434844673680238,185188000
2013-08-06,0.3409176468849182,0.34698463307950206,0.34021760573678295,0.3462845919313668,206608000
2013-08-07,0.3406842350959778,0.3441844121640541,0.33881746842961685,0.3390507968773278,244380000
2013-08-08,0.3430178165435791,0.3446512275646674,0.3385842405526878,0.3425511316542603,345696000
2013-08-09,0.3381175696849823,0.34325115931426725,0.3292504451524285,0.32948377369829135,906224000
2013-08-12,0.3353174328804016,0.34021766615366394,0.30591589415609577,0.3243501845182151,257568000
2013-08-13,0.3364841043949127,0.3378841588954064,0.3336839397600416,0.3357840632361949,197468000
2013-08-14,0.35071825981140137,0.3528183559926735,0.33555079032519064,0.33578414670842033,828508000
2013-08-15,0.3530515730381012,0.35585170944699224,0.34558450552514136,0.3469845876380558,723616000
2013-08-16,0.3544517159461975,0.3593519485480051,0.3516515512400874,0.35235159241661496,660456000
2013-08-19,0.3488512635231018,0.35351816559293375,0.348617907292838,0.35235144007547575,393432000
2013-08-20,0.3506101965904236,0.352955413052659,0.34826498012818813,0.3487340178291981,234192000
2013-08-21,0.3489686846733093,0.35295554859875433,0.347561543072707,0.3484996188349777,261540000
2013-08-22,0.35084494948387146,0.35412824340754356,0.3487342365696225,0.3487342365696225,129016000
2013-08-23,0.35084494948387146,0.35412824340754356,0.35014137851245514,0.3513139874790813,245120000
2013-08-26,0.35154834389686584,0.3524864474479476,0.35014123050603,0.35107930609992055,300152000
2013-08-27,0.34709256887435913,0.3506103955641018,0.34591995997777825,0.34826517777094,277464000
2013-08-28,0.34709256887435913,0.35037586260190506,0.3456854270155815,0.3477961398037479,318824000
2013-08-29,0.3463890254497528,0.34967234739521,0.3449818834792421,0.3459199874453171,276216000
2013-08-30,0.3459198772907257,0.34756152376208727,0.34427823081936415,0.3466234480519363,378120000
2013-09-03,0.3461543917655945,0.3510793592724055,0.34404370738107287,0.34685796254616685,284680000
2013-09-04,0.3494376540184021,0.3515483380481359,0.3456852957908857,0.34615433358002756,222080000
2013-09-05,0.3503758907318115,0.3517830327035615,0.3477961677265415,0.3480306727503641,174904000
2013-09-06,0.3489686846733093,0.35248651071761894,0.34638893439127044,0.3506103312358812,226756000
2013-09-09,0.35483166575431824,0.35483166575431824,0.35084480252916567,0.3517828781266635,246408000
2013-09-10,0.3623364269733429,0.3625709598982845,0.355769812604146,0.3574114871643429,292132000
2013-09-11,0.36843401193618774,0.3693721157003648,0.35928764701074856,0.36186739741573853,396164000
2013-09-12,0.36819934844970703,0.3728897813797235,0.36655767455845284,0.36655767455845284,303808000
2013-09-13,0.3705447018146515,0.3721863483552362,0.3667923429014328,0.3693720931489201,159696000
2013-09-16,0.3707791566848755,0.37617316141000207,0.3693720432504025,0.3735934394682056,231412000
2013-09-17,0.37195178866386414,0.3750005765667346,0.37054467514059664,0.3721863215630057,168608000
2013-09-18,0.3752351701259613,0.3761732459597879,0.3703102021053757,0.3721863817302273,268168000
2013-09-19,0.37359341979026794,0.37758028291373313,0.37195174560073174,0.37687671225495917,227572000
2013-09-20,0.3703101873397827,0.37687680178632965,0.36960661651386745,0.374531584338077,356036000
2013-09-23,0.3667924106121063,0.37312449298453254,0.36468169784983023,0.3700757042993789,271244000
2013-09-24,0.36819934844970703,0.36960646155440063,0.36491602862438416,0.3670267402172029,229732000
2013-09-25,0.36866846680641174,0.3714827215886708,0.365854184066961,0.36749585831737114,233156000
2013-09-26,0.3674958050251007,0.3703100593992517,0.3653850932765968,0.36960648881641706,148816000
2013-09-27,0.3653852641582489,0.36773048189303964,0.3632745793798175,0.36468169324637156,151920000
2013-09-30,0.36491620540618896,0.3674959559503193,0.35952219933213403,0.36163291194747677,226640000
2013-10-01,0.3646816313266754,0.36702687662046507,0.36257094690661945,0.3653852021190927,226976000
2013-10-02,0.36444711685180664,0.3658542304427063,0.3609292909387647,0.3609292909387647,162036000
2013-10-03,0.36069464683532715,0.36796482933061214,0.3590530008400911,0.3646815093829536,436768000
2013-10-04,0.3656197190284729,0.3686685070240053,0.35928761013113847,0.3602257137990225,246228000
2013-10-07,0.3656197190284729,0.3681994691686606,0.36233639812667084,0.3642125775052442,169952000
2013-10-08,0.36257094144821167,0.3698411262650799,0.3597566862781062,0.3646816258364919,290712000
2013-10-09,0.35694247484207153,0.3651507650023925,0.3550663229899765,0.3649162320422801,275860000
2013-10-10,0.36092931032180786,0.36186738609945196,0.35694241837382884,0.3595221686981451,223484000
2013-10-11,0.3578805923461914,0.35975677222689467,0.3541282325847849,0.3553008415155741,213704000
2013-10-14,0.3632745146751404,0.3632745146751404,0.35694240555328904,0.35694240555328904,166628000
2013-10-15,0.3613983392715454,0.3653852031637138,0.36116380635433715,0.36327451873762345,208820000
2013-10-16,0.36585426330566406,0.3672614049801558,0.3630400079138783,0.363509045819643,210072000
2013-10-17,0.366557776927948,0.3674958805502491,0.36303995124800376,0.36303995124800376,213324000
2013-10-18,0.3707791566848755,0.371951765192199,0.364447076336767,0.36585418977123996,255068000
2013-10-21,0.37171727418899536,0.37546960477867175,0.3705446656377478,0.3752350998427381,195008000
2013-10-22,0.36984115839004517,0.37195184296166267,0.36655783710873163,0.3717173379854818,179452000
2013-10-23,0.36350902915000916,0.3691375676326674,0.3623364204607716,0.3691375676326674,252216000
2013-10-24,0.36092931032180786,0.3667923538250751,0.3602257395099765,0.3644471364237682,236436000
2013-10-25,0.35741138458251953,0.36303989359369027,0.3562387762087599,0.3628053886932517,330492000
2013-10-28,0.3567078709602356,0.3585840502494575,0.35178290382067723,0.3569423758981425,394024000
2013-10-29,0.3571769893169403,0.3578805602036641,0.3529555919537972,0.3562389134394417,387952000
2013-10-30,0.35694247484207153,0.3599912635375277,0.35389368614661537,0.358349616688344,204032000
2013-10-31,0.3562389016151428,0.3599912329577894,0.355535330751772,0.35741151040169467,293368000
2013-11-01,0.3578805923461914,0.3595222392578559,0.3553008415155741,0.35811509735802793,206136000
2013-11-04,0.3475615382194519,0.3590531199113824,0.3468579674289752,0.3590531199113824,410264000
2013-11-05,0.34709256887435913,0.34873421573813207,0.34169856235864676,0.34545092201058614,422368000
2013-11-06,0.3494376540184021,0.3496721868915684,0.3435746117611519,0.34709243711550203,198044000
2013-11-07,0.3412294089794159,0.34920313559637817,0.3405258382879917,0.34826505997927387,553076000
2013-11-08,0.36491620540618896,0.3660888142067575,0.3503758339133802,0.35178297565694205,734532000
2013-11-11,0.3679649531841278,0.36890302893795673,0.36280548062367657,0.3635090234604503,297624000
2013-11-12,0.36866846680641174,0.3717172544693556,0.36444707065442733,0.36960654241476754,316032000
2013-11-13,0.37875303626060486,0.37875303626060486,0.36702694731890245,0.36773049028964355,332792000
2013-11-14,0.3803946077823639,0.3827398251062249,0.3773458196699054,0.3775803525851698,307980000
2013-11-15,0.37922197580337524,0.3822707637283742,0.37546961713303895,0.38180172588388067,450332000
2013-11-18,0.37007570266723633,0.37429710021596985,0.36913762674849593,0.3710138065431776,316948000
2013-11-19,0.36406299471855164,0.37160832879735023,0.36359141660899064,0.36830725392181574,206716000
2013-11-20,0.3586397171020508,0.36524189387403466,0.35793233599994484,0.3642987097016924,204776000
2013-11-21,0.36146920919418335,0.36217659028805504,0.35746075380704745,0.35911129095367955,213568000
2013-11-22,0.35793229937553406,0.3619407543991766,0.3572249183458089,0.3619407543991766,158668000
2013-11-25,0.3657134473323822,0.3661850253325649,0.3579323119492635,0.3579323119492635,248208000
2013-11-26,0.3687787353992462,0.3727871904430793,0.36736397333266974,0.3697218913712304,753176000
2013-11-27,0.3701935410499573,0.37137250020804047,0.3661850574255917,0.36854297574175804,181272000
2013-11-29,0.3678356111049652,0.37113671376065627,0.3654776926831594,0.37019355763537587,116964000
2013-12-02,0.3713725805282593,0.3739662743718425,0.3657135584803684,0.36642093974993095,373872000
2013-12-03,0.37113669514656067,0.3763241097926414,0.3687787768430145,0.3713724982203566,290560000
2013-12-04,0.3763240873813629,0.3770314684520206,0.36925033289198883,0.3701935170223997,493176000
2013-12-05,0.3701935410499573,0.37703149292339816,0.3697219348998412,0.37703149292339816,271812000
2013-12-06,0.3647703528404236,0.374673604948574,0.36382716857241515,0.374673604948574,281000000
2013-12-09,0.3586397171020508,0.3659492749761406,0.35793233599994484,0.364770315842165,385220000
2013-12-10,0.366892546415329,0.3685430841002132,0.35816825170213096,0.3586398298822962,524268000
2013-12-11,0.3633555769920349,0.3680714138310399,0.3626481958444632,0.36759983576886035,414156000
2013-12-12,0.3562817871570587,0.36406292280799357,0.355574406078137,0.3621765826337363,258724000
2013-12-13,0.3541595935821533,0.3595828102715933,0.3536880156327668,0.3569891174956685,184588000
2013-12-16,0.3546312749385834,0.3576965746663045,0.3541596968516893,0.3543954999494395,237620000
2013-12-17,0.3562817871570587,0.35722494318988635,0.35133014771320875,0.3543954469828015,274104000
2013-12-18,0.3612334430217743,0.3619408241878953,0.35250915026256296,0.3569892122422591,426232000
2013-12-19,0.3626481592655182,0.3631197372801314,0.35840390091679497,0.3607618190984632,258544000
2013-12-20,0.36995774507522583,0.3701935481548095,0.36241238383179825,0.3633555680415287,382080000
2013-12-23,0.37207987904548645,0.37514517869101394,0.36901460750856446,0.37207987904548645,168568000
2013-12-24,0.37302303314208984,0.3742019922866915,0.3692503526359232,0.3742019922866915,79600000
2013-12-26,0.36948615312576294,0.3756167518782831,0.36854296895151206,0.3744377927419218,168920000
2013-12-27,0.37160831689834595,0.3723156980943407,0.3692503983174346,0.37137254190541885,210976000
2013-12-30,0.3765600621700287,0.37679586533731907,0.37137264546717125,0.37184422369313747,248180000
2013-12-31,0.37773895263671875,0.37962529330386646,0.37490945569030193,0.3772673744970842,235776000
2014-01-02,0.373966246843338,0.3767957717133005,0.3706651719731918,0.37538100927831924,260092000
2014-01-03,0.36948615312576294,0.3753809488075696,0.3683071939894016,0.3746735677040322,259332000
2014-01-06,0.3744378089904785,0.3772673054188098,0.3697219441317874,0.37325882169435254,409492000
2014-01-07,0.38056832551956177,0.38198308758586874,0.3756167145046877,0.37821040748145024,333288000
2014-01-08,0.3857559561729431,0.3876422971468298,0.38056851146760123,0.38198327422516976,308192000
2014-01-09,0.3713725805282593,0.3805684527067437,0.37019362111519155,0.3798610714371811,292172000
2014-01-10,0.37090086936950684,0.3751451276778147,0.3675997951900461,0.3725514345678389,218492000
2014-01-13,0.3621766269207001,0.3732588381502665,0.3614692457552798,0.37090091967126915,243332000
2014-01-14,0.37349462509155273,0.37420200622638555,0.3624123862325812,0.36406295158339264,241828000
2014-01-15,0.377502977848053,0.37891773973222165,0.37349452332103733,0.375145060113503,175044000
2014-01-16,0.37868207693099976,0.37938945813500813,0.37585258022357343,0.3775031176271882,220652000
2014-01-17,0.377031534910202,0.38316213445838876,0.37467361633145435,0.3786820722936041,340400000
2014-01-21,0.3784463703632355,0.38080428939719985,0.3744379136272185,0.3775031858844825,246076000
2014-01-22,0.3779747486114502,0.379625286123256,0.37349468609813863,0.37915370799254133,337940000
2014-01-23,0.3765600621700287,0.3808043224209537,0.3737305647056169,0.37679586533731907,185028000
2014-01-24,0.366892546415329,0.37490948791258505,0.366892546415329,0.37349472526347754,246696000
2014-01-27,0.36453449726104736,0.3720798297757179,0.36241235404502636,0.3668924154286695,233812000
2014-01-28,0.3680715262889862,0.36830732944642397,0.3624125034879999,0.36382726621539985,167996000
2014-01-29,0.36453449726104736,0.3687787555844876,0.36429869420084443,0.3666566123684666,162944000
2014-01-30,0.37066513299942017,0.37137251414253286,0.36547769002233027,0.36665664922464986,202896000
2014-01-31,0.3701935410499573,0.37231565629106556,0.3652419013425666,0.3654776763090211,335348000
2014-02-03,0.36524203419685364,0.3732589481444752,0.36382727144910215,0.3727873699314293,431728000
2014-02-04,0.3673640787601471,0.36807145999644214,0.3631198194509849,0.3650061600449024,280692000
2014-02-05,0.36406299471855164,0.3659493352654032,0.3612334698439705,0.3647703759371969,214676000
2014-02-06,0.3687787353992462,0.3697218913712304,0.36406289932212493,0.36453447730811706,168380000
2014-02-07,0.37420204281806946,0.3746736209178703,0.36642090579123104,0.36972198059844397,157248000
2014-02-10,0.3753810524940491,0.38033269347793336,0.37349471173311166,0.3737305148689579,324372000
2014-02-11,0.38316217064857483,0.38410532692571364,0.37561683610563645,0.3775031486599141,235384000
2014-02-12,0.3968380391597748,0.3996675637366848,0.3843410659737709,0.3843410659737709,744528000
2014-02-13,0.40933510661125183,0.4116930536712216,0.399667655775848,0.40674141262992397,902836000
2014-02-14,0.42230361700057983,0.42324677317698467,0.4053265809564426,0.4055623840548469,817536000
2014-02-18,0.4220678210258484,0.42395416151910204,0.4185309431417253,0.4225394272306169,428988000
2014-02-19,0.42772677540779114,0.4314994558024753,0.4201814146184229,0.422067754815765,450340000
2014-02-20,0.44281747937202454,0.4437606354387458,0.4279625886152458,0.42866994161098515,398088000
2014-02-21,0.43951642513275146,0.447769168110536,0.4366869285136115,0.44211014676365,451052000
2014-02-24,0.4458829462528229,0.4491840218350371,0.43456492865740987,0.43857338560970244,403112000
2014-02-25,0.44386953115463257,0.44718553937920424,0.43913240074997967,0.4452906815702382,242184000
2014-02-26,0.44315895438194275,0.44955407435107675,0.441737804061903,0.44292208658342863,360884000
2014-02-27,0.4381849765777588,0.44765923718413503,0.4370006940019618,0.44315897469031584,388848000
2014-02-28,0.4353427588939667,0.4400798897940097,0.4289476095904867,0.4358164663368655,321692000
2014-03-03,0.43321096897125244,0.43321096897125244,0.42184185084565384,0.4256315662993611,375948000
2014-03-04,0.4377111792564392,0.4405534512072354,0.43463203954494417,0.43534261459152274,260344000
2014-03-05,0.4415009021759033,0.44173776995612934,0.435342650480751,0.43723747978047767,241472000
2014-03-06,0.4353427588939667,0.44458015285483954,0.43463218361185474,0.4422115874048181,290144000
2014-03-07,0.43486905097961426,0.43794819190833445,0.43155307043208746,0.4372376165808561,268452000
2014-03-10,0.4284738302230835,0.4353426858164419,0.42657897253403554,0.43344782812739396,300888000
2014-03-11,0.43273723125457764,0.43652694644254736,0.42918438385417645,0.43060550587302415,297220000
2014-03-12,0.43392157554626465,0.43652700863865457,0.4289475771828022,0.43060556722544796,239428000
2014-03-13,0.42018386721611023,0.43652698359003156,0.41805214165315163,0.4348689654070003,385172000
2014-03-14,0.4220786988735199,0.42586841440317985,0.4159204464322272,0.4159204464322272,460048000
2014-03-17,0.4220786988735199,0.4263421217855064,0.42160499149119335,0.4232629814470981,299656000
2014-03-18,0.4320267140865326,0.4348689867410583,0.42184187785858424,0.4237367357067764,293904000
2014-03-19,0.43960604071617126,0.44789604588830984,0.43415833593928943,0.4353426465943264,366168000
2014-03-20,0.43984296917915344,0.44363268473868045,0.43534270665829866,0.43723753620253814,191800000
2014-03-21,0.439132422208786,0.44718556123153824,0.4367638568907164,0.4436327132544338,566116000
2014-03-24,0.43700075149536133,0.44292216515338906,0.4306056021562693,0.4393693169585724,306096000
2014-03-25,0.43700075149536133,0.44221158986732023,0.43368474290554926,0.4417378824217835,304424000
2014-03-26,0.42705273628234863,0.4493172676561437,0.4232630204038863,0.44102728887809295,557756000
2014-03-27,0.4213680624961853,0.42965803875195646,0.4166309049716554,0.4261051917851974,540728000
2014-03-28,0.42397361993789673,0.42657905328297135,0.41947335678061654,0.420657639531009,398820000
2014-03-31,0.42421042919158936,0.4284738521512574,0.4218418640179431,0.4246841365792138,273404000
2014-04-01,0.4417377710342407,0.4469486080922474,0.4325003511156867,0.4377112164092138,656272000
2014-04-02,0.43889543414115906,0.4426851204267144,0.43700057688062327,0.4417377059142046,239948000
2014-04-03,0.4436327815055847,0.4542913270766732,0.43960619725697164,0.4398430651194301,599548000
2014-04-04,0.4298950433731079,0.44860672696311615,0.4280001854071476,0.44600129373048,368032000
2014-04-07,0.4313161075115204,0.4396060852886756,0.4277632598927396,0.4301318249719268,428576000
2014-04-08,0.44671186804771423,0.44789615074448147,0.4306055894890477,0.4313161647542134,470692000
2014-04-09,0.44623813033103943,0.4526332794526313,0.4426852822570558,0.44884356354617144,421968000
2014-04-10,0.4353427588939667,0.4505015664798933,0.43392160832974286,0.44434331325115384,372748000
2014-04-11,0.4291844069957733,0.43865866724102803,0.4234998339073069,0.4320266794222452,353112000
2014-04-14,0.43392157554626465,0.4355795655889104,0.42918444500411956,0.43202671768230155,290184000
2014-04-15,0.43700075149536133,0.4393693169585724,0.4301318947107326,0.4343953181916181,304636000
2014-04-16,0.43794816732406616,0.4396061575047581,0.4325004610999118,0.4391324500582072,235136000
2014-04-17,0.43960604071617126,0.4436326235309449,0.4353426465943264,0.43629006123573194,153532000
2014-04-21,0.44315895438194275,0.4443432369034684,0.4370006739758004,0.4398429463803574,117004000
2014-04-22,0.4469485878944397,0.44979088819356255,0.44150088330181314,0.4438694480607361,255120000
2014-04-23,0.4521595239639282,0.4533438065293807,0.44694865808751844,0.4476592332738946,261580000
2014-04-24,0.45618611574172974,0.46092324638466464,0.45523870090735313,0.45523870090735313,391492000
2014-04-25,0.4436327815055847,0.45950219416651833,0.442685338291281,0.4552387702909769,313600000
2014-04-28,0.4417377710342407,0.44955404073901095,0.4362900661954299,0.4471854758730515,226788000
2014-04-29,0.4426852762699127,0.444343294603769,0.43771130597492247,0.4433958515222045,171300000
2014-04-30,0.4374743402004242,0.4424483376173226,0.4365269255665006,0.4419746303003608,305740000
2014-05-01,0.43984296917915344,0.44505380689686,0.4362901214304184,0.4441063921247403,198104000
2014-05-02,0.43652698397636414,0.4419746894391592,0.4339215510311723,0.4419746894391592,156376000
2014-05-05,0.4412641227245331,0.44458010268616016,0.4355795493446412,0.43605325673408446,239260000
2014-05-06,0.43226349353790283,0.4493171542142884,0.4310792111543272,0.44552746752815786,416188000
2014-05-07,0.43273723125457764,0.4362900786549788,0.42800010138737604,0.4322635239149617,293900000
2014-05-08,0.4381849765777588,0.44505380422317203,0.4289475555452277,0.4310792811229766,432728000
2014-05-09,0.4275265038013458,0.42894765451440753,0.41947339172207687,0.42492109847477305,539532000
2014-05-12,0.44007983803749084,0.4410272528118658,0.42823698394465987,0.42847385175601566,299856000
2014-05-13,0.4329741597175598,0.44126416692303083,0.4315530374068856,0.4341584424275518,221104000
2014-05-14,0.4287107288837433,0.43486901016317253,0.42847388928716623,0.43321102004502665,214320000
2014-05-15,0.42634204030036926,0.4301317551057154,0.42207861820323445,0.42776319041125366,325896000
2014-05-16,0.42539462447166443,0.42847376421255573,0.4230260597841355,0.4230260597841355,283960000
2014-05-19,0.439132422208786,0.4415009875268557,0.4280001708609639,0.4298950287625248,360076000
2014-05-20,0.43401652574539185,0.4404411006717389,0.43187501022513314,0.43925136352369054,256200000
2014-05-21,0.43401652574539185,0.43948932229952864,0.43139909267345694,0.43568215207954536,216712000
2014-05-22,0.4359200894832611,0.43829956366269796,0.43306472614105085,0.43306472614105085,130364000
2014-05-23,0.4399651288986206,0.4421066723824556,0.4356820702965164,0.4382995028771261,182656000
2014-05-27,0.44781744480133057,0.44781744480133057,0.44115491165757625,0.44258260746179817,209680000
2014-05-28,0.45162463188171387,0.4544799952332051,0.44520005724946615,0.4494831164594879,224676000
2014-05-29,0.450910747051239,0.4551938059107478,0.4499589688004893,0.4513866361766139,171884000
2014-05-30,0.4521005153656006,0.45329025244423754,0.44853130412968956,0.4509107782869636,239128000
2014-06-02,0.45067298412323,0.4563837124807396,0.4468658129745049,0.4535283483019848,181500000
2014-06-03,0.44876930117607117,0.45210055393421555,0.442820586909833,0.4516246647352766,243212000
2014-06-04,0.4492451250553131,0.45257637732909745,0.4473415401707645,0.44757949891842097,161236000
2014-06-05,0.4511488080024719,0.4525764757020283,0.4473416374058404,0.4499590707367213,188696000
2014-06-06,0.4528144598007202,0.4568595610571624,0.4516247224684975,0.4532903490604942,161052000
2014-06-09,0.45329028367996216,0.4575733431313101,0.4492451830069669,0.45233850529769437,247456000
2014-06-10,0.4556698203086853,0.4578113645099759,0.4497211336921702,0.4516247190825701,217608000
2014-06-11,0.46161842346191406,0.4628081604969987,0.454004083744918,0.454004083744918,266228000
2014-06-12,0.4644738435745239,0.4666153591538005,0.45757335090633033,0.4616184800136312,337148000
2014-06-13,0.46494972705841064,0.4694707453093577,0.4604287088074636,0.4692327865298867,227852000
2014-06-16,0.4635220468044281,0.46661536921441144,0.4594769459754834,0.4628082271729933,198620000
2014-06-17,0.4666152894496918,0.46851887432778216,0.4616184110559681,0.4639978850621892,157608000
2014-06-18,0.46613946557044983,0.46828100949515666,0.4611425581117055,0.46542561759554757,215536000
2014-06-19,0.4554317891597748,0.45995277864242967,0.4521005083717831,0.4575733045219652,474592000
2014-06-20,0.45043492317199707,0.4582871941575811,0.446865711666329,0.456621567794717,353148000
2014-06-23,0.4452000558376312,0.44543798623625197,0.43925134202299876,0.44448620791062976,414200000
2014-06-24,0.4382995665073395,0.4480554220525756,0.4363959814783214,0.4444862107602555,275780000
2014-06-25,0.4428205192089081,0.443058477954783,0.43544416683916376,0.4394892669600645,215420000
2014-06-26,0.4368719160556793,0.44305856095167817,0.43544424840969154,0.4428206021612271,256908000
2014-06-27,0.4373478889465332,0.4399652941446452,0.4337786484662416,0.43639608202992997,302820000
2014-06-30,0.4411548674106598,0.44234460433966033,0.43568207186414415,0.43568207186414415,180512000
2014-07-01,0.44615185260772705,0.4487692856597505,0.43925136018219746,0.4406790560952232,321180000
2014-07-02,0.44448620080947876,0.44638978579588096,0.44186876790747964,0.44448620080947876,179284000
2014-07-03,0.44853129982948303,0.44972103689671367,0.4404410707529733,0.4404410707529733,136892000
2014-07-07,0.4449620842933655,0.4494831021241436,0.44424823638686695,0.4492451433667878,127496000
2014-07-08,0.4413928985595703,0.4456759578797832,0.4371098392393574,0.4437723728079585,221940000
2014-07-09,0.4547179937362671,0.45662157892547345,0.4418688149833034,0.4452000961558076,387668000
2014-07-10,0.45233845710754395,0.45424204203485136,0.4425826020835736,0.4461518131851869,266308000
2014-07-11,0.45329028367996216,0.4547179796189353,0.45114876813707394,0.45281439448882826,191188000
2014-07-14,0.45900097489356995,0.46019071188784344,0.4535281790467983,0.45519380516566776,272636000
2014-07-15,0.46090462803840637,0.46209436520893393,0.45662156855139285,0.4597148908678788,395440000
2014-07-16,0.4604286253452301,0.4663773384635321,0.4578112210733663,0.4628081276118907,319728000
2014-07-17,0.4592389166355133,0.4639978930959207,0.45519381642801354,0.45519381642801354,324832000
2014-07-18,0.4387754797935486,0.4532902845264521,0.438061631822729,0.44972107303792547,567816000
2014-07-21,0.4413928985595703,0.4444862207555891,0.4371098392393574,0.4371098392393574,243364000
2014-07-22,0.4394894242286682,0.44710373806902304,0.43853764563571546,0.44472426322106356,298816000
2014-07-23,0.43020936846733093,0.43996522472104016,0.4297334792669097,0.4397272943036155,297352000
2014-07-24,0.4309231638908386,0.43377852711066794,0.4278298419170366,0.4325887900719417,254576000
2014-07-25,0.4233088195323944,0.43044724120853484,0.4225949716916671,0.4294954346323763,266132000
2014-07-28,0.4216432571411133,0.42521246875818053,0.41450483390697873,0.42521246875818053,330352000
2014-07-29,0.42307084798812866,0.4287816021754827,0.4216431523498988,0.42188111107812554,217972000
2014-07-30,0.43020936846733093,0.43139910565117,0.4244986413311322,0.42568837851497127,246184000
2014-07-31,0.41640838980674744,0.4283057610264263,0.41569454186045257,0.4249745084311444,401880000
2014-08-01,0.420929491519928,0.4233089662366183,0.4149807763626261,0.4164084725388707,219884000
2014-08-04,0.4199775755405426,0.4240226758352384,0.41783606019792974,0.42045346468717115,241724000
2014-08-05,0.42021554708480835,0.4264021912759602,0.4152186399792188,0.41878785123590573,298136000
2014-08-06,0.41973957419395447,0.42497441065306835,0.41426677901896836,0.4173600721319239,223456000
2014-08-07,0.4154565930366516,0.42711600496880325,0.4126012013780625,0.42330886336663315,407696000
2014-08-08,0.4521005153656006,0.45447998952287455,0.4335406112657495,0.4335406112657495,894348000
2014-08-11,0.4497210383415222,0.4544799866257337,0.44853130127046936,0.45257640163893526,344624000
2014-08-12,0.4497210383415222,0.4521005124836279,0.4447241312968725,0.4494831079466532,296152000
2014-08-13,0.45233845710754395,0.4561456269621588,0.44757950897205956,0.45043487218023653,256596000
2014-08-14,0.44734159111976624,0.4540041247917175,0.4454380060184129,0.4540041247917175,255992000
2014-08-15,0.45305225253105164,0.4556696566830942,0.44448613553303123,0.44876919403204146,369796000
2014-08-18,0.4592389166355133,0.45971483413745173,0.45043486833317425,0.45495585767704433,284076000
2014-08-19,0.46294349431991577,0.465333494547904,0.45768547102550156,0.4593584939779334,248260000
2014-08-20,0.46007540822029114,0.4634214251756796,0.45888040827001947,0.4612704081705628,221468000
2014-08-21,0.45577338337898254,0.4612703886154007,0.4550564062320521,0.4588803888161793,272796000
2014-08-22,0.4560125470161438,0.4598365593681389,0.45242754612029384,0.4552955411387629,251224000
2014-08-25,0.4567294716835022,0.46103147769180325,0.45577345451996343,0.45792447176963863,153380000
2014-08-26,0.4648555815219879,0.4658115703840031,0.4562515677996307,0.4579245625536849,269636000
2014-08-27,0.4595974385738373,0.465572438645469,0.4588804328670319,0.46198743860249,182972000
2014-08-28,0.46342146396636963,0.46437745261018953,0.4572074523083946,0.458641463765173,179704000
2014-08-29,0.4648555815219879,0.4658115703840031,0.46007555173874665,0.4650945644919642,207932000
2014-09-02,0.466050386428833,0.466050386428833,0.4617483813714969,0.466050386428833,192636000
2014-09-03,0.47035250067710876,0.47202549511805264,0.4653334888632274,0.4684404948198659,259456000
2014-09-04,0.47871747612953186,0.4815854990096868,0.46939645875112485,0.4696354701548205,491832000
2014-09-05,0.4772835373878479,0.48039054365390005,0.4741765311217957,0.47823952616614734,253792000
2014-09-08,0.4729815423488617,0.47776154333813337,0.4710695362549424,0.47680555453670037,319288000
2014-09-09,0.46700647473335266,0.47393749227727416,0.4665284804005768,0.47083048637765756,198588000
2014-09-10,0.46867936849594116,0.4703523910379532,0.4643773634427046,0.46963538544723993,172376000
2014-09-11,0.4638994038105011,0.46700640927461906,0.4588803927922301,0.46533341509887716,250720000
2014-09-12,0.4569684863090515,0.4667674990916128,0.4564904919396452,0.4667674990916128,262536000
2014-09-15,0.45075446367263794,0.4591194641349216,0.44884245786876337,0.4584024583970875,294152000
2014-09-16,0.457446426153183,0.4598364260575344,0.4481254094315847,0.44955942077061406,219936000
2014-09-17,0.4576855003833771,0.4619875067679147,0.45410049981143763,0.45625151724923246,173584000
2014-09-18,0.46461641788482666,0.4650944121592765,0.45911941250103944,0.4605534238154346,219604000
2014-09-19,0.4560125470161438,0.46652856673860305,0.4552955411387629,0.4660505723173673,601316000
2014-09-22,0.4514714181423187,0.46533342303245817,0.4509933953773466,0.46533342303245817,221464000
2014-09-23,0.44955939054489136,0.45457837291195485,0.44740837368096903,0.44908136780332353,196144000
2014-09-24,0.4521884322166443,0.45362244364651744,0.4488424435350044,0.4493204378479461,159592000
2014-09-25,0.4423893392086029,0.4529053546140086,0.4414333507585855,0.45171035480596544,298440000
2014-09-26,0.44334545731544495,0.44669144614506073,0.44191144582215286,0.44382345164952586,241188000
2014-09-29,0.44262850284576416,0.44573550911379994,0.43545850153078275,0.4397605080179821,208540000
2014-09-30,0.4409555494785309,0.4440625560371566,0.43569752522960026,0.44071653801592303,277204000
2014-10-01,0.43665337562561035,0.4447793633723657,0.4354583757516143,0.44167238649281143,350976000
2014-10-02,0.43474140763282776,0.4380873961722472,0.4247033850324758,0.4359364076099128,288996000
2014-10-03,0.435697466135025,0.4433454900084954,0.435697466135025,0.4373704891642538,239140000
2014-10-06,0.4330684542655945,0.4409554605574777,0.4302004312568736,0.43737046028762616,199032000
2014-10-07,0.4285274147987366,0.4354584320587585,0.4280494204855398,0.43115642625789113,301896000
2014-10-08,0.436414510011673,0.4385655275979069,0.4247034902405432,0.42804950809988906,260172000
2014-10-09,0.4280494153499603,0.43498043252682644,0.4244644153074237,0.4345024097283167,306956000
2014-10-10,0.4027153551578522,0.4261373884615745,0.402476372261516,0.42470337711937234,691376000
2014-10-13,0.40128132700920105,0.4134703365688594,0.4008033327794394,0.4053443206987395,397628000
2014-10-14,0.41060248017311096,0.42183547654312376,0.40438846763256636,0.40677846807261386,376620000
2014-10-15,0.416816383600235,0.4189674006748506,0.4019983894363093,0.4046273723172211,404428000
2014-10-16,0.4170553982257843,0.4218353982183473,0.408451386842752,0.409407403935893,351116000
2014-10-17,0.4163385033607483,0.4268545232384492,0.41466550861619844,0.42207452197341827,290716000
2014-10-20,0.4199233949184418,0.42374740633072405,0.413470400589882,0.41633839490356994,200336000
2014-10-21,0.43784841895103455,0.43832641324985955,0.42183539625754346,0.42303039625012956,351092000
2014-10-22,0.42757153511047363,0.4385655495703329,0.42757153511047363,0.437131537774332,239512000
2014-10-23,0.4371313750743866,0.4402383804819267,0.4318733812644966,0.43498038667203676,214476000
2014-10-24,0.4416723847389221,0.44430136735664705,0.437131368141143,0.4397603792499122,210156000
2014-10-27,0.44191139936447144,0.4435843936033992,0.43665340526025004,0.44143340508064155,145092000
2014-10-28,0.4524274468421936,0.45290544115854103,0.4402384350745692,0.4407164293909166,192580000
2014-10-29,0.44955939054489136,0.45314439016038427,0.44549636818783067,0.4505153790459384,168340000
2014-10-30,0.4466913640499115,0.45027636363322343,0.44095537611303,0.4483643866482923,170260000
2014-10-31,0.46700647473335266,0.4672454861452652,0.45457845113488626,0.4569684512898145,256316000
2014-11-03,0.4748934805393219,0.47943449792445675,0.4725034803864243,0.4777614750245891,308732000
2014-11-04,0.4811074733734131,0.48278046771630084,0.4701134617069253,0.47800046759887976,360196000
2014-11-05,0.4811074733734131,0.4842144791479464,0.47752247328534725,0.4839754962367042,335652000
2014-11-06,0.48325836658477783,0.4839753721167179,0.4746543286925381,0.4820633383708506,394088000
2014-11-07,0.4729815423488617,0.49449157529163745,0.4682015413595901,0.4887555855009328,450800000
2014-11-10,0.47847846150398254,0.48158546709085676,0.4713084332698632,0.472503433227042,293388000
2014-11-11,0.4727425277233124,0.4782395056998699,0.46867950436178535,0.47561052242652746,212992000
2014-11-12,0.4696354269981384,0.4722644097419617,0.4631824046018322,0.47106940981539325,204584000
2014-11-13,0.46724551916122437,0.4720255198088398,0.46342150724671155,0.4713085140134872,225328000
2014-11-14,0.4729815423488617,0.4729815423488617,0.4631825289244335,0.4677235469588735,160248000
2014-11-17,0.4708304703235626,0.47584948187419646,0.46772346452988683,0.4708304703235626,158732000
2014-11-18,0.4820633828639984,0.48325841118822355,0.46987437316912734,0.47106937300230906,207772000
2014-11-19,0.48026344180107117,0.483863642835352,0.47522321757633207,0.48242356242163964,240300000
2014-11-20,0.4881838262081146,0.4886638720864691,0.47546321127588914,0.47690329168769846,220968000
2014-11-21,0.4908238649368286,0.49322397925731415,0.4867436763143271,0.4925039392388446,198976000
2014-11-24,0.49394404888153076,0.496104111843169,0.49010385429393455,0.49202392297611136,136004000
2014-11-25,0.4937038719654083,0.4973040713590003,0.49202379798947476,0.49298383208668994,190240000
2014-11-26,0.5021044015884399,0.5025844473466777,0.49058381839989057,0.4908238698906293,219264000
2014-11-28,0.5033045411109924,0.5061847018489188,0.4992243515477649,0.5037845869750642,124832000
2014-12-01,0.49394404888153076,0.5040244952978228,0.4932240088199038,0.5011443922745576,190060000
2014-12-02,0.49466416239738464,0.49682422567977746,0.4889038410490009,0.4934640763753877,245952000
2014-12-03,0.5073845386505127,0.507624532853028,0.4956239643788998,0.49706404404044,284424000
2014-12-04,0.5028243064880371,0.5085845679227121,0.4994641587530787,0.5066644998522285,185332000
2014-12-05,0.5057046413421631,0.5083447501612403,0.5028244810135377,0.5030644752998418,165680000
2014-12-08,0.49922415614128113,0.5100246974577013,0.49514396817512213,0.5049844753624279,226944000
2014-12-09,0.4975443482398987,0.4987444344606256,0.4886639276549092,0.4961042676643305,239448000
2014-12-10,0.4865037202835083,0.4980243056162508,0.48602373165917556,0.4961041794491685,204364000
2014-12-11,0.4862637519836426,0.492744056544797,0.4853037174603703,0.4893839071017175,135652000
2014-12-12,0.4711430072784424,0.484103615988446,0.47066296142045083,0.47978340354790283,323964000
2014-12-15,0.469702810049057,0.4853035812611133,0.46826273005667685,0.4766631299184509,254696000
2014-12-16,0.4644226133823395,0.47666320952704433,0.46418261908460656,0.46922287128810236,185308000
2014-12-17,0.48338356614112854,0.4841036063020828,0.45842235510167245,0.4737831069594051,345596000
2014-12-18,0.4853036105632782,0.4951440623999708,0.4807433760531442,0.4893837993058883,226156000
2014-12-19,0.4901038110256195,0.492023879538285,0.4841034967828741,0.4886637310295016,325528000
2014-12-22,0.49874433875083923,0.49874433875083923,0.48794379372997954,0.48962386833798,148976000
2014-12-23,0.4956241846084595,0.5049846493445495,0.4951441387668973,0.5025845345832379,109280000
2014-12-24,0.4937038719654083,0.4975440655774971,0.4932238835284148,0.49682402569877865,45644000
2014-12-26,0.4941839873790741,0.4968240958248708,0.49250391316600023,0.49370394165109466,52636000
2014-12-29,0.4934638440608978,0.4968239917833865,0.4903436905405229,0.4927438042313325,82944000
2014-12-30,0.48890388011932373,0.49250408124977046,0.4881838398932344,0.4901039662372245,112120000
2014-12-31,0.481223464012146,0.4922640026240119,0.47978335519493254,0.48962383650601404,166300000
2015-01-02,0.48314353823661804,0.4867437387910753,0.4754631485359403,0.48314353823661804,113680000
2015-01-05,0.47498321533203125,0.48458370415569857,0.4728231232289738,0.48314362367924135,197952000
2015-01-06,0.4605824947357178,0.47618324155470293,0.46010247747899735,0.4757032242979825,197764000
2015-01-07,0.4593823254108429,0.46802274837404073,0.4579422453797701,0.46394253115654094,321808000
2015-01-08,0.4766633212566376,0.47954348239752803,0.4644227222427437,0.4646627452083613,283780000
2015-01-09,0.47858327627182007,0.48218347662313976,0.47186294996872613,0.4783432819894799,209540000
2015-01-12,0.47258293628692627,0.48002330181400943,0.4682627249683496,0.479783278947348,190732000
2015-01-13,0.4718630313873291,0.48578370357179085,0.46850288196180884,0.4761832439427312,236720000
2015-01-14,0.47378307580947876,0.47522315603670606,0.46562269748618623,0.4668227548050012,155260000
2015-01-15,0.4704228937625885,0.4800233516396629,0.47018287087101307,0.4771432199988649,188932000
2015-01-16,0.47906336188316345,0.4795433790993682,0.46826281715462365,0.46970289741486204,181512000
2015-01-20,0.4805033802986145,0.48506355757143915,0.47450306572766104,0.4824234489163048,140308000
2015-01-21,0.48722365498542786,0.4884237407330063,0.47450304362193424,0.47786322076959203,144780000
2015-01-22,0.4956241846084595,0.49706426490989636,0.4831435649603395,0.4881837887921189,159712000
2015-01-23,0.4970642328262329,0.4980242672241409,0.4920239520965354,0.4961041412050789,120416000
2015-01-26,0.49490419030189514,0.4973043052855351,0.49178403510083774,0.49490419030189514,133240000
2015-01-27,0.4711430072784424,0.48770381686525344,0.4701829441740851,0.4872237710072619,357948000
2015-01-28,0.46346262097358704,0.47882337327401214,0.46322259804247645,0.47690327566000573,272728000
2015-01-29,0.47474315762519836,0.4773832666641315,0.4615424979840347,0.46370261841038857,235340000
2015-01-30,0.4608224332332611,0.47690322397253204,0.4601024217412174,0.47138295465991836,298200000
2015-02-02,0.4709028899669647,0.47282298717921073,0.45458210658030385,0.46370254687975726,259604000
2015-02-03,0.48266348242759705,0.483143528232667,0.4718629668227301,0.4742630814015894,183468000
2015-02-04,0.48386362195014954,0.48938389181560377,0.47978340382462303,0.48122351278780245,181516000
2015-02-05,0.4917839467525482,0.4920239410408211,0.48386356300709665,0.4843435515836424,140448000
2015-02-06,0.48962390422821045,0.4970643005784624,0.4874637836210482,0.4913039789593631,210524000
2015-02-09,0.4891437590122223,0.49058378173282646,0.4836234907096607,0.4867436448469014,273944000
2015-02-10,0.5028243064880371,0.5030643006910415,0.48746353303127127,0.48962365252798357,226204000
2015-02-11,0.49946415424346924,0.5040243301755004,0.4961039493156254,0.5040243301755004,320832000
2015-02-12,0.535226047039032,0.5400262760258467,0.5249055489950559,0.5280257035588098,676904000
2015-02-13,0.5354659557342529,0.5361859956895106,0.5258654992951294,0.5340258758237376,310084000
2015-02-17,0.5371463298797607,0.5397864969312912,0.5311460698658389,0.5345062200514964,203340000
2015-02-18,0.5309057235717773,0.5373860831912274,0.5299456893692333,0.5364259917654489,170948000
2015-02-19,0.5323459506034851,0.5385862604794119,0.5299458358222248,0.5376262260115579,169432000
2015-02-20,0.5361862182617188,0.5364262126053488,0.5280258383457169,0.5318660339600878,157752000
2015-02-23,0.5318661332130432,0.5359463239324593,0.529225966047392,0.5359463239324593,125008000
2015-02-24,0.537527859210968,0.537527859210968,0.5290951413703148,0.5339138536917115,149356000
2015-02-25,0.5334319472312927,0.5377688226870979,0.5310225911259279,0.5353594091381523,123820000
2015-02-26,0.5348774790763855,0.538009647211326,0.5305406043771276,0.533913748291074,152864000
2015-02-27,0.5315046310424805,0.5346368005825328,0.5295771111635886,0.5334320934777759,157492000
2015-03-02,0.5445151329040527,0.5474063839305794,0.5293361799019778,0.5300589926586095,301512000
2015-03-03,0.534395694732666,0.5430693884692828,0.5327091511510437,0.540419113904388,160344000
2015-03-04,0.5404191017150879,0.5416237510561116,0.5302997830100152,0.5324682207561553,226840000
2015-03-05,0.5507794618606567,0.551743193037519,0.5389735969742102,0.5404192224613006,323056000
2015-03-06,0.5433105230331421,0.5502976177859261,0.5428286286789228,0.5476473424467184,257392000
2015-03-09,0.5447559356689453,0.5488518929013261,0.542346579472971,0.5435512862927496,222388000
2015-03-10,0.5541523098945618,0.5577663720483188,0.5462014305998655,0.5471651613596776,527212000
2015-03-11,0.5512612462043762,0.5613805077082141,0.5498156210056615,0.5541524391582231,262120000
2015-03-12,0.5462014675140381,0.5500564482573886,0.5358412318978465,0.5459605491686953,406972000
2015-03-13,0.5469245314598083,0.5483701570836844,0.5360823967243374,0.5435514432998305,359288000
2015-03-16,0.5534297227859497,0.5568028679839807,0.5476472784292562,0.551261342054435,236956000
2015-03-17,0.5601757764816284,0.560416694831682,0.548369915675388,0.5522248964941169,299900000
2015-03-18,0.5510203242301941,0.563067106324253,0.5459606929837657,0.5601759130878319,413844000
2015-03-19,0.5594530701637268,0.5613805322171077,0.5488519139829618,0.552947813929085,310756000
2015-03-20,0.5654764175415039,0.5688495622130775,0.558730243085524,0.5640308497606393,462084000
2015-03-23,0.5471653342247009,0.5558390286904142,0.5469244158195272,0.5486109595429177,426012000
2015-03-24,0.539696216583252,0.5493336397902356,0.537286860781506,0.5454786590187275,330480000
2015-03-25,0.5069290995597839,0.539455440162561,0.5052424983556144,0.539455440162561,542552000
2015-03-26,0.5052424669265747,0.5074109048168273,0.49295476710231356,0.4965688302527345,311920000
2015-03-27,0.5151209235191345,0.5170483857783837,0.4999419715358756,0.5081337723030716,318288000
2015-03-30,0.5172894597053528,0.5199397351751274,0.5107841440991026,0.5175303781725318,253252000
2015-03-31,0.5042787194252014,0.5163255004603705,0.5037968826499445,0.5158436636851136,357276000
2015-04-01,0.5062062740325928,0.5078928177503539,0.4975325795958307,0.5062062740325928,330768000
2015-04-02,0.5074109435081482,0.5105431126628203,0.5030741248405352,0.5090974872924194,192204000
2015-04-06,0.5221080183982849,0.523794562054043,0.4999419175907472,0.505242466953534,515864000
2015-04-07,0.5266857147216797,0.5324681572447576,0.519216671412612,0.5221079213959381,413964000
2015-04-08,0.5305408239364624,0.5324683437483422,0.5221081042707213,0.527167736070166,366432000
2015-04-09,0.5428286194801331,0.5445151635259213,0.5262040400298792,0.5264449584811066,379432000
2015-04-10,0.5483701825141907,0.548611100981476,0.5413830299704956,0.5433105500395851,258728000
2015-04-13,0.5433105230331421,0.5502976177859261,0.540901108705645,0.5471654480924991,236724000
2015-04-14,0.5387325882911682,0.543310382418874,0.5334319815410045,0.5411419445515,220276000
2015-04-15,0.5452378988265991,0.5493337991332913,0.5375279350471844,0.5401782674083777,243560000
2015-04-16,0.5418646335601807,0.5466833449815677,0.5380096529343568,0.5421055518981787,155284000
2015-04-17,0.5348774790763855,0.540178084560955,0.5302996860416923,0.5305406043771276,293636000
2015-04-20,0.532227635383606,0.5406603583777453,0.5312638463754611,0.5372872691800895,231624000
2015-04-21,0.5315046310424805,0.5387327013402329,0.5288542983894537,0.5387327013402329,230456000
2015-04-22,0.537527859210968,0.5382506718035357,0.5264448093830392,0.5346366662842792,207420000
2015-04-23,0.5353593826293945,0.5404190704106328,0.5216260592531896,0.5276494779401376,259380000
2015-04-24,0.5307816863059998,0.5353594228126137,0.5247582671669436,0.5351185044289978,240960000
2015-04-27,0.5348774790763855,0.544273983481207,0.5278903303566281,0.5324681233913213,248456000
2015-04-28,0.537527859210968,0.5394553786056759,0.5288541655437375,0.5339138536917115,234484000
2015-04-29,0.5334319472312927,0.53897347201799,0.5312635095033901,0.5336728656087549,195156000
2015-04-30,0.5348774790763855,0.5375277530968849,0.529576873591816,0.5307815801561334,218844000
2015-05-01,0.5481290817260742,0.5498156253232914,0.5368050558762713,0.5392144120785219,256968000
2015-05-04,0.5447559356689453,0.5512612490973003,0.5430693920761216,0.5476471860815475,200720000
2015-05-05,0.5307816863059998,0.5435512797349601,0.5283723301390937,0.54282846714053,292928000
2015-05-06,0.5324680805206299,0.5387324162861493,0.52548093236343,0.5336727295443865,316484000
2015-05-07,0.5418646335601807,0.543551176813309,0.5286131484295807,0.5302996916827091,534564000
2015-05-08,0.5018694996833801,0.5262040442018269,0.49367769784071824,0.5062063765014473,1146552000
2015-05-11,0.49705061316490173,0.5021103010270357,0.4910272518252283,0.4948821755097015,544144000
2015-05-12,0.5018694996833801,0.5059654006047111,0.4931958034908446,0.4934367793875808,388800000
2015-05-13,0.5047603845596313,0.5093381765084496,0.49994167433252495,0.505483196838053,308524000
2015-05-14,0.512952446937561,0.5156027791498162,0.5050015651879693,0.5062062720923739,293052000
2015-05-15,0.5131933689117432,0.5175301869364476,0.5100612002213974,0.5151208308241494,215824000
2015-05-18,0.5124703049659729,0.5156024721199843,0.5095790560719461,0.5119884110024508,324972000
2015-05-19,0.5092754364013672,0.5148426110681482,0.5083071869475607,0.5131482033787209,253808000
2015-05-20,0.5092754364013672,0.515568769303769,0.508791311674464,0.5095174699100848,196824000
2015-05-21,0.5056450366973877,0.5116963407760362,0.5051609115956712,0.5095178643825813,239692000
2015-05-22,0.5049184560775757,0.5087912805273112,0.5037082308986072,0.5068548971571756,212592000
2015-05-26,0.5017719864845276,0.5058868460409501,0.497899160516869,0.5024981449603065,259732000
2015-05-27,0.5286393761634827,0.5310598838023118,0.5034660505520961,0.5051604001283311,432332000
2015-05-28,0.5359011292457581,0.5375954795497047,0.5276714112810235,0.528639603210496,327656000
2015-05-29,0.5356590747833252,0.5392898088045047,0.5349329164371939,0.5359011083288767,335168000
2015-06-01,0.5417102575302124,0.5470353989102619,0.5356590155937415,0.5390477156949228,372660000
2015-06-02,0.5310600399971008,0.5412261981540241,0.530575915243163,0.5383215650493399,224304000
2015-06-03,0.5252508521080017,0.5366272360319708,0.5242826025621322,0.5325123774451824,250788000
2015-06-04,0.5346908569335938,0.5363852070891508,0.5221041898243423,0.5221041898243423,323712000
2015-06-05,0.5388057827949524,0.5412262915634507,0.5274293396444772,0.5329965155829716,313320000
2015-06-08,0.526461124420166,0.5407421428362217,0.5204098816210019,0.537111408698619,342812000
2015-06-09,0.5291237235069275,0.5329964911917123,0.525977056480931,0.5269452484021272,256888000
2015-06-10,0.5196836590766907,0.5262190258849166,0.5167790259577141,0.5228303257190915,529460000
2015-06-11,0.5252508521080017,0.5288815859218553,0.5196836769118824,0.5196836769118824,283052000
2015-06-12,0.5109701156616211,0.5250090492751935,0.5097598319191639,0.5218623807962108,323728000
2015-06-15,0.5100017189979553,0.5124222278037625,0.5044345429736506,0.5083073108953565,306548000
2015-06-16,0.5162951350212097,0.5170212936298167,0.5039505540938864,0.5090336066446376,256892000
2015-06-17,0.5223461985588074,0.5252508316644162,0.5148426399819462,0.5160528653029691,233544000
2015-06-18,0.5310600399971008,0.5344487401462515,0.5252508314972038,0.5267031480495459,299404000
2015-06-19,0.5293657183647156,0.535416960711972,0.5245247014031208,0.5310600685303264,355656000
2015-06-22,0.527187168598175,0.5332384677960758,0.5191994859742471,0.5303338349475688,514236000
2015-06-23,0.5136324167251587,0.5322703274298691,0.5095175578196625,0.5281554685243729,414064000
2015-06-24,0.5085493922233582,0.5155688849357147,0.5061288834649056,0.5129062849047803,253368000
2015-06-25,0.5124221444129944,0.5155688111194083,0.5085493194120639,0.5085493194120639,350460000
2015-06-26,0.5020138621330261,0.5087913198715217,0.4998354451005355,0.5083071951368189,421296000
2015-06-29,0.4870067536830902,0.501287769935538,0.4862805954236886,0.496204662119727,391724000
2015-06-30,0.48676472902297974,0.492089871083658,0.4833760284886744,0.48991139600754263,315916000
2015-07-01,0.4937841594219208,0.5058867010333462,0.48942726752559584,0.49886726729534886,302892000
2015-07-02,0.4942683279514313,0.4974149948200742,0.4911216610827884,0.4935421696194771,145764000
2015-07-06,0.4882168471813202,0.49693068623236264,0.4845861145739009,0.49015328792013757,214776000
2015-07-07,0.47901904582977295,0.48724879141631827,0.46376983766931507,0.48531240784747015,594252000
2015-07-08,0.4756304621696472,0.4792612255321951,0.4717576363743659,0.47635662061310524,332492000
2015-07-09,0.4698212742805481,0.48531257913681564,0.4669166690473706,0.4831341035708735,357588000
2015-07-10,0.4780508875846863,0.4824078086297401,0.47466215839198345,0.4758724126347908,216708000
2015-07-13,0.4811975955963135,0.48386013784566523,0.4780509285245889,0.4828919459103991,212472000
2015-07-14,0.48143962025642395,0.48240784102853845,0.4751463150840061,0.4819237450698508,249216000
2015-07-15,0.4780508875846863,0.48337600048209106,0.47369396653963247,0.48022933367984455,265732000
2015-07-16,0.4887010455131531,0.4887010455131531,0.4792610469747274,0.48095539680837357,282848000
2015-07-17,0.4857964813709259,0.4874908314436573,0.4795031481239401,0.4870067643997175,220372000
2015-07-20,0.47684070467948914,0.48773302334903423,0.47563045025562206,0.4857965816451571,188412000
2015-07-21,0.47901904582977295,0.485796474884947,0.4758723792482919,0.4758723792482919,149720000
2015-07-22,0.4698212742805481,0.47563051360164843,0.46401206381419313,0.47563051360164843,356472000
2015-07-23,0.4756304621696472,0.48264992646200955,0.4698212234767253,0.47078944435291675,169916000
2015-07-24,0.470063179731369,0.4795031507997915,0.46812676727112607,0.47901905489841473,188844000
2015-07-27,0.4674006700515747,0.4727257833718484,0.462075556731301,0.4659483533029821,192420000
2015-07-28,0.47756674885749817,0.480713386522996,0.4637698286422277,0.4686108451795901,198308000
2015-07-29,0.48337599635124207,0.48724882143702386,0.4746621543356015,0.4765985668784924,232680000
2015-07-30,0.484586238861084,0.48942725538557497,0.482165701744104,0.482165701744104,190180000
2015-07-31,0.4828919768333435,0.48676477367715004,0.4799873719868032,0.48652274010520424,218340000
2015-08-03,0.4911215901374817,0.4916056571492078,0.4804713368016983,0.4867646407751427,397132000
2015-08-04,0.49305829405784607,0.4945106114558671,0.4874911158384354,0.48942755827229834,260100000
2015-08-05,0.4981410801410675,0.5056446381921871,0.49717283070072477,0.5051605134720157,234628000
2015-08-06,0.49499446153640747,0.5005616366634111,0.4867646867555284,0.49693084518515973,655676000
2015-08-07,0.5562333464622498,0.5656732881829424,0.5296076981654667,0.5436466805553682,1405248000
2015-08-10,0.5755975842475891,0.5797124437054131,0.5489719279989874,0.552360686707918,662304000
2015-08-11,0.5726928114891052,0.5782599865131907,0.5671256364650197,0.5671256364650197,435008000
2015-08-12,0.5741449594497681,0.5782598167010297,0.5634947372871231,0.5634947372871231,384048000
2015-08-13,0.5693041086196899,0.5760815666519282,0.5678517920621052,0.5748712836174505,276884000
2015-08-14,0.5697881579399109,0.5731768576526571,0.5654312088439825,0.5688199085567287,214652000
2015-08-17,0.5661574006080627,0.568819942296082,0.5591379095656841,0.568819942296082,273880000
2015-08-18,0.5610044002532959,0.5682964779471181,0.5566291188656334,0.5644073582532898,287084000
2015-08-19,0.5588168501853943,0.5665950908344843,0.5527400888122381,0.5602752775511352,249248000
2015-08-20,0.538642168045044,0.5551708592919691,0.5359683648504006,0.5524971140496252,426932000
2015-08-21,0.5218701362609863,0.5437463662766907,0.5213839746352833,0.5347528108432397,382664000
2015-08-24,0.5033969283103943,0.5306207078901776,0.4861389707409418,0.49270183479187,682284000
2015-08-25,0.4929450452327728,0.5274609094648308,0.4929450452327728,0.5255163202680385,622684000
2015-08-26,0.5301346778869629,0.5306208396957601,0.5050985327559676,0.5089876533694584,614976000
2015-08-27,0.5500664710998535,0.5503095230662318,0.5325654545699084,0.5357253619420459,463764000
2015-08-28,0.5524969696998596,0.5558999278378132,0.5461771571852119,0.5500662770367093,320944000
2015-08-31,0.5464202761650085,0.5537124130022018,0.5442326930661421,0.5498232926731292,219352000
2015-09-01,0.5240578651428223,0.5396143460852567,0.5201688028595037,0.5306207881385749,353408000
2015-09-02,0.5398573279380798,0.5401003798111763,0.5294053440152565,0.5383989007949356,344044000
2015-09-03,0.5413157939910889,0.5505524612600802,0.5403435284765337,0.5478786586546949,262556000
2015-09-04,0.5286761522293091,0.5405865637860794,0.528433100346197,0.5320791104020192,287972000
2015-09-08,0.5512814521789551,0.5534690923971337,0.5393711017686114,0.5415586840345206,238448000
2015-09-09,0.5403435230255127,0.5576014240797006,0.5391281476803644,0.5529831484440811,289392000
2015-09-10,0.5488508939743042,0.5556568681063345,0.5347528999081359,0.537183592536943,357076000
2015-09-11,0.550552487373352,0.5541984977139397,0.5405866060076806,0.5427742469834069,301584000
2015-09-14,0.5515246987342834,0.5549276568383584,0.5486078443866284,0.553226177786321,192460000
2015-09-15,0.5576016902923584,0.5605185461514636,0.5500665565927553,0.551768036526462,327976000
2015-09-16,0.5614907145500183,0.5646506218641797,0.5524971544836758,0.5566293275978167,173508000
2015-09-17,0.5665948987007141,0.5763176672389153,0.565379523657303,0.5712131731897695,268712000
2015-09-18,0.5661088228225708,0.5709702078278637,0.5554137874013825,0.5588167453146314,326412000
2015-09-21,0.5719425678253174,0.5731579432537776,0.5639212754448089,0.5668381301112811,281840000
2015-09-22,0.5563861727714539,0.5634351999346161,0.5534693179584783,0.559546079501413,228356000
2015-09-23,0.5590599179267883,0.5624628765750194,0.5546846936579618,0.5568722768162285,161632000
2015-09-24,0.5697550773620605,0.5755887296906743,0.5469065139838492,0.5556570214529195,382440000
2015-09-25,0.5738874077796936,0.58506861161901,0.5682968058600354,0.5768042057688748,369692000
2015-09-28,0.5663519501686096,0.5775331487614315,0.5627059399048524,0.5738871384976743,395584000
2015-09-29,0.5763177275657654,0.5772899929309043,0.5644073174740488,0.5724286081529316,380736000
2015-09-30,0.599166214466095,0.5998954279658899,0.5782622486780437,0.581665206375569,556380000
2015-10-01,0.58749920129776,0.6008679867677583,0.5704842885958082,0.5991665070880241,489296000
2015-10-02,0.6028123497962952,0.6028123497962952,0.5782623137467857,0.5843390742781034,386144000
2015-10-05,0.6178827285766602,0.6254178590674716,0.6035416232969929,0.6067015298146243,482024000
2015-10-06,0.6259042024612427,0.6285779480012139,0.6088893474797507,0.6113200410485352,453216000
2015-10-07,0.6324667930603027,0.6387866051693104,0.6171534244701228,0.6273623561810029,310152000
2015-10-08,0.6361130475997925,0.63781452705922,0.6190981371009214,0.6297932336348914,460068000
2015-10-09,0.6336823105812073,0.6387867486066912,0.6217718972361179,0.6327099869981968,423248000
2015-10-12,0.6404880285263062,0.6441340959466227,0.6297929940138367,0.6344112688098703,227588000
2015-10-13,0.6417036056518555,0.6455926681880605,0.6331961509612457,0.6353837921020814,298444000
2015-10-14,0.6650382876396179,0.6754902738656509,0.6417036220641094,0.6424327778440764,612148000
2015-10-15,0.6667397022247314,0.6803515939834146,0.6594476235631823,0.666253540466379,526048000
2015-10-16,0.6771916151046753,0.6835114275267962,0.6672257347650677,0.6689272717614172,448396000
2015-10-19,0.6759762763977051,0.6825391990043576,0.6681980943399279,0.6793792926222871,294712000
2015-10-20,0.6750038862228394,0.6781637920213293,0.6679548611375714,0.6730593555555884,264824000
2015-10-21,0.6662536263465881,0.6832685367023842,0.6650383087224868,0.6791363061044671,386280000
2015-10-22,0.6903170943260193,0.6925047342862263,0.6730592002904198,0.6740314653997577,306884000
2015-10-23,0.6949357390403748,0.6995540728301924,0.6859421813117694,0.6963941663374003,381776000
2015-10-26,0.6917758584022522,0.6971234060404436,0.6854560451804689,0.6954219267810852,247436000
2015-10-27,0.6912897825241089,0.6956650068032362,0.687886765915573,0.6883729277031618,208268000
2015-10-28,0.6968804597854614,0.6968804597854614,0.6854561491012918,0.6956650841574925,217036000
2015-10-29,0.6728165745735168,0.692748284439007,0.6716012568006099,0.6856993138610775,327168000
2015-10-30,0.6895881295204163,0.6944495727236023,0.6750039737677086,0.6801084688477548,301160000
2015-11-02,0.6976094841957092,0.698338697844653,0.6876436609139597,0.6917758329564482,190088000
2015-11-03,0.6927480697631836,0.697366403364123,0.6849698877509705,0.6934772833818733,376768000
2015-11-04,0.6813238263130188,0.6959079829247056,0.6781639199185914,0.6908035454963013,442264000
2015-11-05,0.673545777797699,0.6866715688424124,0.6716012462107877,0.6847269793031977,478800000
2015-11-06,0.7668843269348145,0.776364046538795,0.7248333343763852,0.7401467052934733,1172272000
2015-11-09,0.7634814381599426,0.7656690793340717,0.7527863421657301,0.7593492656881174,492568000
2015-11-10,0.7488972544670105,0.7576477609179119,0.7328546689657403,0.7535155306323059,552260000
2015-11-11,0.7416052222251892,0.7547309537538631,0.7389314191713509,0.7493834055984828,619896000
2015-11-12,0.7389313578605652,0.7467095985407773,0.7357714512062473,0.7399036234575188,291080000
2015-11-13,0.7243470549583435,0.7428203294093212,0.7207009872597321,0.7396604233879513,292940000
2015-11-16,0.7389313578605652,0.7394175196351879,0.7279932105260352,0.7338269200123401,344280000
2015-11-17,0.7389313578605652,0.7452511711692011,0.7357714512062473,0.7408759470067641,257048000
2015-11-18,0.7571086883544922,0.7580847039345444,0.7339293945166067,0.7419811449318047,350216000
2015-11-19,0.7593046426773071,0.7668683853674894,0.7536928148193189,0.7597926504715277,254072000
2015-11-20,0.7658925652503967,0.7702844616686702,0.7602807363863948,0.764916607659343,239744000
2015-11-23,0.7544246912002563,0.7722361296824383,0.7517407941408005,0.7722361296824383,242552000
2015-11-24,0.7605247497558594,0.7671125360406381,0.7510090326012444,0.7544249131678181,195428000
2015-11-25,0.7595487236976624,0.7680884831704196,0.756864825885014,0.7590607740075548,138300000
2015-11-27,0.7658925652503967,0.7683324883142083,0.7571088305862044,0.7610127191227737,86996000
2015-11-30,0.7739442586898804,0.7773601972589516,0.7658925073705519,0.7666244900516136,327244000
2015-12-01,0.7990753054618835,0.799807287938783,0.7800438774071674,0.7807758598840668,409496000
2015-12-02,0.792975664138794,0.8085911583829364,0.7912677240005556,0.8002954325193934,294240000
2015-12-03,0.7912676930427551,0.8076151693026087,0.7873638050913695,0.7993194437636302,246656000
2015-12-04,0.8234745860099792,0.824938551067884,0.791267587425426,0.791267587425426,458756000
2015-12-07,0.8078592419624329,0.8232307615323343,0.8054193191445493,0.8232307615323343,333588000
2015-12-08,0.818838894367218,0.8222547747979716,0.7927317251145293,0.7978555457606596,314488000
2015-12-09,0.7980993986129761,0.8234746394711554,0.7898036736427291,0.8185947944095581,372676000
2015-12-10,0.8046874403953552,0.8090792787657468,0.7978556207196442,0.800539518714197,236596000
2015-12-11,0.7927316427230835,0.8022473585103379,0.791023702685219,0.7966355305977785,227320000
2015-12-14,0.7946836352348328,0.7990755313376925,0.7851679185176536,0.7934637028767163,275892000
2015-12-15,0.8044434785842896,0.8100553081041945,0.7993196570031263,0.8037114957623575,307296000
2015-12-16,0.8093231916427612,0.812007147604111,0.7990755501725768,0.8061512859956037,236356000
2015-12-17,0.7971233129501343,0.8188386374311903,0.7966353634259078,0.8105429137960151,254160000
2015-12-18,0.7841920852661133,0.7995636077173176,0.783216127590492,0.7915118550918125,395896000
2015-12-21,0.8027355074882507,0.8034674902823081,0.785656044695749,0.7927318395900645,284216000
2015-12-22,0.8034673929214478,0.8115191445080422,0.798587547000624,0.8051753331765008,130012000
2015-12-23,0.8066393733024597,0.8098112792620292,0.8032234924759564,0.8046874580222741,122524000
2015-12-24,0.8093231916427612,0.8112751649030475,0.8029793803484461,0.804199370907669,52448000
2015-12-28,0.8085911870002747,0.8085911870002747,0.7895598118061045,0.8007834686880497,142024000
2015-12-29,0.8217667937278748,0.8242067165383972,0.8068832238630443,0.8090791718442191,203660000
2015-12-30,0.8146910667419434,0.8281106723832954,0.8144470918926462,0.8210348782024969,180344000
2015-12-31,0.8041993975639343,0.8171309954241035,0.8041993975639343,0.8134711399698273,148528000
2016-01-04,0.7898037433624268,0.7949275636777051,0.781751992482791,0.7878518284344198,358076000
2016-01-05,0.8024914264678955,0.8159110316874428,0.792975709576163,0.8046873745596073,490272000
2016-01-06,0.7693085670471191,0.792975816886069,0.7602807986169559,0.7893159029046029,449344000
2016-01-07,0.7388092875480652,0.7551567629582512,0.7290495390906954,0.750032884837972,645304000
2016-01-08,0.722949743270874,0.7490569082988148,0.7214857781310688,0.7483249257289123,398472000
2016-01-11,0.7241697311401367,0.7292936095235683,0.7112381350310999,0.7236817815042309,409372000
2016-01-12,0.7363693118095398,0.7471050177339139,0.731245491826777,0.7371012944031263,469356000
2016-01-13,0.7139223217964172,0.7468613179477506,0.7131903389332885,0.7419814128027711,481672000
2016-01-14,0.6995266079902649,0.7075783596112657,0.6787872336519652,0.6992825749725344,600236000
2016-01-15,0.6614636778831482,0.6795191527140867,0.6499960468115467,0.6714674018472437,841452000
2016-01-19,0.6668314933776855,0.6941586498110734,0.6641475377926794,0.6751272185967108,457140000
2016-01-20,0.6704914569854736,0.679031216571122,0.6453602442697927,0.65414397870372,481180000
2016-01-21,0.6782993078231812,0.6887909836838958,0.6639037431025142,0.6778113580734116,481456000
2016-01-22,0.6941587328910828,0.6987946038451682,0.6897668367748911,0.691230802146955,257996000
2016-01-25,0.693426787853241,0.7019665475390288,0.691962822401694,0.6939147957278744,270728000
2016-01-26,0.7002586722373962,0.7031866036555044,0.6878150800551642,0.6948908755340164,227944000
2016-01-27,0.6919627785682678,0.7014784952281816,0.6787872066836795,0.6992825471899669,231700000
2016-01-28,0.684398889541626,0.7000143809787533,0.6709792875033054,0.6975744586238166,276776000
2016-01-29,0.7146540284156799,0.7161179936952189,0.6875709034335957,0.6902548009978526,310504000
2016-02-01,0.7148981094360352,0.7185579647083982,0.7078223155578224,0.7139221519082284,289884000
2016-02-02,0.6846428513526917,0.7112380219692732,0.6797630067352823,0.7075781675923845,341908000
2016-02-03,0.6880587935447693,0.6941586289576158,0.6721993261815836,0.6900107664727105,326772000
2016-02-04,0.6883029341697693,0.7039184291738702,0.681471115111984,0.6890348586883366,348140000
2016-02-05,0.6448721885681152,0.6912307802989976,0.6429202735819586,0.6836670370122047,600428000
2016-02-08,0.6153491139411926,0.6382843758361392,0.6063213475372685,0.6351124704882406,608852000
2016-02-09,0.6219367980957031,0.6477999863035668,0.6051013166481121,0.6080292466989407,425372000
2016-02-10,0.6204728484153748,0.6438961148842808,0.6170569687198201,0.6258407009172021,335800000
2016-02-11,0.6173009872436523,0.6236447975119255,0.604613366707106,0.604613366707106,340144000
2016-02-12,0.6277927160263062,0.6290127064970225,0.6038814379858637,0.6270607333783459,340816000
2016-02-16,0.6585358381271362,0.659511853896516,0.6348685900805954,0.6368205052746453,485352000
2016-02-17,0.6748834252357483,0.6812272373461198,0.6641477163540308,0.6668316726606397,771468000
2016-02-18,0.7329531908035278,0.7558885021252718,0.7295373119382651,0.7302692942911534,1068660000
2016-02-19,0.7427132725715637,0.749301117247879,0.7234378627726549,0.7290496916783163,525628000
2016-02-22,0.7690643072128296,0.7776040652030782,0.7519848494046745,0.7534488145655561,449668000
2016-02-23,0.7710164785385132,0.7783362480539993,0.7593048124103211,0.7629647262542427,369380000
2016-02-24,0.776384174823761,0.7776041653390474,0.746617092684498,0.7678444739061546,336852000
2016-02-25,0.7780922055244446,0.7819960941862195,0.7641846494319109,0.7793121961816551,349616000
2016-02-26,0.7729682922363281,0.7837039411472017,0.7651605158435022,0.7817520261351698,361964000
2016-02-29,0.7679481506347656,0.7841103214094761,0.7674584232684308,0.7740702097882155,323344000
2016-03-01,0.8019867539405823,0.8019867539405823,0.7686828391947459,0.7699072744414732,348700000
2016-03-02,0.8066396713256836,0.8095782699945467,0.7961097706079927,0.7975790699424243,233812000
2016-03-03,0.7995380163192749,0.8090883435657754,0.7887631953276828,0.8056600179704013,302004000
2016-03-04,0.797089159488678,0.8063946224973068,0.7909670997949917,0.8056599729986929,175304000
2016-03-07,0.7919465899467468,0.7980686494622349,0.781661555649813,0.7926812394239768,239968000
2016-03-08,0.7774986028671265,0.7885182869530843,0.7750497906685012,0.7838655262604098,274940000
2016-03-09,0.7770088315010071,0.7855796445191832,0.7669686611856346,0.78435526768128,222788000
2016-03-10,0.775784432888031,0.7860694673794771,0.7601120466407267,0.7816615704327341,286084000
2016-03-11,0.789007842540741,0.7892527645762687,0.7779882192388043,0.7872936802134236,277400000
2016-03-14,0.7909669280052185,0.7941503890130347,0.7816614086333633,0.7853346553286418,190312000
2016-03-15,0.7870491147041321,0.7919467398901006,0.7730908887625519,0.786804250960123,226216000
2016-03-16,0.81055748462677,0.8132512185416702,0.7774984953258075,0.7811717423078167,363644000
2016-03-17,0.803700864315033,0.8115370275242262,0.7926811813482256,0.8076189751117707,353680000
2016-03-18,0.827944278717041,0.8387190416836304,0.8081088572544155,0.8132514042032483,545512000
2016-03-21,0.8303930759429932,0.8306379396651216,0.8117820902225067,0.8205978264463468,337780000
2016-03-22,0.8289234638214111,0.8348005996232012,0.8186384323800758,0.8276990872888287,242012000
2016-03-23,0.8431268334388733,0.8492488345271575,0.8289236881577104,0.8325969355181098,429008000
2016-03-24,0.8443513512611389,0.8458206504505874,0.8328419382509514,0.8355356145087433,244956000
2016-03-28,0.8529220819473267,0.8565952709236974,0.8419023982496423,0.8428819114177222,265388000
2016-03-29,0.8666353821754456,0.8685944083776077,0.8472897502958951,0.8492487764980573,261812000
2016-03-30,0.8756960034370422,0.887695199795904,0.8693290805370631,0.8698188662925552,376700000
2016-03-31,0.8725125789642334,0.8815731779426992,0.8656559284024603,0.8796141516062743,379884000
2016-04-01,0.8852464556694031,0.8857362414624529,0.8605134116140059,0.8671251987065937,348292000
2016-04-04,0.8766754269599915,0.8972454924396841,0.8732471021748018,0.8925927325830539,393940000
2016-04-05,0.8754510879516602,0.8835321729412845,0.8654109184402686,0.8688393017572913,339568000
2016-04-06,0.8766754269599915,0.8771652126654232,0.8480243352227566,0.8644313681669732,453376000
2016-04-07,0.8676148653030396,0.8788794115370211,0.8639416767048126,0.8710431902305261,378104000
2016-04-08,0.8732470870018005,0.8803486584936419,0.8646762168034711,0.8747163857082887,255936000
2016-04-11,0.8786345720291138,0.893082579917168,0.8756959743622954,0.8783896499673578,387524000
2016-04-12,0.8776549100875854,0.8827973967480873,0.8605131711173691,0.8815729617998125,292764000
2016-04-13,0.8996943831443787,0.899939246826442,0.8815731278331915,0.8815731278331915,350716000
2016-04-14,0.9021431803703308,0.9060612911407071,0.8935723094111151,0.8972455565034309,416564000
2016-04-15,0.9092448949813843,0.9173259814665932,0.8989598598954026,0.9018984580297662,436972000
2016-04-18,0.9053267240524292,0.9075306725082452,0.8965109886134522,0.9075306725082452,307320000
2016-04-19,0.8891646265983582,0.9104692883023101,0.8835323523291845,0.908755125487904,309152000
2016-04-20,0.8925929069519043,0.897980317226979,0.8867157692600068,0.8876952824779416,200172000
2016-04-21,0.891613245010376,0.8970006543868156,0.8876951344078998,0.8928376217324926,178280000
2016-04-22,0.8881849050521851,0.900673827650342,0.8852463075541348,0.8945518273751084,223540000
2016-04-25,0.8925929069519043,0.8974905314258671,0.8859811197504835,0.8884299319874649,191972000
2016-04-26,0.893327534198761,0.9082653293410841,0.8894094230403764,0.8979802948483606,214536000
2016-04-27,0.9136526584625244,0.9141424442392962,0.8894094010058989,0.891123563648171,352396000
2016-04-28,0.8864706754684448,0.9134076632421538,0.8842667857510312,0.9080202540105565,381224000
2016-04-29,0.8700637221336365,0.8847565940545243,0.8605133378697744,0.8827975678187858,321904000
2016-05-02,0.8815730810165405,0.8869604904258096,0.8742266454862353,0.878389619781647,256076000
2016-05-03,0.8710431456565857,0.8752061197675415,0.8634518467935811,0.8715329313572828,224024000
2016-05-04,0.8512077927589417,0.8612479034116073,0.8423920587882774,0.8605132540486955,525764000
2016-05-05,0.856350302696228,0.8663904720002661,0.849983380304467,0.8583093871775355,246884000
2016-05-06,0.865166187286377,0.8673701358168381,0.8531669897995852,0.8548811525285142,183240000
2016-05-09,0.8639416098594666,0.871043122835718,0.8568400384989394,0.867369934521695,333336000
2016-05-10,0.8805935382843018,0.8820628370177106,0.8610030441969256,0.869328992507205,269676000
2016-05-11,0.883042573928833,0.8928378234559753,0.8783898128881527,0.8832874960360163,328176000
2016-05-12,0.8710431456565857,0.8933273733134562,0.8553707622298795,0.8894092628607104,670540000
2016-05-13,1.0035239458084106,1.0040136730895255,0.9550374419216641,0.9596901430136199,2110256000
2016-05-16,1.0331546068191528,1.0480924574268862,0.992749184619039,0.9959326456641556,973032000
2016-05-17,1.0353584289550781,1.0427048043555238,1.015278094872228,1.0285016640078555,628392000
2016-05-18,1.0618059635162354,1.0738052190758687,1.0285020478679863,1.0285020478679863,541072000
2016-05-19,1.0664589405059814,1.074050300659079,1.056173962312958,1.0576431448245909,398880000
2016-05-20,1.0855594873428345,1.0899673842616473,1.071356341783487,1.0730705044571518,391084000
2016-05-23,1.0872737169265747,1.0943752317589834,1.0806619295257578,1.0902123150532892,413636000
2016-05-24,1.1136667728424072,1.1171041182256305,1.0876419438515768,1.090588172996163,415788000
2016-05-25,1.1090023517608643,1.121769153113899,1.1001636618951005,1.1171044256018938,458076000
2016-05-26,1.1207869052886963,1.128888977328126,1.1077744901063338,1.1109662190028309,309964000
2016-05-27,1.126924753189087,1.1286433672673157,1.11833156572614,1.1220144105267473,277416000
2016-05-31,1.1470571756362915,1.149512405616065,1.1310985319831899,1.1318351478058457,412524000
2016-06-01,1.1492670774459839,1.1603152627873783,1.138218775032763,1.1416560038596626,387132000
2016-06-02,1.1573688983917236,1.1671895834946586,1.1441108681381404,1.1554046677136958,329208000
2016-06-03,1.141164779663086,1.147548237472937,1.1210324078454414,1.1460752398908012,461076000
2016-06-06,1.1352720260620117,1.1529492784214979,1.1293795695849254,1.1441105937058682,322512000
2016-06-07,1.1374818086624146,1.148530107671852,1.1369908095732189,1.1421466512251455,193400000
2016-06-08,1.1337990760803223,1.1419011463733484,1.124469390998222,1.1377273029192119,234616000
2016-06-09,1.16326105594635,1.1649796697150174,1.1274155492606788,1.1298707786855078,472168000
2016-06-10,1.1342899799346924,1.1598238034590802,1.1328168657258408,1.149512121068899,400024000
2016-06-13,1.1487754583358765,1.1711175530038278,1.1355175480714845,1.1355175480714845,475588000
2016-06-14,1.1509853601455688,1.1563867014494842,1.133308104793364,1.1460750179406116,298344000
2016-06-15,1.1627697944641113,1.1728359752761488,1.1477932729824147,1.1605601821378795,301036000
2016-06-16,1.1674350500106812,1.1693991635613028,1.1428833379484171,1.1541771372042384,246456000
2016-06-17,1.1470571756362915,1.169153777167018,1.1423923323321687,1.1689082775834023,471000000
2016-06-20,1.1676807403564453,1.1826572696006534,1.1647345110132334,1.1654711268849447,293768000
2016-06-21,1.1605607271194458,1.1757827552218933,1.1588419958598069,1.1725910264342403,212508000
2016-06-22,1.1595786809921265,1.1706269826151585,1.1576145670989206,1.163015909573191,202620000
2016-06-23,1.1905134916305542,1.1917411063407433,1.1698900093721485,1.170626625026975,297880000
2016-06-24,1.122750997543335,1.1627703577782462,1.112193812671339,1.1416558709624414,1017684000
2016-06-27,1.1107202768325806,1.1220140732684192,1.094270522640045,1.1134208883884371,449088000
2016-06-28,1.126924753189087,1.1330625937131589,1.111457109413225,1.1318350958514267,381920000
2016-06-29,1.1453380584716797,1.154176742030937,1.133798763606892,1.1367449914599776,318932000
2016-06-30,1.1541770696640015,1.1612970247702827,1.1379729289439628,1.1473024970314163,430940000
2016-07-01,1.1455837488174438,1.1627700027760712,1.1416555224066716,1.1477934786113082,218488000
2016-07-05,1.162524700164795,1.1644888137028575,1.1301164170354725,1.139200486050936,371084000
2016-07-06,1.1698898077011108,1.1767643786500306,1.1485298305417933,1.1544222864775064,273104000
2016-07-07,1.2003341913223267,1.2045080345644277,1.1723452545696817,1.177746595466709,395400000
2016-07-08,1.2484558820724487,1.2543483403800464,1.2084365230556018,1.2131013663704817,481932000
2016-07-11,1.2771809101104736,1.2865104757924632,1.2649049994269324,1.2663781133918277,448776000
2016-07-12,1.296331763267517,1.3081165623574984,1.2752171608349183,1.2914214205573744,436760000
2016-07-13,1.2958401441574097,1.3061519417971768,1.2938760312499453,1.298786372054486,324604000
2016-07-14,1.3090983629226685,1.3208832773043933,1.2919122245689652,1.3027150237282838,316892000
2016-07-15,1.2938761711120605,1.2997686275431608,1.2727616916629807,1.2924030570042855,428616000
2016-07-18,1.300505518913269,1.3117993191032877,1.2955951760946438,1.3098352053901992,252992000
2016-07-19,1.3140089511871338,1.3191647932002883,1.2973136931950828,1.2997689229566605,382652000
2016-07-20,1.3311952352523804,1.338315308673834,1.313026977923926,1.3184283200832472,296460000
2016-07-21,1.3066434860229492,1.332422815272531,1.3022241423331273,1.3282489711646202,361308000
2016-07-22,1.3422431945800781,1.3422431945800781,1.30173284601704,1.3113080299566475,315768000
2016-07-25,1.3670406341552734,1.3702323626753752,1.3444530349471373,1.3503454928524952,312528000
2016-07-26,1.390364646911621,1.39748460161851,1.3771067356247053,1.3790708489502141,514508000
2016-07-27,1.3763704299926758,1.4048504893790885,1.3680228586750889,1.4023952593653102,446676000
2016-07-28,1.3793165683746338,1.3896282527812982,1.3751427244547156,1.3795620679454872,221916000
2016-07-29,1.4019038677215576,1.4055865946394173,1.3596749067099811,1.3844721141336291,409588000
2016-08-01,1.3928194046020508,1.4129518830089423,1.3837353388830214,1.40779604294056,301120000
2016-08-02,1.375879168510437,1.4001853790682275,1.3626212567646945,1.399448763375804,282748000
2016-08-03,1.3795620203018188,1.3822627496315425,1.3665496069215486,1.3741606787141705,299828000
2016-08-04,1.4050959348678589,1.4114793921717372,1.3834904501087817,1.3861910625337874,272712000
2016-08-05,1.4289110898971558,1.4296475885988842,1.41442556178362,1.421300017953623,371588000
2016-08-08,1.4421685934066772,1.4519892757373047,1.4269464538439671,1.4485520486287617,305064000
2016-08-09,1.4458513259887695,1.459845851050052,1.4421685993675046,1.4492885531115192,372344000
2016-08-10,1.4365218877792358,1.4608280983569977,1.4318570452960144,1.4586184854214879,375740000
2016-08-11,1.4657386541366577,1.4718766118292779,1.4411869404379827,1.4441331694961848,681064000
2016-08-12,1.547741174697876,1.5560887439840771,1.488571574040865,1.5197522383684288,1425744000
2016-08-15,1.5462677478790283,1.5590346572906193,1.5253987703463707,1.549459475231926,573304000
2016-08-16,1.5369385480880737,1.5465136153534194,1.5322737056875386,1.544058502921014,287652000
2016-08-17,1.5013384819030762,1.5403758364707487,1.489308184659206,1.5369386086867858,595212000
2016-08-18,1.5246628522872925,1.527117965070054,1.493236565750963,1.4991290237444754,331684000
2016-08-19,1.5285911560058594,1.54013045592701,1.5172973556680809,1.523926312706363,291560000
2016-08-22,1.534974455833435,1.5371841860004833,1.515087586760782,1.533255841854507,244748000
2016-08-23,1.547396183013916,1.5574809188963854,1.5429686950822628,1.5505937936388507,339764000
2016-08-24,1.5235371589660645,1.553545533465772,1.516404081331842,1.5528076774157054,298448000
2016-08-25,1.5134519338607788,1.524766543987893,1.4945123445281805,1.5240286881760812,406032000
2016-08-26,1.5257505178451538,1.53435942236271,1.5053349816606323,1.5173875652727382,300024000
2016-08-29,1.524766445159912,1.538048787211818,1.522306808659104,1.5318996373160396,274652000
2016-08-30,1.5159118175506592,1.5309159425960361,1.511730282396603,1.5227989415337786,285544000
2016-08-31,1.5087785720825195,1.523044840758986,1.5043512024109673,1.5188634230372389,388544000
2016-09-01,1.5532993078231812,1.5589565550731403,1.5087787165934312,1.5100085937477845,428492000
2016-09-02,1.5380488634109497,1.55821844669691,1.5205851032562128,1.5564966658747876,323148000
2016-09-06,1.5525610446929932,1.5525610446929932,1.5355891888248696,1.5434602369403467,306812000
2016-09-07,1.5296862125396729,1.5552670952642396,1.5208313547513854,1.5476419973857525,397988000
2016-09-08,1.5407546758651733,1.54321442994556,1.5107464267246482,1.5282101880877674,315808000
2016-09-09,1.4640121459960938,1.532391713909928,1.4512217063449406,1.523782809255317,697760000
2016-09-12,1.4942662715911865,1.4972179294061485,1.4098986583657258,1.4445804617602447,598260000
2016-09-13,1.4726208448410034,1.507794548965888,1.4642578933042332,1.4905766247754695,471768000
2016-09-14,1.4856573343276978,1.490576724814047,1.4637660877140763,1.476064505286189,319048000
2016-09-15,1.5419843196868896,1.5437061003677364,1.4846733015297429,1.488116980178949,515212000
2016-09-16,1.5456739664077759,1.5557586994501889,1.5279641369561499,1.5473957472372726,902444000
2016-09-19,1.5660897493362427,1.6051989280167855,1.5547751375444636,1.5619082139248617,417128000
2016-09-20,1.5518231391906738,1.584045186402498,1.5432142355687222,1.584045186402498,331112000
2016-09-21,1.5953600406646729,1.5983116987275412,1.5562508645505007,1.5564968165078175,336212000
2016-09-22,1.5992954969406128,1.6096263000985354,1.5901946881369453,1.6047069091191783,308732000
2016-09-23,1.5975733995437622,1.6059363508235336,1.5904403250871215,1.601263030013154,276132000
2016-09-26,1.5825697183609009,1.588964938877212,1.5626462008851045,1.5793721081027452,230040000
2016-09-27,1.6366826295852661,1.639142383324569,1.575682214673227,1.5764200704225095,402752000
2016-09-28,1.6425862312316895,1.6438161083158578,1.6216787899509655,1.6391426692260456,319788000
2016-09-29,1.6578363180160522,1.6630017783423323,1.6246304575615942,1.639880534717061,336684000
2016-09-30,1.6853852272033691,1.7018651831946914,1.65709863754509,1.6669374207425227,429932000
2016-10-03,1.6836634874343872,1.7097363943816977,1.6807119460269626,1.685385386079426,242596000
2016-10-04,1.6799734830856323,1.714409217486594,1.6674289959317914,1.6861227506933993,281624000
2016-10-05,1.678252100944519,1.7114580835429336,1.6730867571503352,1.6942401536081018,305440000
2016-10-06,1.6563602685928345,1.6684127332262753,1.629795468357121,1.6580820492547546,360212000
2016-10-07,1.64430832862854,1.6718569472620666,1.6396348886394754,1.6674294592796544,286260000
2016-10-10,1.6504572629928589,1.661771874015519,1.6349611168430611,1.6529168998477677,287876000
2016-10-11,1.6265981197357178,1.6475055602289812,1.6140536319822536,1.645045923440819,388540000
2016-10-12,1.6339772939682007,1.6425861988123984,1.6064286811792357,1.6199569769754796,419920000
2016-10-13,1.6074126958847046,1.6184813562733216,1.5668276859848074,1.6147918419062983,390116000
2016-10-14,1.6231545209884644,1.6381586451892596,1.6135616914287279,1.6270899866751385,330636000
2016-10-17,1.6138076782226562,1.6381586805645605,1.6115939933870393,1.6229086040899705,195328000
2016-10-18,1.6384048461914062,1.647751725227507,1.6295499884065785,1.6361911610670856,269372000
2016-10-19,1.6349610090255737,1.6425861056192668,1.6189729600166323,1.6273360297194057,199060000
2016-10-20,1.665953278541565,1.6713646906966781,1.6307796859709889,1.6541467636997822,312084000
2016-10-21,1.6612802743911743,1.6642318157001788,1.64553817340123,1.6600503970946823,279508000
2016-10-24,1.7392520904541016,1.7412198230790519,1.6723482429056777,1.6725943121103712,339836000
2016-10-25,1.7677844762802124,1.77836122954932,1.7279374514832537,1.7363004029608557,397460000
2016-10-26,1.7749181985855103,1.7943498129647841,1.7513050485741264,1.7530268297667488,333792000
2016-10-27,1.7385145425796509,1.7918899921488738,1.7313814660869498,1.7884464298911875,388664000
2016-10-28,1.7355624437332153,1.773441733680441,1.7323648344806082,1.7468770520664783,290856000
2016-10-31,1.7503210306167603,1.7618815936051495,1.7402361793699441,1.741220104485193,252388000
2016-11-01,1.698421597480774,1.7663092709833197,1.6797278392898356,1.7567164399044244,473224000
2016-11-02,1.6912881135940552,1.734578822019673,1.6883364557238385,1.7114576975155187,295848000
2016-11-03,1.6716104745864868,1.7006349135070267,1.6391424740702925,1.6991590846392433,309664000
2016-11-04,1.6620179414749146,1.6905504816149497,1.6376669367526149,1.6605421123443926,328780000
2016-11-07,1.7530264854431152,1.7640951436716465,1.7094898256309046,1.7107197026090801,487580000
2016-11-08,1.7503210306167603,1.76532515557722,1.7340870285841228,1.7596677914177234,429884000
2016-11-09,1.7208045721054077,1.7439258154339885,1.6903044181858502,1.7028487890368242,456532000
2016-11-10,1.6669371128082275,1.758683872327777,1.6420942074170872,1.758437920386408,869280000
2016-11-11,2.163796901702881,2.1834744722840767,1.9308634312372095,1.9557064637904058,2175344000
2016-11-14,2.057291269302368,2.1692074977471174,2.0567993654095975,2.166747743708208,1348796000
2016-11-15,2.1200129985809326,2.151005046357426,2.064423651850494,2.073278623175917,626092000
2016-11-16,2.25382137298584,2.2766964318506875,2.1239493446174,2.1483003499364823,987984000
2016-11-17,2.272515058517456,2.3315477541545007,2.229716131334272,2.270547208166189,832988000
2016-11-18,2.2963740825653076,2.320232947794237,2.2580027613078437,2.272514982761305,576060000
2016-11-21,2.2870278358459473,2.320725727234821,2.2727614451286833,2.314330505259012,436436000
2016-11-22,2.303507089614868,2.3057207746231785,2.2722689610918563,2.294898184263063,330368000
2016-11-23,2.3148386478424072,2.346369746057408,2.2852781111198213,2.308680055862954,443236000
2016-11-25,2.3195183277130127,2.342674062184951,2.301042792723147,2.3259231203281994,195564000
2016-11-28,2.318286895751953,2.3338061215290846,2.305723511614662,2.3123747426198413,278736000
2016-11-29,2.297102212905884,2.3264165472630434,2.279365984626238,2.3155775192173422,444568000
2016-11-30,2.2712366580963135,2.3195189354672685,2.2687732214620433,2.3057238312711044,440500000
2016-12-01,2.1589066982269287,2.270497854017451,2.0882077497637423,2.2687734951506973,1035524000
2016-12-02,2.1788597106933594,2.187481503243319,2.096829110273067,2.124665284045606,478292000
2016-12-05,2.263354539871216,2.281337211044653,2.192409136222871,2.216796604044094,602284000
2016-12-06,2.3005504608154297,2.3089260503293407,2.255716906500824,2.271482570045339,498796000
2016-12-07,2.341935157775879,2.3476008730286173,2.2687727949606638,2.2870018937306695,480804000
2016-12-08,2.302767753601074,2.380117925439606,2.2921753989441513,2.3448916742999035,381544000
2016-12-09,2.261875629425049,2.322228413207281,2.234532095495708,2.320504054668538,382312000
2016-12-12,2.206942081451416,2.2158103115911354,2.1564428095667627,2.213346875175731,601332000
2016-12-13,2.245863914489746,2.273453890791884,2.21827417311388,2.219259453898369,387796000
2016-12-14,2.375930070877075,2.3921883747631933,2.255716915249673,2.2796117307983947,983980000
2016-12-15,2.431603193283081,2.46190281201178,2.379625750804115,2.387015827224729,746548000
2016-12-16,2.4734809398651123,2.4806245793410366,2.4074621809238863,2.4591931910606277,1089528000
2016-12-19,2.503533124923706,2.5237327864580337,2.4387461105221298,2.455989930303728,744656000
2016-12-20,2.5907375812530518,2.614385966893083,2.5648719612402058,2.57620363108262,848056000
2016-12-21,2.6069958209991455,2.609951898491209,2.5547721768498315,2.602315384547235,576136000
2016-12-22,2.638526678085327,2.6818820818787237,2.624238933649395,2.631382805867361,718612000
2016-12-23,2.704298257827759,2.7057764135023907,2.617833668500319,2.6205433073355393,647692000
2016-12-27,2.8900372982025146,2.891022578715309,2.739770978469645,2.760463513721776,1194272000
2016-12-28,2.6912424564361572,2.954331377453093,2.6774475898102854,2.9462022260591043,2295764000
2016-12-29,2.7449445724487305,2.746422728423556,2.5323548739593513,2.5840858694794684,2175368000
2016-12-30,2.6294121742248535,2.7570154268304816,2.6185733813294134,2.742974119147547,1212932000
2017-01-03,2.512894630432129,2.6202979938281565,2.4481075996544623,2.5717692714312017,1501996000
2017-01-04,2.5715227127075195,2.598866248919549,2.501069974501851,2.5471352535124323,1199220000
2017-01-05,2.5062434673309326,2.606749397842067,2.48924608038846,2.574971858283237,984296000
2017-01-06,2.5397450923919678,2.5680739083411734,2.4929407369812213,2.533586500929373,822856000
2017-01-09,2.642714023590088,2.660450483877081,2.5495984293251666,2.5495984293251666,916248000
2017-01-10,2.6227614879608154,2.6897652846095714,2.60206894552705,2.6557707458578186,880920000
2017-01-11,2.59049129486084,2.616110478686389,2.565611189202726,2.611183839064873,525664000
2017-01-12,2.5481204986572266,2.5791591894389363,2.5032869386064225,2.567581319170054,625616000
2017-01-13,2.547875165939331,2.5865501476106694,2.538760494266056,2.5520627277357155,457820000
2017-01-17,2.4907238483428955,2.542208406648798,2.477421619091257,2.537281768186758,580612000
2017-01-18,2.53605055809021,2.5429479942751354,2.4414567783841865,2.4692929608131937,654424000
2017-01-19,2.59049129486084,2.6225152746427765,2.536789724862137,2.539006724438135,644872000
2017-01-20,2.562161922454834,2.6308903041545135,2.540237899233882,2.6131538414911244,492024000
2017-01-23,2.588766574859619,2.6087200381145443,2.55452560027515,2.5569890372056396,369904000
2017-01-24,2.6439456939697266,2.6501042848994527,2.5840855527048823,2.598865936010002,428052000
2017-01-25,2.6552770137786865,2.6924740524051627,2.6193116931774014,2.686315462279208,522760000
2017-01-26,2.701096773147583,2.7084868489155847,2.6284270291377934,2.657987567136073,458800000
2017-01-27,2.753319025039673,2.75627510084113,2.681388395365244,2.7079928426522035,471996000
2017-01-30,2.7102110385894775,2.7345984985352803,2.658233838871256,2.7323814994358906,496004000
2017-01-31,2.689518690109253,2.710950072599285,2.665377433273941,2.6838529736302656,362756000
2017-02-01,2.8070220947265625,2.811209655369074,2.706269738057137,2.724005966154061,590004000
2017-02-02,2.842494487762451,2.851116516358579,2.760464111613215,2.791009928461649,483240000
2017-02-03,2.8176138401031494,2.8550573195396196,2.805789768907063,2.843972091281518,372744000
2017-02-06,2.88979172706604,2.890284367470147,2.808253749566254,2.808253749566254,506768000
2017-02-07,2.9346251487731934,2.978719634281313,2.904325533608113,2.924032558362817,746224000
2017-02-08,2.9218153953552246,2.939058982317125,2.866881884863915,2.9166423192666544,449580000
2017-02-09,2.866882562637329,2.9329013189051714,2.847668409723703,2.927974444364841,842568000
2017-02-10,2.7988929748535156,2.9733001204518854,2.7737664360653653,2.9543321737289157,1651092000
2017-02-13,2.669811248779297,2.807760393680303,2.6653770164197232,2.793226448294481,1180724000
2017-02-14,2.6796653270721436,2.713413660032343,2.6183270183284435,2.6602045049235445,850632000
2017-02-15,2.685084342956543,2.704791365901358,2.654538527869954,2.6826211412831245,373020000
2017-02-16,2.6419754028320312,2.6959233962884954,2.6028075592650453,2.6946916779766648,647176000
2017-02-17,2.6414825916290283,2.6459168246444107,2.581376240081923,2.628426800074228,563740000
2017-02-21,2.7360763549804688,2.740017712384097,2.665869825011627,2.66611626262958,551952000
2017-02-22,2.7318830490112305,2.7575345551261434,2.712890932816899,2.748161871336256,433772000
2017-02-23,2.478574752807617,2.624097641995002,2.4585963461379743,2.6021459519105705,1592888000
2017-02-24,2.502500057220459,2.5158190751690115,2.3604302188055613,2.3942211434015612,1029904000
2017-02-27,2.575261116027832,2.5903066666740022,2.504966218394762,2.52075177970855,715400000
2017-02-28,2.502993583679199,2.594747167892349,2.485728231778532,2.584880983694507,625360000
2017-03-01,2.535303831100464,2.5742743510897763,2.4938667659316858,2.559968577227033,504804000
2017-03-02,2.441824197769165,2.536537574364816,2.4391111387019406,2.522478546500333,754332000
2017-03-03,2.4277656078338623,2.43615153438853,2.3732560267261094,2.4312186779250946,864692000
2017-03-06,2.40902042388916,2.419626383664428,2.3473581843334412,2.3915083233921672,883568000
2017-03-07,2.4354119300842285,2.4548973161851264,2.3961948796134296,2.409020637870963,603400000
2017-03-08,2.430971145629883,2.4985529745201305,2.428751349175749,2.483753939454766,638712000
2017-03-09,2.43047833442688,2.452923286947469,2.4023602801991895,2.414939521143395,478060000
2017-03-10,2.444783926010132,2.468708900422693,2.426532053423138,2.4568699051501723,499740000
2017-03-13,2.5121195316314697,2.521985479721365,2.4544036294553395,2.4551436402483398,774136000
2017-03-14,2.5103931427001953,2.5343178859129663,2.4780820020499306,2.524945434621436,522016000
2017-03-15,2.5293853282928467,2.5402378025398225,2.474382475688795,2.5219859247254903,615036000
2017-03-16,2.560462236404419,2.5609557336950206,2.525931539426185,2.5399905668627794,523100000
2017-03-17,2.6162049770355225,2.617438249766102,2.560462131637848,2.5779742280557225,1119688000
2017-03-20,2.699572801589966,2.703519369378748,2.617685401148591,2.6337177153307234,748568000
2017-03-21,2.6122589111328125,2.7121519044606415,2.60436624641088,2.682307310236723,913484000
2017-03-22,2.6655352115631104,2.6702215547317794,2.5972133478177466,2.6011596801643186,616764000
2017-03-23,2.6413631439208984,2.677620611627156,2.63174394536646,2.6576419685689756,533940000
2017-03-24,2.65073561668396,2.695625755194672,2.624837595556271,2.687733092152724,439500000
2017-03-27,2.6699748039245605,2.673921136267991,2.5547897438069747,2.60411948615677,506644000
2017-03-28,2.6561622619628906,2.68576010446277,2.645803052371344,2.671207814258624,432444000
2017-03-29,2.647529125213623,2.6758936899225216,2.6453093285775466,2.663561198894352,349992000
2017-03-30,2.6983394622802734,2.7131385030677544,2.64900971835996,2.6546825859856717,525532000
2017-03-31,2.686746597290039,2.7104250591917953,2.673674328735956,2.6887198808560986,440808000
2017-04-03,2.6731808185577393,2.704505192716819,2.649502358853532,2.6872398452014328,445232000
2017-04-04,2.4857277870178223,2.5755080712828433,2.474875315653872,2.5503498235699165,1271280000
2017-04-05,2.467228889465332,2.5249447800378513,2.4541563873824614,2.466982140843021,747048000
2017-04-06,2.485234498977661,2.4973202430194186,2.427271853905772,2.472408744216648,635120000
2017-04-07,2.474628210067749,2.509159137932705,2.4595826603846667,2.4916470429972613,429068000
2017-04-10,2.411487340927124,2.482028780707555,2.4072942590659006,2.4753693876539766,756332000
2017-04-11,2.420119524002075,2.439358158711057,2.37646264930355,2.3813955059038516,618148000
2017-04-12,2.4001405239105225,2.434424707258748,2.394960919395127,2.420119166486141,414092000
2017-04-13,2.355250597000122,2.397674196332456,2.355250597000122,2.375969252167937,506892000
2017-04-17,2.4474973678588867,2.447743881295816,2.3628966848886606,2.3680762897371137,497292000
2017-04-18,2.448976993560791,2.4551433574208463,2.407293408846828,2.433191431390871,370116000
2017-04-19,2.4585962295532227,2.4906603781583416,2.451936604163988,2.466488892392668,380828000
2017-04-20,2.4975669384002686,2.50225328081772,2.451936786990637,2.4731487021902008,404016000
2017-04-21,2.5079259872436523,2.5106390460195396,2.47536834104215,2.4872073354282422,341896000
2017-04-24,2.5392510890960693,2.5523233599178434,2.5185326665606773,2.539497602570378,371820000
2017-04-25,2.5834004878997803,2.59795277628423,2.532344221852408,2.553802649100975,388440000
2017-04-26,2.5656421184539795,2.59943280527589,2.5636688349272485,2.596966494895896,327004000
2017-04-27,2.6055996417999268,2.61398556905814,2.5550366238881983,2.573041986652418,319700000
2017-04-28,2.5725481510162354,2.6055990609615076,2.5668750493212547,2.5986929217391572,348248000
2017-05-01,2.630263566970825,2.6354434061311287,2.576247495716394,2.5834003829161434,307732000
2017-05-02,2.552323341369629,2.604613129945068,2.5296316350907704,2.6033798569141458,629972000
2017-05-03,2.571314573287964,2.5809337702859745,2.5306175182527313,2.5454163190531625,336904000
2017-05-04,2.561448812484741,2.5885801060581453,2.553555914295379,2.5774808870456813,209788000
2017-05-05,2.5616955757141113,2.5688484639408236,2.5343175308430705,2.549856580109565,228428000
2017-05-08,2.534811019897461,2.575014584403575,2.523465051187781,2.5735347981663486,365240000
2017-05-09,2.5390048027038574,2.5880880436481717,2.5320986606012488,2.540484824710316,847672000
2017-05-10,2.9916043281555176,3.0046768304068023,2.8122907612425885,2.8189501514582633,2129096000
2017-05-11,3.1201090812683105,3.2170422659698463,2.9575675627838174,2.9610206329829207,1939792000
2017-05-12,3.1543936729431152,3.196570766766089,3.1023508646242033,3.123316037179362,962620000
2017-05-15,3.31274151802063,3.315208063624736,3.1911435953664706,3.195583424498409,1087540000
2017-05-16,3.374403715133667,3.3899427641155855,3.2893100095948324,3.3637977573136864,1120700000
2017-05-17,3.150200128555298,3.3263073978612225,3.1460070479288547,3.3075620269825894,1271368000
2017-05-18,3.2821571826934814,3.291036605816883,3.1336744761135598,3.1941034326375743,1156032000
2017-05-19,3.3579580783843994,3.4127715989726535,3.3386991847564595,3.383389594706868,1018372000
2017-05-22,3.4295620918273926,3.443882701040481,3.390797290325787,3.401661428114127,836608000
2017-05-23,3.383389711380005,3.4515365137664356,3.350797772650428,3.4493143789385954,681248000
2017-05-24,3.421414375305176,3.483141558112638,3.409315664749793,3.4804254057166872,815996000
2017-05-25,3.413759708404541,3.4574625592161414,3.368822285847527,3.4567217690747967,608228000
2017-05-26,3.502153158187866,3.5870897208058197,3.3853654434558047,3.4056119031147536,779140000
2017-05-30,3.5769660472869873,3.6120268922292973,3.5320286294099628,3.5480775894879564,989652000
2017-05-31,3.564127206802368,3.629557861944469,3.5073380830598326,3.6219036582965694,887316000
2017-06-01,3.56437349319458,3.5809164699945417,3.5189422945919033,3.5799286714367757,503340000
2017-06-02,3.5465972423553467,3.5875839483983314,3.5406713911159806,3.5614116349832363,487456000
2017-06-05,3.6544957160949707,3.6673349802751205,3.518696114420185,3.5303008067979555,817376000
2017-06-06,3.637953281402588,3.6959767482266006,3.624620234461549,3.649804747866559,758728000
2017-06-07,3.6819026470184326,3.7006677619122197,3.646841796339064,3.6623969774097307,612612000
2017-06-08,3.9490585327148438,3.9505398777944567,3.747827775826194,3.7890614905903326,1161744000
2017-06-09,3.693754196166992,4.160411728326344,3.5246216314689014,4.067574191883995,3692928000
2017-06-12,3.7028892040252686,3.7456044861758326,3.508819165642147,3.6019036970349823,1697532000
2017-06-13,3.7381978034973145,3.8214060090408233,3.5962251125932796,3.8122702251353497,1672504000
2017-06-14,3.7460989952087402,3.803875685198107,3.66659450037162,3.741160943368978,1184640000
2017-06-15,3.762148380279541,3.7925179539575407,3.6172127487381918,3.6285706688333916,963824000
2017-06-16,3.743628740310669,3.8196767411155377,3.709555462771928,3.771776404494729,924960000
2017-06-19,3.8843679428100586,3.8895530031555197,3.7841229718568132,3.787826451834716,778176000
2017-06-20,3.8786885738372803,3.9935011539328222,3.8744913125424922,3.9265889206328444,1095444000
2017-06-21,3.9374523162841797,3.9411560309783793,3.844367786631423,3.906341960546518,682652000
2017-06-22,3.9102931022644043,3.9589342410741954,3.8863429279379216,3.945600960133276,469132000
2017-06-23,3.798196792602539,3.9337496221599273,3.783135157789055,3.9179474326361623,1088588000
2017-06-26,3.756715774536133,3.8665900667769755,3.6623966620264397,3.831035202055436,1063960000
2017-06-27,3.619188070297241,3.747827492746398,3.613509228048535,3.739185725091734,999492000
2017-06-28,3.7468392848968506,3.7515305630267393,3.598693981965227,3.6868404678207036,994948000
2017-06-29,3.621656894683838,3.7214078444963405,3.5574605756665427,3.718445154822146,1064424000
2017-06-30,3.5693118572235107,3.6525200536362856,3.5431395510767425,3.6389400012732738,731060000
2017-07-03,3.440178394317627,3.5962246658270143,3.4216602912086596,3.5814102775280228,709072000
2017-07-05,3.5320286750793457,3.5609168977814445,3.484622113355672,3.5036339984658134,820188000
2017-07-06,3.5426459312438965,3.5895587162283324,3.4507959586550343,3.5028938037476736,746284000
2017-07-07,3.6236319541931152,3.641903286336042,3.5764723967613086,3.599435007340778,654972000
2017-07-10,3.794987678527832,3.80239487552409,3.6710395146573047,3.6972118304832597,958492000
2017-07-11,3.8488121032714844,3.8564663053165087,3.7567151411830086,3.7986896304508977,757956000
2017-07-12,4.012513160705566,4.024611634298279,3.8656026532816523,3.9085647144715634,1145208000
2017-07-13,3.9660937786102295,4.1060908508735166,3.919675017867664,4.024611011072014,1369132000
2017-07-14,4.072758197784424,4.074239306769941,3.975475945594173,3.982389357329434,941948000
2017-07-17,4.055475234985352,4.135720751373465,3.993748059591718,4.106832290123188,930792000
2017-07-18,4.09769868850708,4.112266311751677,3.982638812533309,3.994490518044366,776640000
2017-07-19,4.076462745666504,4.133251634367219,4.064364271957107,4.106832316476075,687044000
2017-07-20,4.135720729827881,4.135967502897169,4.047080691033266,4.096956165605879,699596000
2017-07-21,4.150534629821777,4.180163877571308,4.100905934179385,4.115226776503402,648332000
2017-07-24,4.102388381958008,4.167325496760127,4.09177148769528,4.157696165807768,652524000
2017-07-25,4.08263635635376,4.096957203998691,4.038933494023467,4.079426421875551,496556000
2017-07-26,4.129794597625732,4.195719265079693,4.094980288653099,4.140164717119508,640404000
2017-07-27,3.993499994277954,4.166336217829028,3.890292135787328,4.154731294093611,782856000
2017-07-28,4.058933734893799,4.083377936967837,3.932763647238337,3.9577011602009713,513348000
2017-07-31,4.012513160705566,4.108560630237936,3.9658476197051025,4.0725119825295755,559672000
2017-08-01,4.061399936676025,4.063128289563203,3.975229065317966,4.003129484513581,431384000
2017-08-02,4.058933734893799,4.096463979604025,3.9818985890954166,4.092513724965801,478444000
2017-08-03,4.110536098480225,4.114239578174427,4.04140149489572,4.0584382549945826,442420000
2017-08-04,4.128561496734619,4.1991772280186686,4.11053716875365,4.133252540839299,589096000
2017-08-07,4.255472183227539,4.255965729433738,4.148066544808595,4.157696347121919,717412000
2017-08-08,4.204854488372803,4.3100372494989685,4.165595914979953,4.2934945093107455,755336000
2017-08-09,4.249545574188232,4.252014717601925,4.139918055513224,4.158683168704528,530784000
2017-08-10,4.067573547363281,4.263125163406745,4.057450201751459,4.250779447682243,1328088000
2017-08-11,3.85078763961792,3.9258478526022174,3.7754806535887107,3.8799228709090294,1497196000
2017-08-14,4.157942295074463,4.161645774650141,3.9307862859276055,3.9423909771743113,1279020000
2017-08-15,4.12288236618042,4.189300598773639,4.088562064417971,4.1631285194862695,764532000
2017-08-16,4.077696323394775,4.161398531500811,4.04535163214307,4.137942378603012,596632000
2017-08-17,3.9868342876434326,4.086338455291624,3.984612388326083,4.069302167075193,525444000
2017-08-18,3.987574577331543,4.058190748406091,3.941649600754738,4.041153991386658,601204000
2017-08-21,3.929551839828491,4.023377171428585,3.8856022168012005,4.012019488343503,623672000
2017-08-22,4.017034530639648,4.022965598493159,3.9468508561806126,3.9661267088656142,450456000
2017-08-23,4.09735107421875,4.108471768536685,3.9750234367214636,3.983673284618231,579520000
2017-08-24,4.082275390625,4.133925120904541,4.055833285354535,4.129476466949986,469700000
2017-08-25,4.048172950744629,4.116626989045616,4.041747430527322,4.106494727998724,357200000
2017-08-28,4.076839447021484,4.080052207177205,4.011598167873355,4.067201637909978,389496000
2017-08-29,4.070166110992432,4.091913513868946,4.00986747948736,4.018022873404943,324096000
2017-08-30,4.094385623931885,4.105506317837605,4.0595406573324535,4.089936969285074,384400000
2017-08-31,4.187305927276611,4.191259659452402,4.10723719444764,4.114650677955131,612684000
2017-09-01,4.21251106262207,4.248097467185412,4.191258110287485,4.199907956775364,445432000
2017-09-05,4.100067615509033,4.166050310513855,4.0419933225243625,4.1611076770901265,695364000
2017-09-06,4.097597599029541,4.146776015896429,4.062753106453125,4.132937015003031,397672000
2017-09-07,4.116626739501953,4.1489999149195915,4.076345159472309,4.1144024123256475,352868000
2017-09-08,4.045206546783447,4.119838631884706,4.020988297296583,4.105011199535381,498856000
2017-09-11,4.176430702209473,4.187057414117695,4.085488296259212,4.090925383057231,567444000
2017-09-12,4.191505432128906,4.201143239618242,4.126264163961743,4.201143239618242,411488000
2017-09-13,4.2102861404418945,4.2391995565506155,4.133924196934399,4.166297362219657,580960000
2017-09-14,4.186315059661865,4.2644068809882825,4.146774932764096,4.171240168280175,513712000
2017-09-15,4.450988292694092,4.450988292694092,4.2666321427945295,4.271821768484905,1364792000
2017-09-18,4.634849548339844,4.725050984772005,4.56837285350201,4.57529235376237,1684460000
2017-09-19,4.629907131195068,4.691688649481181,4.562441535996936,4.584435929965645,874280000
2017-09-20,4.592590808868408,4.681061893186537,4.552309232935416,4.633613827118097,724920000
2017-09-21,4.467052459716797,4.5149949944331285,4.3892075884042985,4.4887993993523105,1075600000
2017-09-22,4.423556804656982,4.505355855125553,4.413672006412333,4.455683459502187,491232000
2017-09-25,4.225855350494385,4.393901132006695,4.2050968537710895,4.392665237855731,874580000
2017-09-26,4.249579906463623,4.415648852728329,4.20979278061226,4.3605398418760855,1125620000
2017-09-27,4.342746257781982,4.356091276240632,4.269102608659963,4.340027950299253,713720000
2017-09-28,4.3415117263793945,4.353867843421991,4.2940631810991645,4.349913640863422,435244000
2017-09-29,4.417873382568359,4.441597182155399,4.380310110694357,4.425534325420442,619092000
2017-10-02,4.423556804656982,4.49720046056979,4.374131870722541,4.468039575146898,503480000
2017-10-03,4.4327006340026855,4.462602961795329,4.38846485382513,4.4297348645789665,390332000
2017-10-04,4.46976900100708,4.492010384016916,4.402303409696505,4.438878243644036,427848000
2017-10-05,4.46729850769043,4.497695290042072,4.437396177402533,4.4942355396627605,437364000
2017-10-06,4.480396747589111,4.493741770426035,4.423557848047813,4.439621179259296,318800000
2017-10-09,4.581470012664795,4.614585097709435,4.498435545416218,4.517217179160275,563492000
2017-10-10,4.668953895568848,4.768298705587175,4.627683877036438,4.730735428177463,974876000
2017-10-11,4.718624591827393,4.7201074762817505,4.639544334142526,4.685509510027984,529508000
2017-10-12,4.720849990844727,4.771757812238023,4.6936659693324145,4.722085413933639,528292000
2017-10-13,4.808826923370361,4.818959184463622,4.73617216318637,4.783125785094818,628728000
2017-10-16,4.891366958618164,4.894332728382551,4.775464845913969,4.838729258856825,576640000
2017-10-17,4.886918067932129,4.915337510163561,4.852320568060052,4.870607750655924,478596000
2017-10-18,4.882717132568359,4.896556133245479,4.777441742744379,4.895815162228298,567316000
2017-10-19,4.888154029846191,4.893096193213675,4.755941614815274,4.805119557649776,570772000
2017-10-20,4.865913391113281,4.932390094316849,4.857016552976339,4.905206541882646,451620000
2017-10-23,4.858993053436279,4.914102062630254,4.838728534266385,4.887659485850576,428696000
2017-10-24,4.909902095794678,4.911631971211401,4.842189492800311,4.868137624051155,407244000
2017-10-25,4.785843372344971,4.92324588095817,4.724309315323899,4.870360727491218,828160000
2017-10-26,4.836009502410889,4.8476241735610355,4.789549875099279,4.813521130974117,322744000
2017-10-27,4.988487720489502,4.988734710842164,4.8622058896454305,4.888154488699587,572192000
2017-10-30,5.037417888641357,5.093020876042479,4.97267060335629,4.988486939206589,504056000
2017-10-31,5.110814094543457,5.137503660566563,5.0636130198567075,5.069297096586528,411908000
2017-11-01,5.120452880859375,5.188906919599491,5.056200035052376,5.173585032750631,502576000
2017-11-02,5.089313983917236,5.135526624451407,5.0327220942392055,5.090796868467944,342308000
2017-11-03,5.157275676727295,5.157275676727295,5.074488639829189,5.120453837608645,353640000
2017-11-06,5.180503845214844,5.1891532202935755,5.1080960848827175,5.120452200322166,389944000
2017-11-07,5.239813804626465,5.261314217516611,5.191130316115352,5.2032394406636895,427700000
2017-11-08,5.168889045715332,5.2390729486569425,5.121440979107242,5.2353657370312945,522988000
2017-11-09,5.073992729187012,5.09895242255727,4.9516655797745885,5.072757306145381,978564000
2017-11-10,5.3413825035095215,5.403905458025339,5.229928602592915,5.265761992831534,1253256000
2017-11-13,5.254642009735107,5.366836896663882,5.239320124754027,5.341383223161656,582376000
2017-11-14,5.2929463386535645,5.308268223888868,5.2200441242956535,5.2637854529104,529292000
2017-11-15,5.189152240753174,5.2390720878129695,5.1352791351052725,5.237836193688967,501948000
2017-11-16,5.229434490203857,5.293440333378825,5.220538125318965,5.263291017540512,441768000
2017-11-17,5.2232561111450195,5.32185944652773,5.208181689832083,5.286520508123841,515664000
2017-11-20,5.2904744148254395,5.30258353780299,5.202002871563688,5.238824692423295,396100000
2017-11-21,5.339158058166504,5.3507732009231725,5.298382506082615,5.330261694056879,399176000
2017-11-22,5.315170764923096,5.3663615823857205,5.282527468139607,5.3663615823857205,356640000
2017-11-24,5.365373611450195,5.366363202776543,5.307011307355026,5.3314940231768,180752000
2017-11-27,5.295634746551514,5.375264759168978,5.292419754542222,5.374028477763996,422896000
2017-11-28,5.210811138153076,5.310224948071189,5.149728652668905,5.300827606328774,512752000
2017-11-29,4.857423782348633,5.1962215283176745,4.729075965965675,5.193501331566848,1396788000
2017-11-30,4.963515281677246,5.012233086044148,4.863112785307602,4.926173533908311,823768000
2017-12-01,4.888582706451416,4.949170873539944,4.759740578380013,4.928892273299619,811548000
2017-12-04,4.616061210632324,4.9533755172282685,4.562644979484148,4.947192694365736,1240844000
2017-12-05,4.642768383026123,4.765428148841099,4.465703277528717,4.510711275521637,981488000
2017-12-06,4.680358409881592,4.702120454487175,4.571052447883207,4.592320168567715,467032000
2017-12-07,4.747870445251465,4.787685690247183,4.701625687460772,4.747128487682211,542600000
2017-12-08,4.735505104064941,4.816866188486136,4.72709688165976,4.797823871268611,466876000
2017-12-11,4.813898086547852,4.8168659162563365,4.733773759664406,4.749600612499515,372748000
2017-12-12,4.719430923461914,4.793620543309309,4.695937803269278,4.770374585061398,455016000
2017-12-13,4.604188919067383,4.761717350270558,4.596769817725066,4.760481069221655,554280000
2017-12-14,4.611361980438232,4.682336612256466,4.565117223290853,4.597760525785106,438164000
2017-12-15,4.737236022949219,4.757514620816847,4.590341184418286,4.655380617400505,670036000
2017-12-18,4.894023418426514,4.896990776775315,4.748117686740831,4.77779315696122,477704000
2017-12-19,4.849757194519043,4.8898196005731975,4.821318003982478,4.884626369388688,373100000
2017-12-20,4.866820812225342,4.898227361347245,4.811178712514219,4.8890776521097905,288820000
2017-12-21,4.844315528869629,4.895258707823938,4.835907307727258,4.870281677971364,300904000
2017-12-22,4.828984260559082,4.838381603401169,4.729570439007628,4.807469378309616,466276000
2017-12-26,4.8826470375061035,4.890313302329314,4.743665622988231,4.773588724822948,355080000
2017-12-27,4.875969409942627,4.945212948429918,4.85470216610018,4.869292736845797,329488000
2017-12-28,4.88165807723999,4.930623025924699,4.8754757271315174,4.899710803699255,240248000
2017-12-29,4.78521203994751,4.907871808026955,4.78521203994751,4.907871808026955,279964000
2018-01-02,4.929880619049072,4.933590406122446,4.809941528492139,4.841595233631355,355616000
2018-01-03,5.254335403442383,5.284753299385296,5.038691822477162,5.047347206278062,914704000
2018-01-04,5.282033920288086,5.39232900770498,5.259777078889081,5.335697784629335,583268000
2018-01-05,5.326794624328613,5.364136360446518,5.219961703559194,5.296871520035363,580124000
2018-01-08,5.490010738372803,5.564199881452272,5.405434662446462,5.45044313250601,881216000
2018-01-09,5.488527774810791,5.5350196961789395,5.406919514604328,5.495452083453573,497000000
2018-01-10,5.531556606292725,5.535018760028553,5.341632002996717,5.396037343371609,582664000
2018-01-11,5.541447639465332,5.595605807119957,5.519932292184847,5.564198796143697,406032000
2018-01-12,5.514244079589844,5.56395096905441,5.473687367088355,5.52957660458401,359916000
2018-01-16,5.443272113800049,5.626272439863633,5.358696495225671,5.540707701727443,702348000
2018-01-17,5.55727481842041,5.567166482700664,5.363888088495557,5.457861021731487,538408000
2018-01-18,5.550351619720459,5.6047569633281915,5.506827061824414,5.537986447298407,408632000
2018-01-19,5.690568923950195,5.714803999828668,5.613659585156645,5.640614857270835,609380000
2018-01-22,5.779101371765137,5.780832448582127,5.640861916644367,5.698482247131229,550944000
2018-01-23,5.908190727233887,5.9309418862678775,5.813970156232604,5.8325172044636355,475228000
2018-01-24,5.831280708312988,5.947263314769436,5.775638622304819,5.911405029154948,579972000
2018-01-25,5.844883441925049,5.928964729966863,5.8300457062950555,5.885687332828308,409884000
2018-01-26,6.017496585845947,6.017743747767247,5.875794977236887,5.88865447239032,516356000
2018-01-29,6.104544639587402,6.135704490970733,5.950231184155097,6.002905441031782,455116000
2018-01-30,6.002411365509033,6.093911748720231,5.895826086116765,5.962596597783066,570832000
2018-01-31,6.078578948974609,6.16439130226408,6.045193694624122,6.077836991542415,478576000
2018-02-01,5.947511672973633,6.105782579641386,5.887171140388201,5.898546721774024,519224000
2018-02-02,5.774897575378418,5.8849454835811335,5.716782917881571,5.860957568757628,718464000
2018-02-05,5.284753799438477,5.767726147960615,5.069604521942319,5.613659830043509,1165204000
2018-02-06,5.578542709350586,5.581510067223356,5.044873938048413,5.054766074323684,1114800000
2018-02-07,5.658172607421875,5.81075547051771,5.60624030362248,5.677462085749544,802932000
2018-02-08,5.379222393035889,5.81693917696588,5.378974759376909,5.783801548245908,1144000000
2018-02-09,5.739287376403809,5.907697117497442,5.379221935023406,5.89187026209565,1674604000
2018-02-12,5.63913106918335,5.82336812009154,5.564941924956861,5.820400290179958,1093172000
2018-02-13,5.75288724899292,5.799131992708645,5.570381308047133,5.60277743917342,625524000
2018-02-14,5.97026252746582,5.999196508566604,5.7014498907190845,5.712578308705306,744988000
2018-02-15,6.095889568328857,6.142134316450745,5.972735486293766,6.053601769187962,698900000
2018-02-16,6.030108451843262,6.182443671461399,6.020958272950541,6.068686934314359,637656000
2018-02-20,6.159693717956543,6.228689636797883,6.04890384532336,6.052613632996574,686240000
2018-02-21,5.972486972808838,6.231160741216869,5.968777657967715,6.224236435282525,892292000
2018-02-22,5.992036819458008,6.078149817184924,5.926462337116424,6.00638914307122,534364000
2018-02-23,6.085574626922607,6.085574626922607,6.001193766568207,6.051921303400945,415300000
2018-02-26,6.101659297943115,6.136302356779227,6.039301320061834,6.1318483166397675,469312000
2018-02-27,6.088789939880371,6.15931355770936,6.065776855584058,6.074932248622879,455436000
2018-02-28,5.988325119018555,6.1392701785474495,5.976694682181912,6.099677985361886,523116000
2018-03-01,5.746070384979248,6.040042644648552,5.644862642025156,5.9860981256779695,1040120000
2018-03-02,5.853217124938965,5.859651105052284,5.489710935847415,5.638429233365499,913428000
2018-03-05,5.831193447113037,5.87078564064684,5.67950549575482,5.802983903025563,620776000
2018-03-06,5.992284297943115,6.011585764289421,5.873507713573909,5.916564213608342,636808000
2018-03-07,5.984365940093994,6.036578306149001,5.888107340029031,5.88934438962388,581208000
2018-03-08,5.968034744262695,6.011833667124989,5.92374071832728,6.011833667124989,411912000
2018-03-09,6.0707268714904785,6.083593886696444,5.999460824941261,6.015544829936818,505524000
2018-03-12,6.180346488952637,6.260520600019184,6.103883998072394,6.112050128853604,605060000
2018-03-13,6.129619598388672,6.29763933761602,6.088295253212967,6.223156306909692,619772000
2018-03-14,6.1551079750061035,6.199896630476115,6.092750004708585,6.17267681785739,505496000
2018-03-15,6.169955253601074,6.251119120669015,6.1278884827981335,6.168718203861096,401952000
2018-03-16,6.1981635093688965,6.217217186434645,6.148673034517266,6.186285757646413,399456000
2018-03-19,5.9635820388793945,6.170203842357482,5.864601520088205,6.141252341495978,713772000
2018-03-20,6.175893306732178,6.214743082261215,5.966549214834745,5.966549214834745,554696000
2018-03-21,6.1506547927856445,6.235778075993745,6.120217986001668,6.169460687933696,438688000
2018-03-22,5.984613418579102,6.133826807309546,5.947248478501975,6.0873060008669375,551196000
2018-03-23,5.764876842498779,6.000697863240726,5.753741507997223,5.9982232920208025,735620000
2018-03-26,6.049694538116455,6.050931588003624,5.837381190465126,5.8893457812996495,611424000
2018-03-27,5.580524921417236,6.186286039031803,5.440220093756941,6.130609370285283,1409000000
2018-03-28,5.4773383140563965,5.6762890342784065,5.369697057369558,5.546129792120194,945904000
2018-03-29,5.730729103088379,5.827482347839007,5.461254259235956,5.545635118389338,916628000
2018-04-02,5.469914436340332,5.806448574591713,5.382069280892017,5.660204859199216,922092000
2018-04-03,5.576317310333252,5.700043011422476,5.477336843857091,5.6369431115364526,667432000
2018-04-04,5.598341464996338,5.608734380074746,5.295460674789623,5.32045322847477,789168000
2018-04-05,5.478079795837402,5.669854556810045,5.406566443140622,5.656739755818847,701240000
2018-04-06,5.301648139953613,5.483525141470358,5.272448855725596,5.375388769204203,662988000
2018-04-09,5.330352306365967,5.492680507728123,5.31030841975012,5.3647480462410835,499524000
2018-04-10,5.6396660804748535,5.6666381034762585,5.503567499960352,5.560729007611203,761676000
2018-04-11,5.598341464996338,5.666143200490831,5.565677882756723,5.624818855685876,460244000
2018-04-12,5.805211067199707,5.823027697050781,5.647089598214917,5.691383621321849,593920000
2018-04-13,5.7285003662109375,5.877218630371392,5.680247414089184,5.86880518379169,503036000
2018-04-16,5.728252410888672,5.761658406005343,5.6339733005800285,5.735181019774256,350792000
2018-04-17,5.877962112426758,5.899243048221375,5.724789781765835,5.780466456587011,447224000
2018-04-18,5.8490095138549805,5.920275555514902,5.759927315762206,5.827481264851809,391364000
2018-04-19,5.667628288269043,5.768093618814739,5.612199400782437,5.734687613812913,471996000
2018-04-20,5.659462928771973,5.743348683061958,5.628284177901867,5.658967825688976,386200000
2018-04-23,5.539941787719727,5.728499529894259,5.513959505289861,5.677277383386249,427508000
2018-04-24,5.473627090454102,5.661689804903255,5.408299913104578,5.565678979266951,414596000
2018-04-25,5.361283302307129,5.483029561367617,5.203904256581434,5.443931997467432,588492000
2018-04-26,5.573101043701172,5.581267175131751,5.457046355017984,5.523115937049519,375824000
2018-04-27,5.600569248199463,5.698807799938222,5.558255161830789,5.679011700258777,400848000
2018-04-30,5.565184116363525,5.666639192475156,5.545883118575544,5.61690138866792,327844000
2018-05-01,5.620613098144531,5.623334985136269,5.498371723257551,5.557018075248607,253788000
2018-05-02,5.60007381439209,5.661688888526555,5.573843738289055,5.617148024614373,268248000
2018-05-03,5.765371799468994,5.791601878301991,5.586711806286315,5.631995565415994,443144000
2018-05-04,5.915574550628662,5.9187915403877405,5.719345726944048,5.736667253375704,400660000
2018-05-07,6.153622150421143,6.210783653353239,6.010347655828777,6.020245939547778,687616000
2018-05-08,6.196183681488037,6.198905567771302,6.104873765410481,6.153869134437608,506616000
2018-05-09,6.329313278198242,6.331540533923294,6.189008438901336,6.216228250763008,596760000
2018-05-10,6.436954498291016,6.446109892052428,6.364450934859377,6.382267563331363,994080000
2018-05-11,6.29838228225708,6.428542001992428,6.19964957248017,6.255078462179488,1214456000
2018-05-14,6.3189191818237305,6.396371879000817,6.295164151741282,6.336488492880915,523140000
2018-05-15,6.076418399810791,6.258048070621676,5.97595306631511,6.255325711694474,963528000
2018-05-16,6.087553977966309,6.149664165149807,6.00094586329444,6.037816176317539,553828000
2018-05-17,6.129619598388672,6.223403622420588,6.0732005114772845,6.089284987232719,519784000
2018-05-18,6.08582067489624,6.24493186380317,6.080871532827231,6.1815846388292846,483716000
2018-05-21,6.0437541007995605,6.187028605950278,5.9509598079882755,6.183316985270205,640624000
2018-05-22,6.005646705627441,6.082356521707712,5.945020893708787,6.057116651687441,518264000
2018-05-23,6.129202365875244,6.130440652975624,5.948698643721274,5.949441521527871,442956000
2018-05-24,6.132914066314697,6.175254780112468,6.07225124382687,6.125486235469322,437372000
2018-05-25,6.172285079956055,6.188626973783249,6.109889015671198,6.145543842081384,292112000
2018-05-29,6.155200481414795,6.223292101165808,6.108403431885541,6.1542101351350205,352684000
2018-05-30,6.264145851135254,6.272811970381399,6.164113804826568,6.188874347930443,390996000
2018-05-31,6.24433708190918,6.318866174571441,6.2215577049616195,6.232204515798494,493868000
2018-06-01,6.378786563873291,6.384977053848328,6.280487741445462,6.289153860688819,421968000
2018-06-04,6.557804584503174,6.57984108401242,6.380767349445353,6.412955722970389,642024000
2018-06-05,6.563253402709961,6.600889397823887,6.516208408817552,6.5610247692092,391712000
2018-06-06,6.5652337074279785,6.568452687093896,6.45678299549695,6.473124890065573,371356000
2018-06-07,6.509521007537842,6.573402810010939,6.419144970602717,6.56151771367455,369448000
2018-06-08,6.494170665740967,6.536758384513698,6.417908343694996,6.436726337664836,360456000
2018-06-11,6.453069686889648,6.523141534744154,6.440194239280869,6.4815441527472615,265372000
2018-06-12,6.501599311828613,6.513731880357177,6.42929883766844,6.479562808126344,319160000
2018-06-13,6.4971394538879395,6.578106010248708,6.487977928550842,6.503082001097418,338208000
2018-06-14,6.608811378479004,6.665512828840236,6.527349384890198,6.542205994187591,430016000
2018-06-15,6.56795597076416,6.622924193580482,6.520663520556211,6.551614079447634,432260000
2018-06-18,6.563747406005859,6.581327112651717,6.4966466140529056,6.523882785930545,356268000
2018-06-19,6.4419264793396,6.527845273115039,6.314410309922474,6.460496533921874,594932000
2018-06-20,6.494914531707764,6.547901601694609,6.444650559892386,6.483029431363825,369780000
2018-06-21,6.366158962249756,6.545176897397114,6.358483189285185,6.526854313030754,359516000
2018-06-22,6.2136335372924805,6.4003276941141065,6.198282465568517,6.386956842163673,434160000
2018-06-25,5.920718669891357,6.110878829468901,5.832076312447337,6.107164913280725,665816000
2018-06-26,5.991781234741211,6.082404762633554,5.940279452659206,6.034121959998703,478884000
2018-06-27,5.836533546447754,6.10171776108556,5.83108593372381,6.035359840302846,453892000
2018-06-28,5.963800430297852,5.975685526096377,5.818951592688777,5.826627364047493,338012000
2018-06-29,5.865749835968018,6.041548777267982,5.8645115491881405,6.028921274628643,392300000
2018-07-02,5.99797248840332,6.001686405303804,5.775623438322771,5.796174660072698,357572000
2018-07-03,5.864264488220215,6.038578158671829,5.855845837696993,6.032635609612383,222732000
2018-07-05,6.010104656219482,6.0150563876666,5.880607315447543,5.9194811228492155,306216000
2018-07-06,6.124001979827881,6.1324206309640275,5.964296965797461,5.985591062121803,296352000
2018-07-09,6.171542644500732,6.2079408235435976,6.092804680745707,6.198284356560044,303880000
2018-07-10,6.270583629608154,6.292620129800971,6.143562410777438,6.18392196736598,360016000
2018-07-11,6.1289544105529785,6.212397102754668,6.1183071258616515,6.177732622987828,367508000
2018-07-12,6.22056770324707,6.268603037083402,6.164361658868203,6.174266065636486,345508000
2018-07-13,6.173274993896484,6.2391379738529364,6.1311822113942895,6.2391379738529364,246988000
2018-07-16,6.145544052124023,6.198531592692469,6.133164015149556,6.145544052124023,197036000
2018-07-17,6.281476974487305,6.296581049502372,6.070765635440419,6.096269051704682,362136000
2018-07-18,6.232204437255859,6.287915536641218,6.18119807208893,6.27404974697518,277640000
2018-07-19,6.240375518798828,6.274050121159605,6.198283210383994,6.213386815484689,235752000
2018-07-20,6.212149143218994,6.276773834933788,6.20125439089569,6.237900032515473,222352000
2018-07-23,6.175503730773926,6.187388829700756,6.023721959376194,6.185655605785097,301584000
2018-07-24,6.1581711769104,6.310200409021617,6.140590997901351,6.223538745399333,354620000
2018-07-25,6.236414909362793,6.249042886817614,6.109641142353471,6.1675808852783085,319112000
2018-07-26,6.309954643249512,6.346847765543241,6.199523217191994,6.216360524326188,325124000
2018-07-27,6.240128993988037,6.353531908832767,6.186151106928941,6.346599012537849,295420000
2018-07-30,6.044767379760742,6.260183456046065,6.009854967669933,6.254240907769587,340340000
2018-07-31,6.062842845916748,6.1376194044578645,5.9954945912206,6.034368389579744,283988000
2018-08-01,6.102707386016846,6.149504900418717,6.0388255745195,6.09428920783504,283556000
2018-08-02,6.205463409423828,6.209424793877807,5.972467602641219,6.031397210672624,269668000
2018-08-03,6.242109298706055,6.265879497250574,6.213139900531546,6.229976730943822,214288000
2018-08-06,6.289897441864014,6.293363889949058,6.182932488229437,6.229482068876638,207508000
2018-08-07,6.362197399139404,6.380767925100647,6.311933905978958,6.338675142220844,258132000
2018-08-08,6.398594856262207,6.443659148260258,6.328523025149277,6.363435442604093,262100000
2018-08-09,6.350064754486084,6.419146241247258,6.342388981260611,6.416422671186882,204280000
2018-08-10,6.308713436126709,6.341149745641058,6.25696419977156,6.268106418262169,256396000
2018-08-13,6.341646671295166,6.46247788909327,6.315648310753036,6.3173815347891775,375208000
2018-08-14,6.473123550415039,6.487237280961834,6.363929983292569,6.4471251944973185,466220000
2018-08-15,6.414937973022461,6.527845476327659,6.336199541228857,6.493923401048329,591136000
2018-08-16,6.374330043792725,6.487238011815131,6.314162143451449,6.4847619101723835,801260000
2018-08-17,6.061852931976318,6.26365071427017,6.034863756669964,6.262907836605914,1143188000
2018-08-20,6.136629581451416,6.269345410037566,5.910814131358197,6.021245991046136,854388000
2018-08-21,6.272315502166748,6.276772294938426,6.133161746717461,6.1529700819111115,673988000
2018-08-22,6.507541179656982,6.512493382858768,6.236166961498785,6.239633409286418,749856000
2018-08-23,6.6070780754089355,6.672445644275916,6.455048842418472,6.468914633115338,720684000
2018-08-24,6.740289211273193,6.754897879428746,6.611039830887338,6.615496624647529,531512000
2018-08-27,6.8314080238342285,6.905689183089943,6.738556338630539,6.770001837326434,505776000
2018-08-28,6.793771266937256,6.848244551683431,6.6736829498574135,6.825464702798948,475384000
2018-08-29,6.899309158325195,6.924330848284435,6.765281772907207,6.786091835147399,420108000
2018-08-30,6.8824639320373535,6.97933044260246,6.845550636043581,6.868094874344927,346608000
2018-08-31,6.953563213348389,6.966445698569326,6.852485106991392,6.862394929096571,306592000
2018-09-04,7.028383255004883,7.066039364290416,6.911945165061176,6.94043520530603,391720000
2018-09-05,6.897573947906494,7.0462179799653795,6.816563085104413,7.010791261793283,393156000
2018-09-06,6.7563629150390625,6.883701218337742,6.723413649446237,6.8812237624435335,322796000
2018-09-07,6.735058307647705,6.860662451432929,6.619363515888033,6.664204385174988,295420000
2018-09-10,6.806159019470215,6.835888019106003,6.713752225545476,6.757602204679251,220140000
2018-09-11,6.758345603942871,6.847531659317716,6.739021635718596,6.759831699555179,243112000
2018-09-12,6.644384384155273,6.738030135435607,6.488803654689264,6.718458565142389,419092000
2018-09-13,6.722175598144531,6.812848221686006,6.692942278214692,6.710283998083846,305536000
2018-09-14,6.848273754119873,6.914420354489479,6.7756861471450005,6.812599432670402,386936000
2018-09-17,6.786338806152344,6.87180937170645,6.767015313738757,6.822756884203098,205528000
2018-09-18,6.71424674987793,6.893114992122036,6.7075581391012395,6.790303176920231,299520000
2018-09-19,6.738030910491943,6.755868311008168,6.64562411276081,6.695667497726541,224860000
2018-09-20,6.596817493438721,6.658256782438451,6.542810098314595,6.615893380758035,430584000
2018-09-21,6.526708602905273,6.654294994373285,6.493511730407713,6.608710841257916,435128000
2018-09-24,6.582449436187744,6.585917779861219,6.408536099808618,6.4957403718244615,293912000
2018-09-25,6.649589538574219,6.674611238108934,6.562880440197927,6.6485986503540175,280388000
2018-09-26,6.612673759460449,6.6949235937869895,6.596818608820497,6.6545419606422165,268548000
2018-09-27,6.624565124511719,6.669158383833915,6.5931024281747845,6.647852641986985,214428000
2018-09-28,6.961987018585205,6.984283649073352,6.72861615500585,6.756610981294797,709396000
2018-10-01,7.168602466583252,7.2354918852784404,7.001130134699064,7.039777595903108,622060000
2018-10-02,7.09725284576416,7.252833094984043,7.074956216921543,7.141102819484459,383964000
2018-10-03,7.103447914123535,7.175044652512848,6.999397112639463,7.167612283647388,320552000
2018-10-04,6.919128894805908,7.091555678833477,6.842081570460789,7.067277270914308,391220000
2018-10-05,6.685508728027344,6.956536135342426,6.6280329862468665,6.894353558655258,426636000
2018-10-08,6.584183692932129,6.717715398609319,6.443219619633194,6.602268695537956,408612000
2018-10-09,6.578485488891602,6.658257388579941,6.510604714992014,6.563620754734536,273500000
2018-10-10,6.086720943450928,6.518283941839837,6.084491091823991,6.472451725543362,684940000
2018-10-11,5.825109958648682,6.1330507448523495,5.803556608004805,5.999518539885468,725436000
2018-10-12,6.107779502868652,6.182101758509056,5.937086911020595,6.082262606196725,608236000
2018-10-15,5.831302642822266,6.094402523024078,5.830311754901808,6.094402523024078,449760000
2018-10-16,6.09019136428833,6.101339681173836,5.894724649253833,5.944024752912353,408712000
2018-10-17,6.0215678215026855,6.1905267618009,5.97251531738898,6.152374499139235,329668000
2018-10-18,5.934115409851074,6.129334536873384,5.87366698439752,6.0909351431140415,524020000
2018-10-19,5.677454471588135,6.008930250204163,5.641036870004753,5.9893591561029496,613608000
2018-10-22,5.728241920471191,5.829815241969371,5.625430107380949,5.729728488402756,368844000
2018-10-23,5.476540565490723,5.554083116065801,5.368773327191032,5.460932541285988,626436000
2018-10-24,4.940182209014893,5.484714593427913,4.926308832663789,5.4381395520987965,884288000
2018-10-25,5.149024963378906,5.196343269319291,4.798225257133644,4.842570900448369,951720000
2018-10-26,4.9124345779418945,5.074703909485122,4.7843530009253055,4.912929785565064,664784000
2018-10-29,4.598548889160156,5.057115481986102,4.36047069435501,5.053647137905589,758016000
2018-10-30,5.029120922088623,5.039030747149798,4.598549135246941,4.621589053240354,807192000
2018-10-31,5.22310209274292,5.26670447706058,5.054143148841059,5.19386876726802,745772000
2018-11-01,5.403454303741455,5.412868444905838,5.132922137809829,5.259517127193501,566528000
2018-11-02,5.324426174163818,5.499826072011237,5.207740512749252,5.394041121389464,452960000
2018-11-05,5.2463884353637695,5.334584072239189,5.085605181466622,5.311296080641316,379332000
2018-11-06,5.228799343109131,5.322692707583277,5.19163797446866,5.238461091044024,299012000
2018-11-07,5.2964324951171875,5.386114239028689,5.231772445404312,5.295441607108302,483812000
2018-11-08,5.103195667266846,5.237965887985797,5.049683461659231,5.2372226038421035,511352000
2018-11-09,5.095267295837402,5.185692318826572,4.980563864146624,5.014256417195492,413240000
2018-11-12,4.6956610679626465,5.02589832169198,4.673859651956711,5.003849301932369,617116000
2018-11-13,4.937704086303711,5.059096585514733,4.787325873971282,4.793519749743109,644712000
2018-11-14,4.885183334350586,5.1252432772013945,4.777169000148565,5.110874222309211,526580000
2018-11-15,5.014009475708008,5.086101899766273,4.8433163630979745,4.879238773182379,840708000
2018-11-16,4.073586940765381,4.227928681765143,4.003723925905142,4.046087799657458,1963520000
2018-11-19,3.584796905517578,4.008927409136422,3.5830627335427176,4.008184597598417,1697820000
2018-11-20,3.6933066844940186,3.8216358746853967,3.3026209181531794,3.3212013646943963,1692032000
2018-11-21,3.5850443840026855,3.8474009683038597,3.5577930773130517,3.8305546930995473,1025496000
2018-11-23,3.592229127883911,3.7059416695518506,3.5374786711100756,3.5503611593231215,411968000
2018-11-26,3.7916595935821533,3.802064624975912,3.6308763421228174,3.7133737817673937,814832000
2018-11-27,3.8085057735443115,3.8897644831945253,3.729724519763096,3.765646684810787,738060000
2018-11-28,3.965573787689209,3.9707763045031728,3.7936421838870658,3.926183033225481,804524000
2018-11-29,3.902336597442627,4.005003451679534,3.8720821458172083,3.9678053709269454,549172000
2018-11-30,4.0528645515441895,4.063527844875684,3.8616657517809214,3.9120072901466756,729564000
2018-12-03,4.216784954071045,4.331851480290063,4.149828127012584,4.280269966674589,890804000
2018-12-04,3.89613676071167,4.177106817769985,3.881009299313465,4.172146947836223,812112000
2018-12-06,3.925398826599121,3.9303584593958174,3.739903924610821,3.755527087194854,692308000
2018-12-07,3.660547971725464,3.939782345129078,3.6111985452759696,3.9296147541371735,681676000
2018-12-10,3.7659430503845215,3.790741927300637,3.611942540304613,3.6156624427919155,629472000
2018-12-11,3.674931526184082,3.8658820225809585,3.5958233518984164,3.8576984264996694,671912000
2018-12-12,3.6925387382507324,3.7887578973457714,3.5913597092179987,3.680635239599958,654136000
2018-12-13,3.6922905445098877,3.803637161829267,3.6563324344889017,3.7394083615713836,471384000
2018-12-14,3.6317811012268066,3.734447930986444,3.608222196233818,3.650627988721624,471820000
2018-12-17,3.5606091022491455,3.6739394821359754,3.5025799007656455,3.6017751715535913,662868000
2018-12-18,3.6439332962036133,3.728001109559779,3.5772245555612088,3.6045031321827805,564372000
2018-12-19,3.4348790645599365,3.6637718930975014,3.3832975554247553,3.6102063888034284,745364000
2018-12-20,3.3503153324127197,3.5164671821755737,3.2905502273547995,3.4264476289637065,749588000
2018-12-21,3.2131776809692383,3.4098320496843937,3.1856510216503584,3.376849581514156,863740000
2018-12-24,3.1514294147491455,3.2233458765756695,3.0874484613795015,3.1367981288758275,463840000
2018-12-26,3.300717830657959,3.301709709994716,3.086456284944597,3.1975548116479096,695100000
2018-12-27,3.2528562545776367,3.2828628537298723,3.1043115509432666,3.24839256069533,637044000
2018-12-28,3.314357280731201,3.4071048650823075,3.2315294365884313,3.2734392983703082,628728000
2018-12-31,3.3106374740600586,3.390241351954662,3.279886848319198,3.357755055550599,465140000
2019-01-02,3.3780901432037354,3.434135350948628,3.225081745378111,3.2397130310769757,508752000
2019-01-03,3.1739957332611084,3.3518029840578585,3.1665561656356065,3.31782863535196,705552000
2019-01-04,3.3773460388183594,3.4155359944586325,3.2164019110498905,3.2471522987277157,585620000
2019-01-07,3.556144952774048,3.5930951751737896,3.383297337964395,3.434630992217511,709160000
2019-01-08,3.467613697052002,3.6399653957133737,3.3949532096839494,3.6377333123115916,786016000
2019-01-09,3.5358102321624756,3.5831758993446647,3.468357471329864,3.518946864579622,617260000
2019-01-10,3.6015267372131348,3.610206272316481,3.4559579260523408,3.5164670567007463,523156000
2019-01-11,3.690803050994873,3.7136179337685746,3.551433819236047,3.579208335743355,874764000
2019-01-14,3.7307283878326416,3.756023202125144,3.614918083154748,3.638476990412451,730168000
2019-01-15,3.7165932655334473,3.8028929137847602,3.6982420794514623,3.763462755290877,617012000
2019-01-16,3.6910502910614014,3.7768539979833324,3.6855947185082942,3.743871765095509,470104000
2019-01-17,3.7624709606170654,3.8023970596599237,3.630789402099647,3.658068212010733,493436000
2019-01-18,3.891672134399414,3.917710973895078,3.760734618762907,3.8123161216499124,651336000
2019-01-22,3.689314365386963,3.8730733637586483,3.6590599189288824,3.861417954500221,661552000
2019-01-23,3.702209949493408,3.833395569520284,3.670963622006598,3.7446159837249957,591020000
2019-01-24,3.9142398834228516,3.93184680689285,3.7820623761013543,3.786774157966452,708972000
2019-01-25,3.971524953842163,3.989628054115516,3.7520559036035013,3.8547227556880683,1154572000
2019-01-28,3.4224801063537598,3.512499671867839,3.248640813253347,3.386273904254411,2511528000
2019-01-29,3.263519525527954,3.4247117431259784,3.2488882410267337,3.376353959596769,1153932000
2019-01-30,3.407104253768921,3.421487448791008,3.2600473952605458,3.3396514987524863,974228000
2019-01-31,3.5648250579833984,3.6005353187647415,3.382057911772711,3.4038809146112055,842852000
2019-02-01,3.5891284942626953,3.640214079083255,3.5358112985296803,3.583424831653996,625048000
2019-02-04,3.6994826793670654,3.736680761042508,3.582928327484572,3.6049991829720107,528592000
2019-02-05,3.7185776233673096,3.7552797649460503,3.677659639326908,3.7113859060209258,542424000
2019-02-06,3.7942140102386475,3.8586909055844467,3.746352396712601,3.7518079702805753,702464000
2019-02-07,3.6558361053466797,3.7500714990271824,3.6129343686063273,3.7478396523123063,637120000
2019-02-08,3.6744351387023926,3.6850984319181888,3.57424800268967,3.5886311978525756,461604000
2019-02-11,3.6317811012268066,3.684602334922174,3.583423323978086,3.6302930459116847,495180000
2019-02-12,3.7488319873809814,3.7644553892836727,3.655836549791955,3.6702199841468373,591060000
2019-02-13,3.7912378311157227,3.864394257176272,3.764703047256603,3.7783424530813337,605372000
2019-02-14,3.8321564197540283,3.8604271152737435,3.7470964815585437,3.790246552746439,827264000
2019-02-15,3.9018402099609375,4.063775981307264,3.879025329804247,4.0409613376501765,1516748000
2019-02-19,3.8844809532165527,3.965077180813806,3.872081751893534,3.8911767300506352,551892000
2019-02-20,3.9318461418151855,3.9990508075499385,3.9025838126812116,3.91374304521135,540988000
2019-02-21,3.8629062175750732,3.96904488045138,3.8482749323024388,3.944494328264692,448548000
2019-02-22,3.9477181434631348,3.9665652713235433,3.9010965000186486,3.914735906207042,401740000
2019-02-25,3.9353187084198,4.098742538908199,3.9266389363137773,4.031290012767143,656020000
2019-02-26,3.895888328552246,3.9866519064276726,3.8624099189548224,3.930606705523603,488464000
2019-02-27,3.853978157043457,3.9080393584325415,3.796940845000403,3.8815048155969234,500256000
2019-02-28,3.8294026851654053,3.8701147305718178,3.807060977529356,3.847772786192408,324944000
2019-03-01,3.883768081665039,3.9259692415898084,3.820962437474673,3.8792995508719708,357188000
2019-03-04,3.8919596672058105,3.945083685893803,3.8353600197455266,3.922245293956318,409992000
2019-03-05,3.885505437850952,3.9237347511923124,3.8219550046325876,3.876320270034392,362924000
2019-03-06,3.774540901184082,3.8850091391029578,3.771810303313121,3.8765690017093712,403524000
2019-03-07,3.7052807807922363,3.760639187902751,3.659107542067166,3.7509575687181855,450104000
2019-03-08,3.7395386695861816,3.750213190881308,3.594564375834374,3.615913418424627,422416000
2019-03-11,4.0001935958862305,4.023031750232796,3.7159548341043567,3.76312120523744,859728000
2019-03-12,4.034451961517334,4.080873072288386,3.9517866266283392,4.027997390653808,579576000
2019-03-13,4.185879707336426,4.2151724334372265,4.06448861627599,4.071936088051109,768900000
2019-03-14,4.109917163848877,4.206980506906839,4.102221585305186,4.195064741840049,519384000
2019-03-15,4.215420722961426,4.258118327126175,4.149635910538771,4.153111302429932,661484000
2019-03-18,4.194072246551514,4.30081698150757,4.1670134287818295,4.246947926484213,486992000
2019-03-19,4.361884593963623,4.406320374937149,4.271772496830412,4.288652771609706,854972000
2019-03-20,4.329363822937012,4.444300322250119,4.2946094346444355,4.390927968234291,719148000
2019-03-21,4.566188812255859,4.592502835773583,4.347486724612745,4.35245170618012,824312000
2019-03-22,4.406321048736572,4.587538645836515,4.392419476738416,4.538883143842969,747644000
2019-03-25,4.313973426818848,4.4299028478707365,4.247692396579148,4.36560809417392,525212000
2019-03-26,4.390681266784668,4.511823793451573,4.334329717182809,4.4557208243826,703508000
2019-03-27,4.381495475769043,4.462670976092189,4.311987633773278,4.416249870253587,474372000
2019-03-28,4.400114059448242,4.465898404443591,4.346989801230155,4.407561057908589,480264000
2019-03-29,4.45745849609375,4.481786717598139,4.416498579827422,4.466891772149723,456896000
2019-04-01,4.524981498718262,4.555267133437208,4.477567006353605,4.549309249321883,483824000
2019-04-02,4.542854309082031,4.587290092527988,4.506114579085595,4.549060773251855,440920000
2019-04-03,4.682366847991943,4.741448992577031,4.587537877610137,4.592502859202841,783504000
2019-04-04,4.673430442810059,4.715879948069527,4.610624796315884,4.666975871789601,457376000
2019-04-05,4.740206718444824,4.7575841511158785,4.680132155762461,4.716623770049761,481744000
2019-04-08,4.761058807373047,4.786131340820697,4.685592626589706,4.709672258735452,424192000
2019-04-09,4.698254585266113,4.738718284682073,4.656053189681739,4.727547313101306,439972000
2019-04-10,4.768754482269287,4.794571813158667,4.693040658945954,4.697508952083229,444772000
2019-04-11,4.754853248596191,4.8027644150323265,4.705452966667689,4.771237306905374,374600000
2019-04-12,4.716872692108154,4.797551986247509,4.708184211014587,4.79357990625329,471708000
2019-04-15,4.585055351257324,4.714142030746354,4.5453364457971155,4.709177049192152,440092000
2019-04-16,4.672188758850098,4.691055310036598,4.591509938985585,4.62427805978599,394964000
2019-04-17,4.649352073669434,4.728045115222095,4.627010123003642,4.707192754197184,351004000
2019-04-18,4.6247735023498535,4.690061626026728,4.596970367760142,4.656052502249903,380988000
2019-04-22,4.678643703460693,4.694282970526065,4.569665048107981,4.601191689291169,279936000
2019-04-23,4.733255863189697,4.76453486273526,4.682117887865082,4.69179926876619,346856000
2019-04-24,4.745668888092041,4.786380692980849,4.682863247913447,4.743682611484938,318204000
2019-04-25,4.639917850494385,4.727796045626432,4.560231923232545,4.705454099509013,499296000
2019-04-26,4.420966625213623,4.4904749462668025,4.302058016284739,4.486006178791786,868988000
2019-04-29,4.451748847961426,4.479551986397227,4.356671300152771,4.428910217470096,391920000
2019-04-30,4.493206024169922,4.518774782191055,4.400362848158072,4.419477508281276,362920000
2019-05-01,4.480048656463623,4.587786290968886,4.479800075952352,4.545584895941969,354280000
2019-05-02,4.547570705413818,4.589275412962672,4.446535748325807,4.489730044997602,394684000
2019-05-03,4.543102741241455,4.565940899846128,4.481538103549911,4.556011409774838,336824000
2019-05-06,4.464657306671143,4.476821179167609,4.3194346842687,4.356671096286591,422176000
2019-05-07,4.297341346740723,4.416249948239451,4.249182070515127,4.416249948239451,555220000
2019-05-08,4.31744909286499,4.397631696559384,4.257870736017951,4.269786502084697,419168000
2019-05-09,4.224853038787842,4.258117838418727,4.105944933660761,4.24843645833115,660248000
2019-05-10,4.190845012664795,4.259608539564973,4.0711916084151785,4.194072298032297,569500000
2019-05-13,3.9334163665771484,4.081866036393127,3.917528758285483,4.058779300107583,656912000
2019-05-14,4.022535800933838,4.057786409733246,3.9344092789353184,3.973135043120067,524880000
2019-05-15,3.961467981338501,3.9979595998240485,3.9075991649260193,3.9669291767142933,502320000
2019-05-16,3.976609945297241,4.019308020605906,3.9135564439804913,3.956005938820116,781088000
2019-05-17,3.8857531547546387,4.063991983589524,3.8462826000833124,3.934657220051303,1022068000
2019-05-20,3.7670929431915283,3.8420624474411738,3.7422685131014997,3.786952392566227,572064000
2019-05-21,3.849261999130249,3.865149608707292,3.7891871899657192,3.827913193920382,361848000
2019-05-22,3.778264284133911,3.83660139280866,3.7673414201847377,3.8105359517231343,325868000
2019-05-23,3.6571216583251953,3.7159552197337873,3.5972949585968887,3.7159552197337873,591844000
2019-05-24,3.60325288772583,3.711238629699108,3.5965502101410465,3.6759880191092824,357584000
2019-05-28,3.558072805404663,3.6536465741173507,3.5560867653411243,3.6208784519008135,428356000
2019-05-29,3.4838473796844482,3.545411531622242,3.4490932243864623,3.5104092693307596,559800000
2019-05-30,3.4572553634643555,3.5228664042537723,3.418982177332677,3.4870785422764943,394300000
2019-05-31,3.3665430545806885,3.4756463241221667,3.3648033750098754,3.4082956012937635,389720000
2019-06-03,3.3247909545898438,3.4164971971939293,3.295464790252949,3.3777269897302125,478644000
2019-06-04,3.5539329051971436,3.559151944682557,3.366792180455374,3.3889110007050216,641836000
2019-06-05,3.511186361312866,3.633213052131111,3.4749014747131572,3.6277453853100576,511616000
2019-06-06,3.573317289352417,3.5979214292520445,3.5129252880520987,3.5154106121664577,408140000
2019-06-07,3.6160635948181152,3.6503601643474917,3.5601449915475145,3.5792817013625937,348856000
2019-06-10,3.68888258934021,3.7574759768515027,3.6722312006744007,3.6722312006744007,402780000
2019-06-11,3.7465407848358154,3.7865536549689542,3.707025169200277,3.7487774820206825,383872000
2019-06-12,3.633460521697998,3.7092612451341638,3.6183004244134733,3.7030479350906416,358892000
2019-06-13,3.6846580505371094,3.7030488841468263,3.6379348476865756,3.655580273510864,308080000
2019-06-14,3.594691276550293,3.615816062290887,3.549956617404146,3.591460544079043,394428000
2019-06-17,3.6043832302093506,3.6414137546994048,3.5700864201131592,3.592950881172767,276040000
2019-06-18,3.7994768619537354,3.854898219291804,3.654834352955563,3.6657694480815786,581920000
2019-06-19,3.8054420948028564,3.8462003764398967,3.779346659853391,3.8347682622052166,331644000
2019-06-20,3.829796552658081,3.910070668390933,3.815382100219199,3.8961532333446276,350168000
2019-06-21,3.771641969680786,3.8640940956974728,3.76518026831977,3.814885809259023,434428000
2019-06-24,3.7940094470977783,3.8235842394611064,3.7457951952347734,3.7930154121151145,282948000
2019-06-25,3.7646830081939697,3.874034906796157,3.761949293683664,3.7989798197510383,311868000
2019-06-26,3.9580368995666504,4.019174788640907,3.879254060761976,3.8921774630347445,584072000
2019-06-27,4.056700706481934,4.075837176093379,4.007740828755451,4.0437773086365825,445440000
2019-06-28,4.0815558433532715,4.109887979047295,4.034832871799169,4.100692324103623,397668000
2019-07-01,4.1297688484191895,4.323122615515228,4.09224106919738,4.288825805159322,709756000
2019-07-02,4.031849384307861,4.134242569014199,4.018677591618574,4.113117548637832,400228000
2019-07-03,4.044772148132324,4.060926517160428,3.984877403867295,4.055210224542983,246636000
2019-07-05,3.9821441173553467,3.990842515298447,3.9187695334531747,3.9863691212173005,396552000
2019-07-08,3.9070885181427,3.9413853270571026,3.8770169498057316,3.922497243134014,329788000
2019-07-09,3.909574508666992,3.93765801212352,3.852164839493114,3.864839615331755,342860000
2019-07-10,3.977919340133667,4.0353287698290075,3.939149132509588,3.953066570011489,452076000
2019-07-11,4.132502555847168,4.173260829838851,4.013706618917127,4.0509855338366805,682560000
2019-07-12,4.16555643081665,4.2366353749927805,4.16033739225383,4.16033739225383,506392000
2019-07-15,4.157105922698975,4.202834839181554,4.128774273357417,4.186680945019768,289840000
2019-07-16,4.15238618850708,4.179475426293064,4.096715949040026,4.1421964977893255,341444000
2019-07-17,4.217745780944824,4.224704496538067,4.124796680918572,4.1541228320692225,348204000
2019-07-18,4.229426860809326,4.292304173946154,4.171520194930614,4.228184436008304,442192000
2019-07-19,4.186184406280518,4.274162895663202,4.180219722760747,4.267701431699283,344896000
2019-07-22,4.257760047912598,4.27068344960479,4.2001017577453466,4.207557730500233,315940000
2019-07-23,4.365622043609619,4.367610114032208,4.2813712785909415,4.297028873757493,428176000
2019-07-24,4.440177917480469,4.445894209928815,4.332814578131362,4.408863689174824,366236000
2019-07-25,4.308957099914551,4.411350295183609,4.285595616988326,4.398675281650254,392700000
2019-07-26,4.35095739364624,4.39768034997258,4.3360459227824775,4.3360459227824775,274160000
2019-07-29,4.344744682312012,4.360899053609624,4.25651780081155,4.343750647375215,248160000
2019-07-30,4.3604021072387695,4.372579865622538,4.283855723370751,4.29827041604074,197772000
2019-07-31,4.193142890930176,4.329832875765413,4.150893328203228,4.328838366878281,359416000
2019-08-01,4.098703384399414,4.294045239236582,4.046512519395587,4.20358142084987,421212000
2019-08-02,4.006001949310303,4.075341209257975,3.9585335880349826,4.006001949310303,428348000
2019-08-05,3.74753475189209,3.823583872071184,3.700563166777483,3.822341209955462,589156000
2019-08-06,3.7863049507141113,3.8678217417745464,3.738587955028809,3.8223414432286207,361272000
2019-08-07,3.824577569961548,3.836506935610489,3.7080185757318795,3.7254153697919667,372560000
2019-08-08,3.9331841468811035,3.934426808993207,3.8248265230494565,3.8822361853526797,309300000
2019-08-09,3.8317854404449463,3.8956568068430424,3.78133449373618,3.8921774475537187,341816000
2019-08-12,3.7639377117156982,3.8317854551311235,3.7420672839464304,3.7795948285776633,279200000
2019-08-13,3.8782598972320557,3.9242374511838274,3.7234279298855713,3.762446528022892,351956000
2019-08-14,3.729640483856201,3.8012162058461714,3.685899870201686,3.7900324844718916,419880000
2019-08-15,3.6973323822021484,3.768411094475505,3.6630358067499325,3.7485289736598717,477200000
2019-08-16,3.9654922485351562,4.014700288504612,3.8988869407608577,3.960273210401827,1007960000
2019-08-19,4.244340896606445,4.260246882650972,4.062668037851884,4.078822414201502,815112000
2019-08-20,4.172019004821777,4.239369735992103,4.1508939831117395,4.238872481470083,463188000
2019-08-21,4.255524158477783,4.3106971379366685,4.2165055536063205,4.238127358473134,427244000
2019-08-22,4.261737823486328,4.307715149609385,4.222470353242271,4.265217183581832,303488000
2019-08-23,4.0370683670043945,4.239617799423632,4.017186246118449,4.185190475722338,568056000
2019-08-26,4.111875057220459,4.139958795850295,4.073602104954902,4.115851670999946,318208000
2019-08-27,4.021162509918213,4.152881371563058,3.991836348611856,4.150147657208587,290968000
2019-08-28,4.010714054107666,4.063453848473192,3.955486475399874,3.994792803712783,255612000
2019-08-29,4.154505252838135,4.186845502634287,4.098779923432352,4.10226272686419,357976000
2019-08-30,4.167191982269287,4.250531095931127,4.149031583849936,4.200776358715431,290616000
2019-09-03,4.084101676940918,4.127388076846836,4.061214822172957,4.094301449509897,296140000
2019-09-04,4.198288917541504,4.205752271082758,4.144802736736792,4.144802736736792,227728000
2019-09-05,4.471441745758057,4.477660969755805,4.298793392441156,4.30053479414038,695676000
2019-09-06,4.4443254470825195,4.505025873462062,4.406263243914584,4.44805688676678,376976000
2019-09-09,4.490347385406494,4.5769206597747045,4.473928389758502,4.475421155134584,417524000
2019-09-10,4.5570197105407715,4.58363800922938,4.447808197098827,4.457510224858925,352812000
2019-09-11,4.585628032684326,4.633890004725304,4.542590265379969,4.571696820053337,361512000
2019-09-12,4.58413553237915,4.686878705972675,4.576174906771831,4.632148871113935,327840000
2019-09-13,4.526172161102295,4.554532338621467,4.4823880024149885,4.5174651514906765,324592000
2019-09-16,4.483133316040039,4.51771271010622,4.440593297155696,4.451041706197594,231832000
2019-09-17,4.504528522491455,4.508757708824673,4.443330350458837,4.489850925627838,223048000
2019-09-18,4.477412223815918,4.513235754114462,4.390839404005725,4.497563137545004,258152000
2019-09-19,4.401785850524902,4.5017926193810744,4.391088328159307,4.483383106285471,245476000
2019-09-20,4.296056747436523,4.4244236829464265,4.285857447244734,4.400790440580646,350244000
2019-09-23,4.349542140960693,4.395067690118665,4.292573164119749,4.296305077654872,249712000
2019-09-24,4.2920756340026855,4.410491402312988,4.256501223748165,4.380887578859484,317268000
2019-09-25,4.433876037597656,4.453529199534077,4.2467987568602465,4.291577920970048,308432000
2019-09-26,4.411735534667969,4.432881464064067,4.360737142531466,4.424174456223421,234564000
2019-09-27,4.272921562194824,4.420692564361207,4.212220656383386,4.369942797845441,362056000
2019-09-30,4.330386638641357,4.3405864112742885,4.267447075890377,4.298792776481372,186184000
2019-10-01,4.328646183013916,4.50278731502738,4.32391972425896,4.35352355537247,366008000
2019-10-02,4.304764270782471,4.318695485316212,4.232371302833428,4.306754308716889,293372000
2019-10-03,4.510499000549316,4.516718224594785,4.278891623782578,4.309241835701423,450588000
2019-10-04,4.526917934417725,4.556273127011578,4.4475593650753265,4.512737610319395,265524000
2019-10-07,4.585628032684326,4.685385669343944,4.5831402483578865,4.591847256252254,480984000
2019-10-08,4.408998966217041,4.493830368042255,4.390838568402628,4.493830368042255,444436000
2019-10-09,4.495571136474609,4.545077228987507,4.457011672618454,4.485869111500859,292412000
2019-10-10,4.553287506103516,4.6042859007406065,4.488109262143906,4.493333467104451,309124000
2019-10-11,4.626924514770508,4.710263156568549,4.618466142747165,4.637372924506512,446404000
2019-10-14,4.640357971191406,4.661254790618904,4.587120429272097,4.618217022323879,200040000
2019-10-15,4.885150909423828,4.957792990796764,4.716731724426775,4.730663413995799,664124000
2019-10-16,4.831416130065918,4.956051632941013,4.819972699654112,4.851069297716396,428944000
2019-10-17,4.833406448364258,4.920974286578139,4.778924770415757,4.875946475128906,263436000
2019-10-18,4.7388715744018555,4.866492103502226,4.664488582942782,4.833902747539735,307440000
2019-10-21,4.876194953918457,4.889628895882486,4.781412400828508,4.800319184224195,261868000
2019-10-22,4.866243839263916,5.038394437268227,4.858531850053773,4.933163483284957,328720000
2019-10-23,4.853307247161865,4.867487094984036,4.752305487448469,4.784148460527644,279916000
2019-10-24,4.897339820861816,4.930923719476151,4.860521281019221,4.8946029262447395,232020000
2019-10-25,5.08839750289917,5.109294320975441,4.970230362044032,4.9779423507859395,423092000
2019-10-28,5.14437198638916,5.196862673007183,5.1028265075761166,5.132181700104958,330792000
2019-10-29,5.048096179962158,5.136908131674589,5.02869212723322,5.130439797767393,211236000
2019-10-30,5.050086498260498,5.080685818990656,4.9819227248531845,5.074963867485183,205960000
2019-10-31,5.000830173492432,5.050087171838714,4.920974324831084,5.029190349721458,209732000
2019-11-01,5.039886951446533,5.072227197701505,4.940377479439143,4.965503483517074,283640000
2019-11-04,5.23666524887085,5.2491041688148625,5.09785041356813,5.120985903121064,376716000
2019-11-05,5.2145256996154785,5.262538563045824,5.1665123616887705,5.2364175382912554,300868000
2019-11-06,5.165269374847412,5.216018665364577,5.077701059824666,5.190395383979894,269012000
2019-11-07,5.1829328536987305,5.266520631510319,5.138153670067648,5.251843031297753,280340000
2019-11-08,5.169001579284668,5.2005959283403635,5.12845158340045,5.166016521840659,189100000
2019-11-11,5.178950786590576,5.2020862780111345,5.081929101180268,5.168253267125535,243436000
2019-11-12,5.2145256996154785,5.270499663015527,5.182184976541511,5.217262120137906,283504000
2019-11-13,5.188652038574219,5.210792507914568,5.122229681560682,5.183178724375189,300188000
2019-11-14,5.219003677368164,5.22124282576946,5.137655069566704,5.197609110242489,518080000
2019-11-15,5.0796918869018555,5.268510158526116,4.991377183535161,5.216765371307208,1053628000
2019-11-18,5.280947208404541,5.307565500989465,5.069241675509908,5.072226731637609,574588000
2019-11-19,5.174224853515625,5.2734852317181105,5.1160122106246035,5.2498519890971025,414564000
2019-11-20,5.253582000732422,5.337418375888461,5.1386490373984035,5.151336593417858,472588000
2019-11-21,5.228705883026123,5.304830288315993,5.207062679061285,5.249105431945429,288388000
2019-11-22,5.246368408203125,5.297864072305472,5.22273469458707,5.251343502309782,224100000
2019-11-25,5.503101825714111,5.508077394367964,5.361550076637497,5.374486270439708,506476000
2019-11-26,5.3983683586120605,5.490165365691559,5.391900024776435,5.485438433350707,385244000
2019-11-27,5.433222770690918,5.478283805415998,5.406833650561391,5.443928185333021,215784000
2019-11-29,5.39587926864624,5.430733001767615,5.371979294593582,5.40235237613821,141556000
2019-12-02,5.209411144256592,5.402352684659562,5.194225077463522,5.3889088297755565,372036000
2019-12-03,5.169826030731201,5.173809042299728,4.988336889152715,5.025680234262831,465232000
2019-12-04,5.2136430740356445,5.2758821535718665,5.185013154430562,5.253476046951107,273424000
2019-12-05,5.196713924407959,5.251235319724419,5.166092026105693,5.235551141258288,184884000
2019-12-06,5.282106399536133,5.314969103473999,5.25596609795133,5.26592457941975,232236000
2019-12-09,5.282106399536133,5.336877097919377,5.2504892180516185,5.25920265191322,211880000
2019-12-10,5.327167510986328,5.378950471103247,5.259451076685321,5.312229789905027,256388000
2019-12-11,5.410816192626953,5.416293546681469,5.335133737380233,5.3376233574329275,233796000
2019-12-12,5.578362941741943,5.596536737737718,5.3729743074926075,5.381936558312358,404348000
2019-12-13,5.576371669769287,5.700600988290464,5.5223479185366875,5.581350909254086,454704000
2019-12-16,5.605251312255859,5.67769769150474,5.595790945640478,5.6239232259259895,320976000
2019-12-17,5.68342399597168,5.70607892251865,5.614462988372366,5.623923355205215,321196000
2019-12-18,5.713796615600586,5.774293009615607,5.7098131282974665,5.7182777420375315,343548000
2019-12-19,5.8619256019592285,5.8753694564497865,5.743422431200607,5.748401671741296,445360000
2019-12-20,5.9592671394348145,5.984660503995179,5.909226868961521,5.928396420867983,603044000
2019-12-23,5.945574760437012,6.02001264610532,5.934869821137269,5.9878973533596,355060000
2019-12-24,5.940595626831055,5.957773673808667,5.895783412949718,5.9301395069049425,138864000
2019-12-26,5.95478630065918,5.982918106157011,5.925160153254967,5.944080886525282,182852000
2019-12-27,5.89702844619751,5.9834163200082715,5.870638852033703,5.969972465937813,254644000
2019-12-30,5.783753871917725,5.880349054962764,5.752385509325526,5.8751209945307314,258056000
2019-12-31,5.8579421043396,5.867402470644942,5.729231643584332,5.748401195747493,231004000
2020-01-02,5.972710609436035,5.972710609436035,5.893293961011548,5.943831871358628,237536000
2020-01-03,5.877110481262207,5.920926930906408,5.8280659729825945,5.852961693799672,205384000
2020-01-06,5.901757717132568,5.906985776484988,5.757612380789321,5.783752677551418,262636000
2020-01-07,5.973207950592041,6.019015909273945,5.885077405904692,5.930138431177866,314856000
2020-01-08,5.984411716461182,6.0257385544708075,5.928894566530886,5.96897635709519,277108000
2020-01-09,6.050136089324951,6.122582464697482,5.996361626623483,6.070799508067486,255112000
2020-01-10,6.08250093460083,6.187809547106936,6.068310621145995,6.1574369390386865,316296000
2020-01-13,6.273199558258057,6.298344097650046,6.142995261336221,6.165650656100092,319840000
2020-01-14,6.156190395355225,6.255772801773961,6.142995364434385,6.230378967615884,359088000
2020-01-15,6.113620281219482,6.191294723070188,6.087728800602581,6.168888615811465,263104000
2020-01-16,6.197269439697266,6.203244433022328,6.143743794176512,6.167145653513636,284192000
2020-01-17,6.205982208251953,6.2239071863079785,6.1584315611473315,6.216438326739693,253792000
2020-01-21,6.1726226806640625,6.206231838269314,6.138515409122078,6.1693861271914585,217916000
2020-01-22,6.226645469665527,6.31328214916235,6.199011307255704,6.2179320378107565,239240000
2020-01-23,6.295108318328857,6.3035729306128685,6.177850218205361,6.266727697494638,244516000
2020-01-24,6.23585844039917,6.460417163734499,6.181585856125672,6.41062570617511,373512000
2020-01-27,5.979930877685547,6.030966903927453,5.781512471732847,5.931135177198526,470536000
2020-01-28,6.173369884490967,6.205733996094914,5.992627169050778,6.0459039945234325,310976000
2020-01-29,6.112873554229736,6.195029118957247,6.0730401070818205,6.158930339419549,258848000
2020-01-30,6.119596004486084,6.133039860382909,5.960015269690451,6.015034316426723,290504000
2020-01-31,5.886074542999268,6.0857375351322744,5.844250061046363,6.073787547475294,370420000
2020-02-03,5.983166217803955,6.002584586357924,5.86167534262328,5.867899154347172,255564000
2020-02-04,6.152456283569336,6.171626308088949,6.07503115146965,6.125071416113227,271544000
2020-02-05,6.242827415466309,6.283656133161831,6.159426818954342,6.27344883502635,208220000
2020-02-06,6.329713821411133,6.329713821411133,6.196024598039428,6.277184406097356,218284000
2020-02-07,6.263492107391357,6.311789693895024,6.2380982666346805,6.289632406835149,189752000
2020-02-10,6.546804904937744,6.547551363668861,6.281168163508943,6.286147404128844,529608000
2020-02-11,6.669290542602539,6.784059512781315,6.593109971789821,6.655100230332124,638556000
2020-02-12,6.785056114196777,6.791529222249802,6.683232870927825,6.722070094706351,374644000
2020-02-13,6.741237640380859,6.80845594706102,6.699661988989288,6.72704733056559,528016000
2020-02-14,7.214503765106201,7.34346302548692,7.12014941103154,7.151517764269617,1041924000
2020-02-18,7.383297443389893,7.4017205376737465,7.09176971186446,7.111188084400259,620164000
2020-02-19,7.834654331207275,7.852330490038521,7.505783282504011,7.505783282504011,694332000
2020-02-20,7.685282230377197,7.874986740129686,7.37782100630178,7.786607355627906,810052000
2020-02-21,7.321059226989746,7.598147858992161,7.236165211044366,7.573003309617191,768180000
2020-02-24,6.803477764129639,7.017331521390516,6.672028863906741,6.726550261165262,856916000
2020-02-25,6.523900508880615,6.940653345744052,6.422077272699808,6.878663083766325,1055496000
2020-02-26,6.663314342498779,6.8575004019422945,6.522654393360199,6.52414778527586,747732000
2020-02-27,6.292398452758789,6.651110133296137,6.1999803360092285,6.3496925442310586,906416000
2020-02-28,6.7275848388671875,6.787121067772913,6.02311547937384,6.0398053888967755,1133252000
2020-03-02,6.886014461517334,6.914910943918782,6.501645347978688,6.89772262553681,890744000
2020-03-03,6.623458385467529,7.001599994373601,6.538015198622474,6.941814802957624,652792000
2020-03-04,7.087292671203613,7.0967586961759554,6.656091310892705,6.730823162010748,597408000
2020-03-05,6.807796478271484,7.0546595502968055,6.763206432322953,6.887759038719805,540328000
2020-03-06,6.627195358276367,6.685735237571004,6.426914546646365,6.628191706945941,515412000
2020-03-09,6.114039421081543,6.461790327800751,5.933189051119755,5.976034899514519,614160000
2020-03-10,6.503639221191406,6.503639221191406,6.127739714689334,6.390545330229934,580648000
2020-03-11,6.13969612121582,6.39203982756586,6.04254523866776,6.363641753017681,499964000
2020-03-12,5.388394832611084,5.881871994131221,5.375690318882319,5.616325848711314,816540000
2020-03-13,5.999449253082275,6.00393305903967,5.470599140720756,5.741874390012752,634836000
2020-03-16,4.892426490783691,5.632269316720152,4.832641293508207,5.291243916139393,726972000
2020-03-17,5.412309169769287,5.501738236486458,4.7579100022747225,5.004773092090757,833632000
2020-03-18,5.052352428436279,5.229715334583032,4.500833721531289,4.9845959620842075,874268000
2020-03-19,5.305193901062012,5.398857323594585,4.817445852133635,5.030928630332004,765512000
2020-03-20,5.125339031219482,5.737390137457653,5.109894442355874,5.455403094357362,804636000
2020-03-23,5.298218250274658,5.392629523552924,4.945236229103702,5.1243428328740706,643876000
2020-03-24,6.207203388214111,6.293892369267523,5.680844342374413,5.704509166078749,1101644000
2020-03-25,6.1185221672058105,6.522072336766445,6.069697284326253,6.322289949203913,793432000
2020-03-26,6.407983303070068,6.532037508762165,6.227630880895632,6.325778119316937,696108000
2020-03-27,6.29563570022583,6.554455884654621,6.194747926352193,6.227629804115837,638828000
2020-03-30,6.615986347198486,6.625203404905446,6.3170598567555505,6.361151497466314,602252000
2020-03-31,6.566413402557373,6.860357622569464,6.420686609527779,6.656090953906647,949960000
2020-04-01,6.055001258850098,6.5148497285894615,6.010411680306182,6.3683760015326865,656912000
2020-04-02,6.363890171051025,6.377092619984673,6.036067762240916,6.084144783878697,675764000
2020-04-03,6.075924873352051,6.367875901256947,5.938418797118462,6.326275380154457,663212000
2020-04-06,6.685983657836914,6.722851406371749,6.3006176899892115,6.358161215896839,727884000
2020-04-07,6.452572345733643,6.931352788830368,6.409477059969126,6.907687489351205,784520000
2020-04-08,6.649864673614502,6.674775294018533,6.49168278044905,6.561681390970403,542444000
2020-04-09,6.5502214431762695,6.798579270169041,6.487197761128774,6.775661826768394,525564000
2020-04-13,6.722104549407959,6.730823194143778,6.402004378020009,6.490436617557893,398408000
2020-04-14,7.073342323303223,7.107469519310405,6.82274236090952,6.850393053529761,530948000
2020-04-15,6.995871067047119,7.0788231528143495,6.8598597316528584,6.905196685074108,366148000
2020-04-16,7.34113073348999,7.4482460551488385,7.138110319316644,7.151312770670126,745620000
2020-04-17,7.281843185424805,7.444757816553697,7.147824563212531,7.4233346594423395,539120000
2020-04-20,7.150565147399902,7.311238124428304,7.106224544751435,7.155298397333831,449388000
2020-04-21,6.713634490966797,7.093768805205675,6.653849298267767,7.032489327158765,735160000
2020-04-22,7.128145694732666,7.170992012320621,6.860357872764677,6.905943792774643,483356000
2020-04-23,7.074836730957031,7.302269810874267,7.0496771469368555,7.170244355643135,424160000
2020-04-24,7.21383810043335,7.215830797788394,6.989892461940318,7.064624314320586,352328000
2020-04-27,7.400417804718018,7.560343402850645,7.323693257528816,7.348354905783753,479388000
2020-04-28,7.257929801940918,7.577781011702424,7.2524496465999135,7.5478881754548715,442904000
2020-04-29,7.434793949127197,7.487604224796875,7.317465232954582,7.392695014582472,379160000
2020-04-30,7.280848026275635,7.434795070335176,7.266898193821118,7.380738994443389,375916000
2020-05-01,7.0441975593566895,7.196649836228696,6.995871084634672,7.083306977260118,342096000
2020-05-04,7.2561869621276855,7.269887827289609,6.996868298251451,6.996868298251451,317556000
2020-05-05,7.317216396331787,7.479882064073152,7.256185412317749,7.360311680230249,368896000
2020-05-06,7.418104648590088,7.522978310145172,7.358817860949105,7.396681963214574,323464000
2020-05-07,7.594470977783203,7.657743633586843,7.506038735718719,7.557354256934322,373732000
2020-05-08,7.784538269042969,7.790765804632102,7.6323349616024645,7.666213192327414,339216000
2020-05-11,8.03663158416748,8.083463289638445,7.750907626917382,7.77955466563216,469060000
2020-05-12,7.77457332611084,8.143248920511974,7.7648583332135,8.09442451252397,493060000
2020-05-13,7.7521538734436035,8.049585061805848,7.5675666427669475,7.889161540570484,625852000
2020-05-14,8.001760482788086,8.007240639487824,7.65998761666344,7.813685724013115,602312000
2020-05-15,8.460360527038574,8.470075044831217,7.845817736818291,7.861511296570371,987660000
2020-05-18,8.7189302444458,8.884585416754382,8.649430066662195,8.72914364802285,774460000
2020-05-19,8.7739839553833,9.054974228743468,8.731386606115073,8.758788331938765,717320000
2020-05-20,8.937895774841309,9.01063445521987,8.856936386340116,8.95882052259999,587536000
2020-05-21,8.743843078613281,9.02010011626101,8.706227945758142,9.019104242695121,761068000
2020-05-22,8.99394416809082,9.060455788697135,8.682064695436766,8.793663351359584,1038764000
2020-05-26,8.68654727935791,9.14888724341948,8.640961360921684,9.123976152537182,770780000
2020-05-27,8.49473762512207,8.601851996548499,7.968128629846141,8.594130175572717,1175892000
2020-05-28,8.456624031066895,8.72914461818836,8.349258797404328,8.382140677126644,734896000
2020-05-29,8.843735694885254,8.843735694885254,8.454633165115208,8.523884405036965,745256000
2020-06-01,8.774730682373047,8.809107323144048,8.658398784434446,8.801634470893298,389876000
2020-06-02,8.793663024902344,8.805620159058895,8.627011952378224,8.764767488429928,391320000
2020-06-03,8.738109588623047,8.834513533054245,8.66885839242425,8.790671356768172,365440000
2020-06-04,8.73910903930664,8.91530600562925,8.65038642520196,8.700728551393349,424280000
2020-06-05,8.892130851745605,8.968889941958485,8.680793320953649,8.76702323178457,481748000
2020-06-08,8.77748966217041,8.861974090615535,8.658611954317422,8.849513336180427,387736000
2020-06-09,9.017736434936523,9.08128752224403,8.723908082117857,8.77250569279575,468488000
2020-06-10,9.337484359741211,9.470318270198108,9.124900476748746,9.139106707104215,632180000
2020-06-11,8.768768310546875,9.232314717335791,8.758550243247772,9.121412370600636,583652000
2020-06-12,8.90459156036377,9.158545881211754,8.676057865010044,9.133873452443774,570908000
2020-06-15,9.145088195800781,9.15356173795531,8.71643134906333,8.787708735969376,400004000
2020-06-16,9.040165901184082,9.237797256085665,8.811134052629669,9.196177745621114,535716000
2020-06-17,9.20714282989502,9.26994571703587,9.04191020211945,9.085275186891518,408304000
2020-06-18,9.189199447631836,9.253497777619863,9.086022460703258,9.198171152865923,254408000
2020-06-19,9.232311248779297,9.415487243872121,9.198418042562361,9.213620596785665,524160000
2020-06-22,9.49698543548584,9.501471764136639,9.244277454137361,9.270944442621131,398468000
2020-06-23,9.420473098754883,9.612371742797176,9.37810634717525,9.521157354943572,375108000
2020-06-24,9.206645965576172,9.526643167748633,9.115929720649811,9.446643154184446,449372000
2020-06-25,9.46035099029541,9.475304469350286,9.15356271783504,9.32652072772094,376072000
2020-06-26,9.126397132873535,9.470319529344263,9.096491126870147,9.470319529344263,592084000
2020-06-29,9.171255111694336,9.175741439671034,8.872192248669542,9.141100028606203,342248000
2020-06-30,9.4680757522583,9.496486312092342,9.237548454030552,9.284899703985516,367892000
2020-07-01,9.500223159790039,9.545830829537778,9.383589100055149,9.491002373329252,326648000
2020-07-02,9.582218170166016,9.707076706818132,9.548324003014164,9.608884205576155,364056000
2020-07-06,9.808507919311523,9.877790743512366,9.68215394384551,9.711312699829152,315892000
2020-07-07,9.84090805053711,10.03853848518342,9.819973751081116,9.915175377476379,357800000
2020-07-08,10.184078216552734,10.193050870501486,9.934361214284166,9.962522684433555,365480000
2020-07-09,10.476164817810059,10.536974096124025,10.201525311420838,10.34781724484602,494548000
2020-07-10,10.44650936126709,10.621959122432155,10.346323249550977,10.555667179121489,497676000
2020-07-13,10.020840644836426,10.758528212408647,9.993675501184924,10.561895125456038,457076000
2020-07-14,10.344576835632324,10.37024653926715,9.754924700728465,10.043520391425059,542676000
2020-07-15,10.195296287536621,10.400402959676807,10.02433191328917,10.381712302350179,403984000
2020-07-16,10.1030855178833,10.174860113532711,9.86458284413787,9.983709640008557,344964000
2020-07-17,10.169624328613281,10.216477403946499,10.056230246265015,10.193549505526939,266284000
2020-07-20,10.477911949157715,10.498348085233893,10.125017830859766,10.242151039534573,284852000
2020-07-21,10.296228408813477,10.527005710997342,10.254608902271638,10.4801516801963,277036000
2020-07-22,10.406136512756348,10.569374604929619,10.259346390535377,10.33510915693262,367292000
2020-07-23,10.098098754882812,10.514044692835101,9.999906277770094,10.417347658105095,411660000
2020-07-24,10.162649154663086,10.332367179429568,9.746454011921264,9.844147403277994,473292000
2020-07-27,10.388936996459961,10.409123091679678,10.185823028979996,10.200278338065655,292132000
2020-07-28,10.183581352233887,10.349561211050673,10.17735145089573,10.341835867196885,271636000
2020-07-29,10.432802200317383,10.483393419997173,10.314672676827165,10.358285797240777,284508000
2020-07-30,10.580836296081543,10.589808000161652,10.263081867607337,10.34258274521622,308880000
2020-07-31,10.581583023071289,10.732859427291844,10.40040062315205,10.530243620721404,386080000
2020-08-03,10.975851058959961,11.064074583571859,10.681772643586969,10.698968810713554,412720000
2020-08-04,11.192668914794922,11.192668914794922,10.87192452892122,11.015474656655902,310336000
2020-08-05,11.251485824584961,11.336220290917232,11.131362699401446,11.208869984759422,249924000
2020-08-06,11.300084114074707,11.322513855059716,11.143824123939499,11.314289394869773,244316000
2020-08-07,11.164507865905762,11.46880429650139,11.003014322554302,11.277154720000219,342516000
2020-08-10,11.13011646270752,11.372606355226925,10.822580039305214,11.298838151232074,427796000
2020-08-11,10.816100120544434,11.101954025391928,10.762018906920753,11.03915018871517,354512000
2020-08-12,11.404505729675293,11.43117176234123,10.924011372164447,10.956410093231952,464412000
2020-08-13,11.407245635986328,11.685125086499571,11.320268496188813,11.509923495700729,374460000
2020-08-14,11.527871131896973,11.668181323185474,11.404757107886258,11.493976961408938,366436000
2020-08-17,12.298454284667969,12.370977076506582,11.780328544228698,11.814221759737043,621300000
2020-08-18,12.222443580627441,12.456959061064936,12.048489257386086,12.41110229962329,503448000
2020-08-19,12.100574493408203,12.27652240278212,12.06020039337583,12.258080828127605,622624000
2020-08-20,12.103065490722656,12.336334567902107,11.841634938674092,11.937584739924517,921388000
2020-08-21,12.643872261047363,12.768730796004272,12.157147007687085,12.163626942618377,999868000
2020-08-24,12.68050765991211,12.872157255268558,12.46842193112684,12.843496661926606,490564000
2020-08-25,12.710164070129395,12.721378464446069,12.534464286944164,12.591286356621447,289076000
2020-08-26,12.733091354370117,12.828292963210076,12.638138827521349,12.759259223864719,321244000
2020-08-27,12.588794708251953,12.809852136248413,12.52723722782958,12.741565638892766,317604000
2020-08-28,13.106670379638672,13.106919461625502,12.602999032124476,12.635397753609917,537160000
2020-08-31,13.332711219787598,13.532584287170998,12.997013375535973,13.141559824026377,500840000
2020-09-01,13.781939506530762,13.954200805159887,13.39852566947182,13.441902677517321,511316000
2020-09-02,14.305954933166504,14.685130264116182,13.860716036300449,14.66219455059258,874012000
2020-09-03,12.978715896606445,13.845259427112964,12.842352156368257,13.789667093269303,945128000
2020-09-04,12.586827278137207,13.137765599316985,11.671670624233515,12.747620723797114,1463684000
2020-09-08,11.879334449768066,12.514534397187608,11.671174597070062,11.701338708576882,795728000
2020-09-09,12.679065704345703,12.77304906619269,12.197180823219755,12.364955407822613,736200000
2020-09-10,12.276954650878906,13.02832507608659,12.132613153352166,12.952539656070376,698684000
2020-09-11,12.130122184753418,12.616742965966623,11.862131507996718,12.450215106673072,636928000
2020-09-14,12.835872650146484,13.27737141665721,12.595554491691448,13.044033445784029,1201744000
2020-09-15,12.954286575317383,13.261166598271954,12.791497963238127,13.242469397068016,727556000
2020-09-16,12.479131698608398,13.05574740370348,12.478384229050603,12.92063039389326,556384000
2020-09-17,12.428275108337402,12.554168561079699,12.00073682318354,12.09796111206173,792512000
2020-09-18,12.154801368713379,12.596798381937091,11.95486847545152,12.558158199482762,698460000
2020-09-21,12.481873512268066,12.48710865177015,11.87085522758472,11.891297472586864,721044000
2020-09-22,12.602032661437988,12.612253784017836,12.121146342070247,12.539460143433818,646452000
2020-09-23,12.08948802947998,12.691033747756514,12.045114387450207,12.53996118667017,647012000
2020-09-24,12.313102722167969,12.53397713359386,11.98004700931504,12.038132814231485,731240000
2020-09-25,12.837366104125977,12.847088913975117,12.211141642104423,12.412321260999738,588016000
2020-09-28,12.998160362243652,13.014863358178625,12.713965980713755,13.003395501882801,573808000
2020-09-29,13.188372611999512,13.404759354832757,12.896699704167961,12.900937267183263,621460000
2020-09-30,13.49226188659668,13.584001893152902,13.113086533331865,13.12031587674623,689184000
2020-10-01,13.576024055480957,13.723854712808993,13.422708150509173,13.71911883672268,525004000
2020-10-02,13.025336265563965,13.481293721145333,13.014117563514178,13.187626578101781,552496000
2020-10-05,13.603943824768066,13.605688871353124,13.185379898911647,13.19859280204667,479820000
2020-10-06,13.697676658630371,14.102031014887272,13.626378912282439,13.790912538846504,784420000
2020-10-07,13.924535751342773,14.07934754333281,13.824319670309958,13.960185105403971,418084000
2020-10-08,13.799638748168945,14.04469463444832,13.71911745108469,14.035220981274266,378900000
2020-10-09,13.723851203918457,13.785177930618913,13.622140207647515,13.728089716834099,346892000
2020-10-12,14.185795783996582,14.306454115419253,13.873182313009396,13.949964368835202,434744000
2020-10-13,14.207984924316406,14.307951864582497,13.979133666314555,14.256098769215784,344604000
2020-10-14,14.055414199829102,14.302214183940544,13.920546351451373,14.250111943939704,276100000
2020-10-15,13.930517196655273,13.966165594324336,13.728838331594543,13.771717022372444,267224000
2020-10-16,13.772466659545898,14.081590981206332,13.753520302544736,13.997080319778721,242392000
2020-10-19,13.459603309631348,13.943979743092198,13.368859935970532,13.863707599950652,298068000
2020-10-20,13.60693359375,13.760747777994794,13.468824826449387,13.545108551886534,229212000
2020-10-21,13.486527442932129,13.752523915153827,13.439411181630257,13.586494369727017,219596000
2020-10-22,13.323240280151367,13.57328121989995,13.194355031137615,13.484283839051924,290480000
2020-10-23,13.551839828491211,13.554831608243543,13.25368510659985,13.411986012306455,233484000
2020-10-26,13.10411262512207,13.654054411525422,13.001653170507804,13.38905548666528,336896000
2020-10-27,13.35888957977295,13.404011636824983,13.154218903647598,13.268395358161618,250520000
2020-10-28,12.591312408447266,13.22252374551759,12.573363631460987,13.160698701042019,376520000
2020-10-29,12.98719310760498,13.1554660138975,12.713967290230828,12.802217203657106,320080000
2020-10-30,12.498578071594238,12.899939767951652,12.265239173332821,12.813685009116076,416820000
2020-11-02,12.545193672180176,12.800469709433695,12.359968647112732,12.62197571344845,299652000
2020-11-03,12.982704162597656,13.067962287272977,12.567132024081747,12.672583237882426,272900000
2020-11-04,13.755267143249512,13.78842398556034,13.299309684086065,13.351411934889878,410228000
2020-11-05,14.11998176574707,14.298475788547558,13.951459709824155,14.122475232956015,319028000
2020-11-06,14.520845413208008,14.547519424843008,13.85573065911624,14.069873074674058,383348000
2020-11-09,13.592227935791016,14.649980165222349,13.572284952160675,14.51137305301552,582976000
2020-11-10,12.73391342163086,13.568048753556956,12.592563661450626,13.568048753556956,644068000
2020-11-11,13.38007926940918,13.397031423080273,12.911656438621717,13.016858503014449,404744000
2020-11-12,13.418718338012695,13.727094211376116,13.2783661952989,13.440905629858559,365812000
2020-11-13,13.259421348571777,13.630120626093305,13.022343199362835,13.588737817734762,346312000
2020-11-16,13.47705364227295,13.610923915350146,13.118818879868384,13.135271768563559,413776000
2020-11-17,13.384316444396973,13.557824480521182,13.266151587137804,13.514198314969704,312028000
2020-11-18,13.390799522399902,13.56729935460424,13.147738756049474,13.427196348216757,510924000
2020-11-19,13.402265548706055,13.44938180530116,13.06297714835307,13.175408547454282,565936000
2020-11-20,13.050763130187988,13.456363339721271,13.0280765719086,13.415978108733224,341088000
2020-11-23,13.102866172790527,13.344680211351555,12.978717740926058,13.134027859031104,361356000
2020-11-24,12.921130180358887,13.124802329386482,12.848585689197987,13.105357659327662,346500000
2020-11-25,13.197346687316895,13.231998464127697,12.983204260344133,12.995668743539127,259916000
2020-11-27,13.223771095275879,13.369608491745518,13.133277828194545,13.33720007575459,167276000
2020-11-30,13.363624572753906,13.374594116121465,12.935587950362823,13.227510941007175,286952000
2020-12-01,13.352158546447754,13.49051649786725,13.190864880736312,13.454119674204604,296948000
2020-12-02,13.50622272491455,13.634857873549475,13.196849229808153,13.31277073789704,283360000
2020-12-03,13.362086296081543,13.62541788690845,13.295256477922882,13.55310120122425,199520000
2020-12-04,13.52392578125,13.52567134326516,13.354854544627452,13.414452883250766,202244000
2020-12-07,13.572300910949707,13.69648598445748,13.465821637402103,13.56681499527946,223244000
2020-12-08,13.316204071044922,13.564324079450317,13.24787696533459,13.55060881228248,271920000
2020-12-09,12.898014068603516,13.380040325422412,12.835672295237968,13.266828022664328,401300000
2020-12-10,12.939411163330078,13.035667272498765,12.816971619318643,12.836422986281933,207764000
2020-12-11,12.980306625366211,12.987039643928412,12.790537857492394,12.934422597343064,209264000
2020-12-14,13.27505874633789,13.35485614840227,13.044394351268668,13.054867724617365,270156000
2020-12-15,13.326677322387695,13.429914719137528,13.153367258404982,13.405726079217924,193016000
2020-12-16,13.208977699279785,13.403234533757354,13.179052957597227,13.388521393074408,223116000
2020-12-17,13.307475090026855,13.345628224108887,13.145136871968027,13.33290987857491,231384000
2020-12-18,13.23840045928955,13.371063173538605,13.037410644516468,13.345128973204659,342064000
2020-12-21,13.298497200012207,13.336151874167443,12.934670706610708,13.041649401424214,302332000
2020-12-22,13.244635581970215,13.303486237493283,13.020953435206877,13.285532154922203,185580000
2020-12-23,12.976316452026367,13.241393630882225,12.972077637170282,13.222441676578416,179144000
2020-12-24,12.960854530334473,13.099253345742927,12.905994415663905,13.004244352090097,97884000
2020-12-28,12.867341995239258,13.029430990941572,12.730938921940044,13.029430990941572,212564000
2020-12-29,12.910483360290527,13.039406683962792,12.809739213157185,12.892280047923489,170372000
2020-12-30,13.112468719482422,13.180296402876351,12.864099520490258,12.957361990619486,225396000
2020-12-31,13.021950721740723,13.11770740991608,12.882304798404135,13.103244452453874,192424000
2021-01-04,13.080302238464355,13.617938246057243,12.929684478796744,13.071075967260793,560640000
2021-01-05,13.370814323425293,13.409465919284756,13.053868764101734,13.066586158890205,322760000
2021-01-06,12.58256721496582,13.21147098319304,12.554139756686697,13.189027902508414,580424000
2021-01-07,13.31021785736084,13.34388294771848,12.853876570510359,12.934670884848757,461480000
2021-01-08,13.243138313293457,13.387023047604911,13.008982809713672,13.328671807745605,292528000
2021-01-11,13.587018013000488,13.925659015477953,13.328673830845181,13.384781056873084,518344000
2021-01-12,13.450613021850586,13.71968074075031,13.311217272127662,13.717684997100752,291476000
2021-01-13,13.497493743896484,13.590507953024117,13.351115747658586,13.455849480783481,210028000
2021-01-14,13.16683292388916,13.565321473534354,13.147133279160743,13.540634372274425,283120000
2021-01-15,12.826945304870605,13.291515970941676,12.815973471680337,13.194512180604901,277780000
2021-01-19,12.992276191711426,13.060851575993365,12.811484466764428,12.983298199551,226188000
2021-01-20,13.331912994384766,13.39649878887815,13.023695257087448,13.078555369823702,258572000
2021-01-21,13.83239459991455,13.963811180112332,13.21945016668661,13.384530889892854,337780000
2021-01-22,13.67778491973877,13.806708234264098,13.592750838407587,13.705215452670116,246820000
2021-01-25,13.618684768676758,13.793491153850361,13.202989870995756,13.746859439045993,251112000
2021-01-26,13.401239395141602,13.610208413645315,13.353609800845998,13.54612106798346,163980000
2021-01-27,12.885050773620605,13.199252974022448,12.761364115375402,13.196509539561278,371272000
2021-01-28,13.017960548400879,13.305980213848557,12.927689774292137,12.963349659946056,228316000
2021-01-29,12.956864356994629,13.30099120274031,12.878812527405652,13.041898434565754,271552000
2021-02-01,13.203489303588867,13.237153442587466,12.87008505127311,13.02020433804324,217204000
2021-02-02,13.522430419921875,13.537641067674336,13.251866385632363,13.364830415769966,220440000
2021-02-03,13.496248245239258,13.896482375462666,13.482283746814621,13.601480443722016,245408000
2021-02-04,13.629657745361328,13.638884015904384,13.303984378713153,13.496744847218487,201340000
2021-02-05,13.556591987609863,13.702472457169042,13.51145660552487,13.690253523117413,169152000
2021-02-08,14.402198791503906,14.437110037337458,13.692499775452918,13.692499775452918,434624000
2021-02-09,14.227141380310059,14.546330961078814,14.18649404110492,14.304444571818749,287560000
2021-02-10,14.726873397827148,14.86726701398639,14.305194089086202,14.426635751382703,485352000
2021-02-11,15.212141036987305,15.233587193911164,14.887216301615677,14.94232659903093,450828000
2021-02-12,14.92337703704834,15.252541591026757,14.737597829861457,15.011902259016914,374756000
2021-02-16,15.291440963745117,15.333584638692967,14.91215359677489,15.026114553341094,321960000
2021-02-17,14.868264198303223,15.18496053139107,14.742582775800424,15.132592717113237,274756000
2021-02-18,14.791460037231445,14.83559755169139,14.538102390218642,14.691712812264509,233868000
2021-02-19,14.888714790344238,15.138580390827139,14.809166611750797,14.986466283124564,271724000
2021-02-22,14.319408416748047,15.094940323050727,14.288735986594007,14.737347388509237,325884000
2021-02-23,14.10619831085205,14.20270363729607,13.355602807136345,14.039616770055638,391780000
2021-02-24,14.462295532226562,14.470026423059325,13.721176398391405,14.086998690010946,448320000
2021-02-25,13.273811340332031,14.338359799227016,13.18279287659042,14.009942975832766,824436000
2021-02-26,13.679781913757324,13.819426892341085,13.327176440313185,13.717684871330007,500932000
2021-03-01,13.806708335876465,13.889747625629958,13.518938870615528,13.839874015502277,353184000
2021-03-02,13.372312545776367,13.885260541977887,13.362088401972843,13.864812254370841,264116000
2021-03-03,12.772335052490234,13.417447294302892,12.766349724081724,13.392261732487302,377592000
2021-03-04,12.338933944702148,12.94215362647371,12.05315925423988,12.768344146424933,573344000
2021-03-05,12.429952621459961,12.518228597600988,11.64968256301427,12.518228597600988,542840000
2021-03-08,11.5639009475708,12.439677521258226,11.537218104389597,12.418481545794283,543112000
2021-03-09,12.492864608764648,12.58915297729109,12.032872518718785,12.103717318430457,521824000
2021-03-10,12.44097900390625,12.951608944190985,12.430252699626609,12.812414401535845,384376000
2021-03-11,12.965078353881836,13.01771355706238,12.706645054025108,12.921673557131088,299916000
2021-03-12,12.827879905700684,12.860558400755847,12.562461935365478,12.620583999355297,243964000
2021-03-15,13.162397384643555,13.177863550898612,12.739324988634598,12.8366115802332,221988000
2021-03-16,13.262178421020508,13.482944064589773,13.088059638607918,13.327285144673683,272128000
2021-03-17,13.312068939208984,13.423823473024308,12.96108795326857,13.011228094117202,243864000
2021-03-18,12.694672584533691,13.155163337041945,12.689184774264772,13.107767573895753,293896000
2021-03-19,12.817652702331543,12.89323736664005,12.584913218552433,12.7221122782948,299208000
2021-03-22,13.157408714294434,13.365203274729533,12.878520030210659,12.884507424650533,297804000
2021-03-23,13.042163848876953,13.315314496789485,12.992771643489334,13.225261862849557,222048000
2021-03-24,12.61534595489502,13.130467384128083,12.609110196305469,13.12248450929095,245840000
2021-03-25,12.507830619812012,12.686938567451504,12.245157043451567,12.472159381233677,295144000
2021-03-26,12.81116771697998,12.828130732659769,12.346436660119146,12.527040534903085,363968000
2021-03-29,12.919928550720215,13.033928838288299,12.672221531884153,12.792208261932126,273520000
2021-03-30,12.843595504760742,12.946869484663598,12.677210282642816,12.813910706339417,200204000
2021-03-31,13.319053649902344,13.441035855598896,12.954103345801142,12.98703115701372,314776000
2021-04-01,13.781539916992188,13.839661981265554,13.481696333953673,13.542563730590514,308276000
2021-04-05,13.956904411315918,13.98334619490315,13.702960707661711,13.837167009401433,255672000
2021-04-06,13.831181526184082,14.023509915152601,13.743374656939247,13.96912949210023,191744000
2021-04-07,14.112565040588379,14.212345745226544,13.681509770167526,13.8503891147305,251284000
2021-04-08,14.285685539245605,14.439847616833106,14.217833480480142,14.221576077629313,244416000
2021-04-09,14.368504524230957,14.376487399978567,14.143997206045507,14.182911465292467,195172000
2021-04-12,15.175734519958496,15.318920984200862,14.108324443922847,14.258495567319061,869324000
2021-04-13,15.645203590393066,15.66565893309994,15.09266477910708,15.198183554076243,676212000
2021-04-14,15.243587493896484,15.686117063537875,15.194195292933914,15.590825942987045,385500000
2021-04-15,16.101953506469727,16.17878474757404,15.597309090815079,15.628241420804386,598480000
2021-04-16,15.877695083618164,16.130391273514505,15.830547687158697,16.017886885902797,335208000
2021-04-19,15.328147888183594,15.772923106015662,15.199679663743014,15.502515973412681,404420000
2021-04-20,15.138065338134766,15.463102203802215,14.930270810439842,15.2897323339473,334132000
2021-04-21,15.326902389526367,15.328897870294862,15.069217022476046,15.08568045250739,216776000
2021-04-22,14.817768096923828,15.404731569846938,14.75116357479793,15.3413700607567,277788000
2021-04-23,15.231860160827637,15.30145742751269,14.867658762397687,14.901583837660734,227500000
2021-04-26,15.444144248962402,15.445142465109392,15.091916687323039,15.15178586643442,197796000
2021-04-27,15.348106384277344,15.636224511526544,15.32091569753857,15.544425730851712,164572000
2021-04-28,15.24333667755127,15.498278645917887,15.182220908498946,15.330895186820424,209416000
2021-04-29,15.291230201721191,15.402735421350044,15.038534012309515,15.366315280445992,173196000
2021-04-30,14.97667121887207,15.331393900614096,14.964198748817982,15.141311249304533,201912000
2021-05-03,14.80429744720459,15.213400497529799,14.755155522445115,15.091916924420826,203912000
2021-05-04,14.319859504699707,14.60548351021586,13.979605762771778,14.605234194064387,405324000
2021-05-05,14.426875114440918,14.78109912471153,14.356030312386796,14.676826926633858,292024000
2021-05-06,14.491233825683594,14.539378487118478,14.186901594652294,14.46354450761362,193380000
2021-05-07,14.779851913452148,14.938004951268432,14.639659154793648,14.77586095177006,229328000
2021-05-10,14.23454761505127,14.773615795008425,14.218832132261557,14.754906615043028,268904000
2021-05-11,14.274957656860352,14.323351634044649,13.719924719305602,13.794760482002326,285584000
2021-05-12,13.728405952453613,14.229058460521236,13.67926402780552,13.978856388764768,303408000
2021-05-13,13.635359764099121,14.049951578607851,13.429560705304242,14.003053498838458,285404000
2021-05-14,14.211847305297852,14.296661428762077,13.71842873095288,13.859619709813641,258616000
2021-05-17,14.134515762329102,14.138257407772128,13.823198871455904,14.126034255250337,216980000
2021-05-18,13.985092163085938,14.3727425791903,13.973367644030082,14.235792850356479,186256000
2021-05-19,14.034984588623047,14.048704589846096,13.513627396912296,13.536826169961037,344000000
2021-05-20,14.58053970336914,14.651633827174203,14.239287718787153,14.271217317241934,321592000
2021-05-21,14.958958625793457,15.188705362627589,14.836976416497814,15.130582345311009,672992000
2021-05-24,15.577852249145508,15.710560758933273,15.142805092220435,15.179225232727442,554816000
2021-05-25,15.613523483276367,15.783899665814532,15.448635110688258,15.731514727761729,435408000
2021-05-26,15.665658950805664,15.759203889944539,15.552158252809763,15.69983429406976,370440000
2021-05-27,15.454123497009277,15.71555051632216,15.426184862339127,15.665410373290658,581476000
2021-05-28,16.208969116210938,16.2418978823395,15.467096500174648,15.467096500174648,644536000
2021-06-01,16.22892951965332,16.352409565952318,15.868469642509252,16.234418282981974,472804000
2021-06-02,16.741552352905273,16.881746071409232,16.19999004949202,16.216703748851284,594168000
2021-06-03,16.93263053894043,17.221249170343164,16.54672723034194,16.664219836454976,580008000
2021-06-04,17.5398006439209,17.622368055128227,17.05810666050364,17.075067769868372,617120000
2021-06-07,17.580461502075195,17.773538777831064,17.155145283700683,17.53281737668069,575756000
2021-06-08,17.4188232421875,17.58296277423673,17.213272473801563,17.488919167805278,323848000
2021-06-09,17.324254989624023,17.540581599427167,17.221956717147687,17.48144775740917,381656000
2021-06-10,17.390871047973633,17.457741163510608,17.142360088824084,17.316019083357677,287772000
2021-06-11,17.79034423828125,17.904121317010876,17.409591068926154,17.445270497837953,416308000
2021-06-14,17.983455657958984,18.004165060327068,17.62815396530399,17.870927401484618,321376000
2021-06-15,17.753662109375,17.980966851170606,17.69328140217178,17.879915447873664,243032000
2021-06-16,17.775367736816406,17.919585462781175,17.550059901418596,17.75590710043127,307124000
2021-06-17,18.620710372924805,18.798111894967395,17.721475855079433,17.739689626249746,809656000
2021-06-18,18.602245330810547,19.337053279278614,18.54760211926056,18.747211172620897,968856000
2021-06-21,18.391157150268555,18.500194186757682,17.787841344326207,18.399140902272524,672384000
2021-06-22,18.84975814819336,18.926608906477334,18.349989315922674,18.43532257349855,580144000
2021-06-23,19.019926071166992,19.115239981737396,18.87071896862218,18.970523502620498,332356000
2021-06-24,19.167882919311523,19.38196321666006,19.050862128640112,19.190090466429325,320924000
2021-06-25,18.99372673034668,19.30761156950993,18.85749466808226,19.242738343073697,278364000
2021-06-28,19.945859909057617,20.039426299318603,19.281163907149878,19.32333084055383,495436000
2021-06-29,19.987525939941406,20.05938351885192,19.618499161906115,19.84355760160764,367632000
2021-06-30,19.963327407836914,20.123013909714683,19.824849061282084,19.9600836508429,326568000
2021-07-01,20.172414779663086,20.415936388945866,19.97979197741721,20.085585275385494,480136000
2021-07-02,20.446874618530273,20.46509029120931,20.248015591386082,20.400217064202426,342764000
2021-07-06,20.657958984375,20.80117729663516,20.31039164062014,20.696882156180457,446708000
2021-07-07,20.33185386657715,20.834118424191605,20.292182565749833,20.81266089526044,418428000
2021-07-08,19.86376953125,20.093567981729365,19.662165492908528,19.817610723234363,503300000
2021-07-09,20.0109806060791,20.04092253625893,19.71556079536785,19.92340298259044,296624000
2021-07-12,20.472326278686523,20.492535034513597,20.14821141495392,20.20035899004123,321984000
2021-07-13,20.210338592529297,20.421175145387455,20.07460528030743,20.360543170188954,290708000
2021-07-14,19.802637100219727,20.3777585137193,19.71406199497999,20.317876564750325,380100000
2021-07-15,18.92910385131836,19.80812954730005,18.82156494183068,19.772948874173913,550564000
2021-07-16,18.125431060791016,19.119480688517793,18.037604063247148,18.993229260572665,688224000
2021-07-19,18.742969512939453,19.004704874881643,17.83050880356222,17.880162644318183,749060000
2021-07-20,18.57554817199707,18.80110538665227,18.128425619393635,18.69331710111166,434687000
2021-07-21,19.371980667114258,19.488752073008282,18.705289837701642,18.84501500467731,371017000
2021-07-22,19.55562400817871,19.848049421651616,19.238246035598664,19.603530332750754,323826000
2021-07-23,19.519695281982422,19.661417366144327,19.212297951292296,19.6175029178706,195672000
2021-07-26,19.256210327148438,19.403919258295247,18.876953550176268,19.273177227982416,203943000
2021-07-27,19.170379638671875,19.58356834190836,18.704293339501014,19.22726720729512,248863000
2021-07-28,19.46480369567871,19.607523280370607,18.957799190754677,19.281164043862162,202191000
2021-07-29,19.623489379882812,19.814115259602676,19.290142035937052,19.480767915656916,190781000
2021-07-30,19.460811614990234,19.591553664707593,19.22527376179025,19.379968974851085,183497000
2021-08-02,19.711320877075195,19.92190808859006,19.323082769829693,19.66141956035067,217444000
2021-08-03,19.77619171142578,20.18239416724586,19.182355834967804,19.701337841810968,301811000
2021-08-04,20.23429298400879,20.27820743319043,19.789165436412826,19.95084880982489,231309000
2021-08-05,20.596582412719727,20.69239507072361,20.302160081992344,20.459851589655973,211435000
2021-08-06,20.32611083984375,20.529711762188686,20.170416240828555,20.483802328836408,178497000
2021-08-09,20.255250930786133,20.467833100877428,20.103548206771237,20.405954257996985,146443000
2021-08-10,19.896955490112305,20.3899874565726,19.796151565943244,20.282199176211822,179238000
2021-08-11,19.660417556762695,20.009732438360533,19.39194531030961,20.003743671991376,185925000
2021-08-12,19.866018295288086,19.98977409558682,19.581576597848617,19.831086992347327,151652000
2021-08-13,20.148462295532227,20.174412350170822,19.812122403820076,19.866017499692134,183063000
2021-08-16,19.910926818847656,20.247266666197447,19.414898595152216,20.095563946017467,210876000
2021-08-17,19.419889450073242,19.73127863628137,19.229263560786812,19.64644412868643,204585000
2021-08-18,19.00270652770996,19.595542899825357,18.962783963526366,19.46180459414548,285913000
2021-08-19,19.759225845336914,20.454861269634367,18.725253653836848,19.455820378156627,766555000
2021-08-20,20.775232315063477,20.82413613645644,19.893962229482074,19.95184729763767,675741000
2021-08-23,21.914995193481445,21.953918369905818,20.908969951484835,20.929928731375885,575807000
2021-08-24,21.750316619873047,21.915991866302953,21.492822504104275,21.71039595169489,297299000
2021-08-25,22.169492721557617,22.42598932810224,21.67945517617645,21.694425187857046,347701000
2021-08-26,22.0247802734375,22.29624691762709,21.747324862557726,22.156521718943193,237940000
2021-08-27,22.591665267944336,22.67749727172013,22.12358397892851,22.140550881047734,304722000
2021-08-30,22.643566131591797,22.997870420582704,22.506835308984314,22.785288227910794,262580000
2021-08-31,22.3450984954834,22.654545380862135,22.080571472816796,22.654545380862135,259850000
2021-09-01,22.400997161865234,22.65654133988528,22.31714726393796,22.444919352947984,201767000
2021-09-02,22.3560791015625,22.55272845225872,22.255259301326095,22.47786137796839,187834000
2021-09-03,22.802282333374023,22.94502708285323,22.160428843315184,22.28520602846009,280532000
2021-09-07,22.621601104736328,22.858178117396026,22.48184938806885,22.79229579083583,198107000
2021-09-08,22.299177169799805,22.569693969190475,21.937821087349153,22.47286676835003,254434000
2021-09-09,22.137466430664062,22.497822958424248,22.09154890429937,22.2722260026907,196856000
2021-09-10,22.43793296813965,22.585667965884213,22.230303551251225,22.308163630610018,248376000
2021-09-13,22.112512588500977,22.92306540309741,21.81903604419575,22.64356384166631,297500000
2021-09-14,22.20235252380371,22.37005231992242,22.046630468572637,22.235292739206184,199755000
2021-09-15,22.301172256469727,22.327126881036833,21.92684076975543,22.269229714189628,166538000
2021-09-16,22.20235252380371,22.23728998132844,21.887913502132495,22.143457680555073,156033000
2021-09-17,21.8609619140625,22.281210991021705,21.791086996747275,22.26024851582714,294503000
2021-09-20,21.075361251831055,21.39479046089998,20.625165067716996,21.108301460841506,349440000
2021-09-21,21.208126068115234,21.386805922453842,20.912654205243175,21.378820762469015,204688000
2021-09-22,21.901884078979492,21.920849307556697,21.15821140995894,21.327908414060715,268726000
2021-09-23,22.44192123413086,22.494826247316336,21.85097564491664,22.100529964859312,248555000
2021-09-24,22.041641235351562,22.109520821220197,21.822034058395268,22.03066116209608,217655000
2021-09-27,21.621389389038086,21.760141550930204,21.286987463766607,21.67129949897606,245215000
2021-09-28,20.66210174560547,21.380819505247572,20.61418697443618,21.17618501067139,343069000
2021-09-29,20.480426788330078,20.97953549307052,20.430514775486866,20.90267308763545,218394000
2021-09-30,20.6790714263916,21.028447899952347,20.65112146082263,20.730978777298063,221009000
2021-10-01,20.705026626586914,20.821816741395786,20.166985966603068,20.71301178727077,240978000
2021-10-04,19.69682502746582,20.505380544861097,19.520140511476427,20.46744817908068,345635000
2021-10-05,20.41454315185547,20.61119247161717,19.818607274570166,19.914436809955227,279282000
2021-10-06,20.663101196289062,20.68306409753421,20.044205562922688,20.084135173310216,297202000
2021-10-07,21.037429809570312,21.283989217293065,20.934612790629288,21.054397797289333,256919000
2021-10-08,20.793865203857422,21.168196713896894,20.737965275396938,21.063384348033484,151258000
2021-10-11,20.658109664916992,21.025453714167025,20.474437640291974,20.53832463804558,163388000
2021-10-12,20.6341495513916,21.01946111334813,20.49140482632889,20.790869257873766,162134000
2021-10-13,20.90167236328125,20.952582042392468,20.676075408712673,20.880709890226367,180652000
2021-10-14,21.707237243652344,21.7162200736833,21.08434899829252,21.250053462738094,243589000
2021-10-15,21.823026657104492,21.891903896188705,21.623384334607444,21.771119310544538,226994000
2021-10-18,22.182384490966797,22.251261726908208,21.605413883313947,21.710228144586907,189494000
2021-10-19,22.250268936157227,22.339109090151023,21.997719650318793,22.236292048167932,161473000
2021-10-20,22.063600540161133,22.393012216577198,21.9428159414838,22.265240126338746,146276000
2021-10-21,22.65155029296875,22.670517430206534,22.04363659935405,22.05761158302453,187590000
2021-10-22,22.685489654541016,23.08876883510016,22.520784764956712,22.782316869271607,249384000
2021-10-25,23.12470817565918,23.31337047048509,22.72941411644871,22.932051396076538,230235000
2021-10-26,24.672937393188477,25.213972920198053,23.88135176262348,23.94623642373572,485898000
2021-10-27,24.407411575317383,25.04527237326658,24.23871222601797,24.43037128925228,245990000
2021-10-28,24.89653968811035,24.905524421351743,24.47928555390456,24.83365226726629,234204000
2021-10-29,25.521425247192383,25.663172324583815,24.955436510698554,24.956434179821755,292503000
2021-11-01,25.780960083007812,25.847840084274786,25.182029270853185,25.603277891011974,265740000
2021-11-02,26.353940963745117,26.63044765530772,25.754012375653964,25.775974426272125,294112000
2021-11-03,26.550586700439453,26.73625596439229,26.188234810137683,26.62245885783558,239910000
2021-11-04,29.747875213623047,31.30908629357161,27.069657556521772,27.180459740959904,1153631000
2021-11-05,29.698963165283203,31.344024156770267,29.35757187474267,30.13318717593045,851260000
2021-11-08,30.749086380004883,31.044558226875242,29.853684202987694,30.0952533669569,503101000
2021-11-09,30.60234832763672,32.25240335908449,29.91058482865276,32.22445339564871,646746000
2021-11-10,29.40648651123047,30.795007684124137,28.726700694204265,29.303671381538468,636206000
2021-11-11,30.335826873779297,30.53547111994607,29.72392062926723,30.41368885328482,332172000
2021-11-12,30.335826873779297,30.625310840326254,29.577181403873656,29.956505090800796,413054000
2021-11-15,29.97147560119629,30.589371623966738,29.194862623499116,30.497536571977395,384909000
2021-11-16,30.14916229248047,30.335829239294053,29.65304845353224,29.70595538237963,264484000
2021-11-17,29.208839416503906,30.454615845223913,28.74866074716521,30.36377655266828,428508000
2021-11-18,31.618534088134766,32.70159900887057,31.26516505162136,32.30930184101656,781711000
2021-11-19,32.92619705200195,33.029014069888426,31.84812248337718,32.185519263545395,533867000
2021-11-22,31.899036407470703,34.58523956701131,31.843136473626064,33.457252775236086,754335000
2021-11-23,31.689409255981445,32.30231504757292,30.824951877188276,31.47878494694513,532163000
2021-11-24,32.615753173828125,32.796430268773015,30.872865407724007,31.404916194627244,435162000
2021-11-26,31.44684410095215,32.651691371674744,31.294116955311978,32.541886844605834,283069000
2021-11-29,33.31650161743164,33.35243674126229,31.978890220445034,32.30830377266942,454964000
2021-11-30,32.61774444580078,33.2935394507939,31.807193696046802,33.10986556383797,622066000
2021-12-01,31.382808685302734,33.23373252885897,31.32789969582319,33.16384905286025,484368000
2021-12-02,32.07265853881836,32.42407527825426,30.973486769169387,31.16217404160202,472890000
2021-12-03,30.64203643798828,32.075652846801304,30.079969644335943,31.946865430787476,544325000
2021-12-06,29.98712730407715,30.19078715110193,27.99144588969326,29.8303864935605,658938000
2021-12-07,32.37316131591797,32.395127959045375,30.600110843618886,30.905604468520064,593053000
2021-12-08,31.77315902709961,32.23638934166426,31.368830769181603,31.945872127735292,475551000
2021-12-09,30.439373016357422,32.15152742167425,30.37747568931233,31.68130691352678,488507000
2021-12-10,30.147859573364258,31.253021874800133,29.81141923057712,31.09827854935317,488825000
2021-12-13,28.114242553710938,30.243702380556975,28.069317192701146,30.198777019547183,598344000
2021-12-14,28.28995132446289,28.630384758297584,27.204756202046624,27.653010122977456,667035000
2021-12-15,30.408430099487305,30.44936239486695,27.791781323594392,28.35284853766267,698297000
2021-12-16,28.339866638183594,31.108263190119512,28.046356062123596,31.100277051829675,707366000
2021-12-17,27.754838943481445,28.873977889427657,27.713906655561953,27.938533439355357,713758000
2021-12-20,27.672977447509766,28.097271049755637,27.099931065404437,27.259665261839245,461847000
2021-12-21,29.02672576904297,29.071651128970572,27.35550352224522,28.326889468752547,524385000
2021-12-22,29.35118293762207,29.50592625626898,28.40176179456278,28.843029224452167,395184000
2021-12-23,29.590787887573242,30.009092843460877,29.382135257364602,29.70559672375242,343022000
2021-12-27,30.893617630004883,31.03538204670914,29.59078418897294,29.610751437338408,403686000
2021-12-28,30.271656036376953,31.277981846858047,29.96216936705332,31.260012083131922,420591000
2021-12-29,29.951187133789062,30.497279803008535,29.31724123086997,30.222736781538188,343139000
2021-12-30,29.536876678466797,30.406430783969572,29.490953527811683,29.777475751930552,308864000
2021-12-31,29.362167358398438,29.980141000894058,29.28230026089834,29.624731179300454,266530000
2022-01-03,30.070985794067383,30.66000627931691,29.7355432643999,29.765494136324673,391547000
2022-01-04,29.241369247436523,30.417412851826413,28.30193165250415,30.226729994008146,527154000
2022-01-05,27.55816650390625,29.36715813948575,27.487285245137592,28.90093258498612,498064000
2022-01-06,28.131214141845703,28.390782679226177,27.020063147790008,27.594107303762602,454186000
2022-01-07,27.20176124572754,28.37481152274753,27.012076171656993,28.094277933052773,409939000
2022-01-10,27.354507446289062,27.423393129443014,25.601422412131438,26.53686698684518,594681000
2022-01-11,27.770816802978516,28.01840616260939,26.794441772839388,27.277637474810813,404089000
2022-01-12,27.9525146484375,28.547523893602573,27.562163067571493,28.020400638034683,383413000
2022-01-13,26.530872344970703,28.432707828690933,26.453998636248286,28.33187570915022,540171000
2022-01-14,26.89726448059082,27.151842140588478,26.166479555491414,26.256330270292747,395832000
2022-01-18,25.85999298095703,26.59377326564465,25.72721438047937,26.2164006022105,424270000
2022-01-19,25.02537727355957,26.49892630165534,25.010402789445816,26.03569794765368,488315000
2022-01-20,24.10990333557129,25.536531617661183,24.038022374582336,25.261988581437013,435181000
2022-01-21,23.33519172668457,24.781785297777425,23.22437596365487,23.46797032239666,718958000
2022-01-24,23.333192825317383,23.3411789632301,20.853318010342655,22.2929231470104,913982000
2022-01-25,22.28693389892578,22.904907532580342,21.96347244430527,22.508565424549584,664616000
2022-01-26,22.734188079833984,24.017054276732555,22.262971680271402,23.201411410546623,755959000
2022-01-27,21.907562255859375,23.955157166718767,21.63900792465583,23.528866154048988,573353000
2022-01-28,22.80207633972168,22.82004610193426,21.260639391449324,21.97545014030814,543774000
2022-01-31,24.44534683227539,24.468309362171706,23.01372763587295,23.14351096368978,564680000
2022-02-01,24.59709358215332,25.103251770657277,23.850334402918143,25.062319478076446,518925000
2022-02-02,25.200090408325195,25.77413457331695,24.512233297414156,25.751173949226356,543419000
2022-02-03,23.908239364624023,25.03536460943993,23.74051902430262,24.41739284597642,410178000
2022-02-04,24.278623580932617,24.594098913145782,23.592763927946162,23.93219958069796,354829000
2022-02-07,24.68694496154785,25.140189757444848,24.161817299723978,24.33153512640469,376868000
2022-02-08,25.066308975219727,25.188106140145294,23.940181714999195,24.318552111267895,410359000
2022-02-09,26.660659790039062,26.68062703967792,25.31090532386906,25.57945778603928,524282000
2022-02-10,25.781118392944336,26.880290003750783,25.55749132214876,25.951835877660844,513200000
2022-02-11,23.909236907958984,26.108580290162383,23.733530430639423,25.872972059764827,605472000
2022-02-14,24.226709365844727,24.83369969708943,23.71555841057645,23.894262067500325,440424000
2022-02-15,26.451007843017578,26.500924060029924,24.74284839064699,24.907573430133024,699869000
2022-02-16,26.466983795166016,26.537866965853834,25.509576376590644,26.21540328445348,732676000
2022-02-17,24.466306686401367,25.74218447632049,24.1248755136367,25.587441164581225,810595000
2022-02-18,23.602745056152344,24.944513343436252,23.06164517495329,24.627040558027012,761255000
2022-02-22,23.351160049438477,24.024040652075044,22.961808257882023,22.996749987679067,633422000
2022-02-23,22.34982681274414,24.11489270479271,22.263971073182564,23.762478201075112,566511000
2022-02-24,23.70857048034668,23.760484190648757,20.855315804695255,20.980108267680137,735801000
2022-02-25,24.11688804626465,24.176787885965194,23.342177486368662,23.681613084974376,528866000
2022-02-28,24.344512939453125,24.624048730928077,23.667639149845247,23.952165801801094,477319000
2022-03-01,23.438016891479492,24.33652400952197,23.093590432350926,24.25066636648078,412056000
2022-03-02,24.183902740478516,24.372622143771075,23.38010408188159,23.720595472214217,389642000
2022-03-03,23.678659439086914,24.289746880511846,23.434023727575262,24.225841178728494,365095000
2022-03-04,22.901823043823242,23.644713863976815,22.448499093638162,23.34915541680371,431415000
2022-03-07,21.32017707824707,22.998673440750736,21.298210506121205,22.782993850535895,450821000
2022-03-08,21.481935501098633,22.33965450203602,20.619222885631505,21.27724110901547,557467000
2022-03-09,22.979703903198242,23.18539629219071,22.213846707628193,22.353637466700135,492742000
2022-03-10,22.62423324584961,22.754038666104996,21.849388760029175,22.497421709137242,428066000
2022-03-11,22.067068099975586,23.11051097101705,22.01314771477346,22.98769316228172,367209000
2022-03-14,21.2982120513916,22.228822309416955,21.127467363192725,21.836408343571552,385354000
2022-03-15,22.938762664794922,23.003666327858625,21.290224097223167,21.48593114309969,491996000
2022-03-16,24.45949363708496,24.56034294810157,23.137467402738345,23.46497769711793,671422000
2022-03-17,24.729095458984375,24.804980515668674,23.870376386622226,24.084058193369994,471941000
2022-03-18,26.413576126098633,26.529404378396535,24.58730332281658,24.762041757956382,730719000
2022-03-21,26.694156646728516,27.111534860017848,25.92829953534137,26.467495668789798,591727000
2022-03-22,26.484468460083008,27.197405006244878,26.033142461834487,26.68716502260607,547007000
2022-03-23,25.59579849243164,26.572339716942118,25.53688640474462,26.08706394055433,502120000
2022-03-24,28.10804557800293,28.277792290524687,25.86838845744835,26.127003227501213,877379000
2022-03-25,27.650733947753906,28.315741867393236,27.230361777093865,27.8444451006463,579016000
2022-03-28,28.17694854736328,28.20790248898893,27.16545760949653,27.71463915464083,425494000
2022-03-29,28.613290786743164,28.902857575866513,27.938297713505282,28.65223221868811,488984000
2022-03-30,27.64873695373535,28.45353561046059,27.46201534649155,28.26182229218901,463487000
2022-03-31,27.245336532592773,28.205902812313656,27.229361534418242,27.740597661621507,523440000
2022-04-01,26.67219352722168,27.455025602340616,26.22785697333704,27.33420562770671,517235000
2022-04-04,27.319223403930664,27.516928260024745,26.573336987962364,26.68816536400375,397120000
2022-04-05,25.89235496520996,27.278286925906624,25.781520326802593,27.213383261698006,436615000
2022-04-06,24.37062644958496,25.26229528368632,23.967229191023403,24.896841501331597,703833000
2022-04-07,24.171924591064453,24.685158549693586,23.44301291917994,24.404577168405506,557992000
2022-04-08,23.084543228149414,23.887345810332338,23.02762897247493,23.88135423462788,524781000
2022-04-11,21.884336471557617,22.286735750669333,21.62771951429516,22.180894730179034,575207000
2022-04-12,21.471952438354492,22.691133460335326,21.250283161630705,22.503413909768646,662258000
2022-04-13,22.169910430908203,22.466468701458307,21.423025967810332,21.695619837482337,516943000
2022-04-14,21.226318359375,22.743055580371742,21.131460624678123,22.471459680760894,569097000
2022-04-18,21.75053596496582,22.055079798830953,21.047584721206718,21.16840467453315,525701000
2022-04-19,22.1649169921875,22.339655417772782,21.28223369143071,21.68762874329456,512781000
2022-04-20,21.44998550415039,22.63621474124221,21.168406183033742,22.48344288060945,468974000
2022-04-21,20.152921676635742,22.35862922051823,19.970193839272593,21.676646537173266,656209000
2022-04-22,19.485916137695312,20.455469724375096,19.47093910167444,20.272741885994805,624713000
2022-04-25,19.87234115600586,19.91527634324468,19.067542554043854,19.17338358028632,641566000
2022-04-26,18.759998321533203,19.75850791355369,18.642174159202693,19.6886125468332,653143000
2022-04-27,18.38755989074707,19.138438204579028,18.26274615889407,18.570285853407352,499460000
2022-04-28,19.752519607543945,20.00714066217904,18.462445183944375,18.938733622082346,570327000
2022-04-29,18.519359588623047,20.098002739892543,18.489403613134698,19.373084892727615,500435000
2022-05-02,19.50389289855957,19.544830261582547,18.3635945071063,18.513370596439444,572049000
2022-05-03,19.572786331176758,19.795455471125397,19.104485421205485,19.371087707919227,475751000
2022-05-04,20.303695678710938,20.369597303040585,18.723054655992087,19.89330889681918,648855000
2022-05-05,18.815916061401367,19.895304388676596,18.472428872464835,19.83739216865951,626331000
2022-05-06,18.64716911315918,19.482921680420777,17.963190456897568,18.708079031615256,633297000
2022-05-09,16.924741744995117,18.22779542444679,16.801923943519693,18.00712599442022,644455000
2022-05-10,17.56877899169922,18.170881032319485,16.999628718638284,17.66263877441951,761474000
2022-05-11,16.605213165283203,17.726540499540594,16.543307202743907,17.321145480556527,670167000
2022-05-12,16.150894165039062,16.76298149965486,15.54380139786344,16.19482921795703,708728000
2022-05-13,17.679615020751953,17.901284332366192,16.568274578583427,16.762983697270222,670437000
2022-05-16,17.23827362060547,17.76149293840662,17.08051002755239,17.48290936660377,521446000
2022-05-17,18.149913787841797,18.343624944639135,17.607723664687004,18.0470666322518,585830000
2022-05-18,16.91275978088379,18.091001723640986,16.838870645246846,17.678617043675967,545161000
2022-05-19,17.098480224609375,17.660640897431914,16.709060156263103,16.911758641120088,621310000
2022-05-20,16.66912078857422,17.384053321038547,15.73152007253583,17.306170449937568,739105000
2022-05-23,16.872817993164062,16.889792856501384,16.15488964039543,16.2497473783335,639889000
2022-05-24,16.129928588867188,16.57226927601929,15.756486282274622,16.485399019569325,588550000
2022-05-25,16.94970703125,17.085504066488614,15.976159434791095,15.99613009116617,781132000
2022-05-26,17.82439613342285,18.065036189309456,15.998121456043195,16.01210053062162,996575000
2022-05-27,18.78296661376953,18.85286198739482,18.07302578186419,18.158898057106445,738379000
2022-05-31,18.64417839050293,19.17139151430842,18.322657688634717,18.951718109718428,664100000
2022-06-01,18.292695999145508,19.02460335515626,18.0949911393861,18.696095121189064,544514000
2022-06-02,19.562801361083984,19.589761549956243,18.17087971947534,18.26473949541427,648656000
2022-06-03,18.69209861755371,19.303187896340678,18.494393766785954,19.053560501800405,598779000
2022-06-06,18.75800323486328,19.30818269463839,18.536333951166615,19.110477812247268,422406000
2022-06-07,18.897794723510742,18.971683845334045,18.16089371411616,18.44447085825736,388914000
2022-06-08,18.624147415161133,19.155466504120323,18.511291088726814,18.774953336248583,363252000
2022-06-09,18.024911880493164,18.908779945824655,18.01792086593532,18.457358515882248,395574000
2022-06-10,16.952289581298828,17.6743643693501,16.84742243847972,17.57748831959245,465248000
2022-06-13,15.626985549926758,16.291134881225393,15.58603762907859,15.979533699772945,604153000
2022-06-14,15.815744400024414,16.0454497467336,15.392286005057903,15.7108782116691,469680000
2022-06-15,16.505861282348633,16.846424724197163,15.90562921694011,16.074412726931428,563936000
2022-06-16,15.581042289733887,15.921606622517551,15.38129832975535,15.839710789340169,545749000
2022-06-17,15.859686851501465,15.974539518049612,15.308392909125073,15.627983269069276,630334000
2022-06-21,16.544811248779297,16.98624534499481,16.38601422144757,16.45392803851567,483089000
2022-06-22,16.33907127380371,16.640684971147333,16.159301242883746,16.20524192270082,437135000
2022-06-23,16.204242706298828,16.563780840059035,15.832717936177612,16.49786529329701,463680000
2022-06-24,17.10409164428711,17.11807367434373,16.289135497585058,16.478892980431134,472153000
2022-06-27,16.84741973876953,17.307830444412946,16.604730567119148,17.289853821496003,427968000
2022-06-28,15.961557388305664,17.179996171072997,15.924604060610628,16.878382420849093,461149000
2022-06-29,15.52211856842041,15.799762830295922,15.150594688028441,15.793770939785126,482352000
2022-06-30,15.139610290527344,15.547088403949793,14.842990256286665,15.341351574014602,686070000
2022-07-01,14.504423141479492,15.043732379973727,14.373591140180935,14.879942597169714,577610000
2022-07-05,14.94485855102539,14.951849566498286,14.03702185442208,14.156868242152196,651397000
2022-07-06,15.110645294189453,15.299403648376261,14.770080956968398,14.99079891664079,529066000
2022-07-07,15.837715148925781,15.924603756791948,15.369315204242922,15.436229890249514,492903000
2022-07-08,15.817740440368652,16.016486239108836,15.369314439847894,15.410262358682392,467972000
2022-07-11,15.132617950439453,15.507138249502445,15.018763459499633,15.506139124864289,437321000
2022-07-12,15.06270694732666,15.411260485118552,14.857969258670822,15.248468887366068,458483000
2022-07-13,15.14460277557373,15.35533332031496,14.446497484318298,14.571337592613542,521918000
2022-07-14,15.352336883544922,15.453207523316262,14.709160592903123,15.088674636041837,456235000
2022-07-15,15.741837501525879,15.761811422462909,15.42524261594352,15.63896957043237,385935000
2022-07-18,16.08040428161621,16.87538560794433,15.981531892512702,16.281147386357773,670517000
2022-07-19,16.970264434814453,17.08811351984662,16.151313682532283,16.4649111912205,702366000
2022-07-20,17.784217834472656,17.910057992754975,16.77950624664749,16.92531937021326,760538000
2022-07-21,18.026906967163086,18.120786571092108,17.522553877167194,17.862119050496325,557049000
2022-07-22,17.296846389770508,17.944016302358662,17.115078085285656,17.87011155488066,536671000
2022-07-25,17.00222396850586,17.102096434784116,16.627703648644037,16.997229297492076,480748000
2022-07-26,16.51185417175293,16.89736013283814,16.456924215514,16.867397819005358,397865000
2022-07-27,17.767244338989258,17.91305748757592,16.89136537035216,17.01021263004335,569776000
2022-07-28,17.96099281311035,18.11679338372319,17.417690017555582,17.952005454270516,474646000
2022-07-29,18.139766693115234,18.22066245620921,17.669368507737722,17.79021401872081,435460000
2022-08-01,18.41741180419922,18.821894447933598,17.96698847222425,18.158742318074168,476469000
2022-08-02,18.50229835510254,18.91377192981758,18.068853565515926,18.098815871629586,489527000
2022-08-03,18.868837356567383,18.94374220089126,18.11380368824174,18.160744463732026,418146000
2022-08-04,19.190420150756836,19.24934469266295,18.73600226706478,18.82488911846695,409652000
2022-08-05,18.96470832824707,19.204401075695394,18.642121577047934,18.785936463553476,386068000
2022-08-08,17.770235061645508,18.215665504698585,17.219941316750393,17.479608903638386,981859000
2022-08-09,17.064144134521484,17.424682406471327,16.702607690379292,17.229932154072273,668263000
2022-08-10,18.0738468170166,18.094819858177406,17.294844063383096,17.67535713005296,597422000
2022-08-11,17.91904640197754,18.683069039911533,17.85313085040459,18.10780569801878,509327000
2022-08-12,18.685068130493164,18.69405739540062,17.930034645168146,18.13677059385988,478094000
2022-08-15,19.007654190063477,19.139485307514796,18.589191447566634,18.677078224231252,457666000
2022-08-16,18.854846954345703,19.117510974241455,18.477330287725255,18.895794866939106,451240000
2022-08-17,18.31154441833496,18.66409349047809,18.121788843416464,18.499305553847954,446799000
2022-08-18,18.748987197875977,18.84086857106761,18.159741745096444,18.27759083565235,415447000
2022-08-19,17.826169967651367,18.496311207628796,17.747270545488515,18.382456706958777,441588000
2022-08-22,17.012210845947266,17.535540723316032,16.944297037737837,17.467626915106607,409593000
2022-08-23,17.159019470214844,17.442656534778063,16.94828896834574,16.967265666737784,369986000
2022-08-24,17.199968338012695,17.38373296547831,16.873386998287394,16.99023599654972,522661000
2022-08-25,17.890087127685547,17.92404403363218,16.811468659657514,16.82245426924992,770691000
2022-08-26,16.23920249938965,17.901073679751633,16.216231201826005,17.83415994150484,769127000
2022-08-29,15.780786514282227,16.317099270118273,15.746830564366475,15.999507178014051,496132000
2022-08-30,15.448216438293457,16.018485261085143,15.162581988262948,15.93958678417112,530181000
2022-08-31,15.074691772460938,15.520121352878855,14.93986423449081,15.364320769329515,573710000
2022-09-01,13.919172286987305,14.361605448465777,13.253025685582315,14.19082370889168,1178865000
2022-09-02,13.629542350769043,14.152871237530379,13.573613280294385,14.081962917871357,743157000
2022-09-06,13.447774887084961,13.761373328292967,13.333920402949287,13.71343439761388,535751000
2022-09-07,13.70052719116211,13.824405923028626,13.332888681827493,13.549675509856467,512657000
2022-09-08,13.976256370544434,13.99423928995725,13.355867087394941,13.445777873509215,624873000
2022-09-09,14.372865676879883,14.459780097635198,14.112122414613935,14.143091143338768,486612000
2022-09-12,14.49074935913086,14.532707912384652,14.18405081795038,14.354883295431712,484159000
2022-09-13,13.1181001663208,13.90832348360054,13.086132013496666,13.788441481403845,714956000
2022-09-14,13.115102767944336,13.276943315177288,12.90031384041556,13.240978431546392,588507000
2022-09-15,12.916298866271973,13.220000127344166,12.77743547638596,13.002214824702325,523625000
2022-09-16,13.18503475189209,13.19902093786088,12.604605175974978,12.729482380831998,670751000
2022-09-19,13.368853569030762,13.449774322834386,12.997219278853803,12.999217169249121,569685000
2022-09-20,13.163055419921875,13.46975398039861,13.044172844889841,13.20201761663557,524818000
2022-09-21,13.247971534729004,14.017215512760359,13.097119860397946,13.200019309252916,807679000
2022-09-22,12.548661231994629,13.136083938340478,12.415792456821627,13.057161067282244,759162000
2022-09-23,12.503704071044922,12.598611009775242,12.244958688047188,12.40779866349174,663309000
2022-09-26,12.215987205505371,12.646564510699525,12.202001019731137,12.478729328671262,547343000
2022-09-27,12.40080451965332,12.723487131247458,12.24595707160412,12.494712028863477,553854000
2022-09-28,12.72348690032959,12.810401315845358,12.341862247036298,12.397806982956823,542414000
2022-09-29,12.207995414733887,12.487720077708065,11.934264422948738,12.435771116453404,532763000
2022-09-30,12.127073287963867,12.620588364011551,12.063136038832146,12.075124332590427,565638000
2022-10-03,12.49970817565918,12.665545461526479,12.093107475187667,12.334870311343003,547478000
2022-10-04,13.154065132141113,13.207013516951186,12.866347944038663,12.866347944038663,584182000
2022-10-05,13.196024894714355,13.307915345961385,12.60860312206451,12.898318227081967,507131000
2022-10-06,13.11710262298584,13.642585960364393,13.090128718038043,13.207014369161785,644157000
2022-10-07,12.064135551452637,12.65755180965391,12.010188705501369,12.492713960153557,672478000
2022-10-10,11.65853500366211,12.11208849580973,11.39679231905086,12.025174074779594,698699000
2022-10-11,11.574617385864258,11.83436121602058,11.271914628734839,11.549641376314474,667482000
2022-10-12,11.488702774047852,11.723471574705954,11.333855307772826,11.567625639575176,492590000
2022-10-13,11.948249816894531,12.066133917105926,10.802376385979748,10.960221149682935,850103000
2022-10-14,11.21596908569336,12.099100331328724,11.192991920748677,12.045153488410339,713432000
2022-10-17,11.876320838928223,11.93626231451155,11.50568597009088,11.506684438920434,580774000
2022-10-18,11.955244064331055,12.479727942429879,11.606586932037441,12.331873568497944,659362000
2022-10-19,12.039161682128906,12.337868707244187,11.822374838330944,11.867330710070325,523131000
2022-10-20,12.182021141052246,12.756456083837714,12.093107871373773,12.101100385832355,652398000
2022-10-21,12.453753471374512,12.485722576925895,11.875322739504938,12.08611495032711,609494000
2022-10-24,12.586623191833496,12.697514210569755,12.052148908215925,12.49571298316096,517457000
2022-10-25,13.247971534729004,13.286933730211802,12.651557929832784,12.681529142584901,505482000
2022-10-26,12.883330345153809,13.374846610546708,12.695515318512095,12.856357396980739,532953000
2022-10-27,13.163055419921875,13.824405720603766,13.109108569096112,13.616609878763834,583113000
2022-10-28,13.820408821105957,13.836393849315009,13.048168468869736,13.091126445798928,521040000
2022-10-31,13.483738899230957,13.824404422141082,13.283935590358174,13.764462953110582,486341000
2022-11-01,13.529694557189941,13.911319221113567,13.505717968916885,13.797430903185232,432817000
2022-11-02,13.206012725830078,14.196039283406016,13.198021164773332,13.836393311943423,672628000
2022-11-03,13.407814979553223,13.767461931810212,12.94327258745035,13.030187013515803,500065000
2022-11-04,14.14209270477295,14.215020940860802,13.683543058228718,13.97225964349544,612576000
2022-11-07,14.28695011138916,14.39784112419483,13.940291840507935,14.214021873484295,410061000
2022-11-08,14.587654113769531,14.87636973597791,14.202032717098279,14.786458006428978,595292000
2022-11-09,13.762466430664062,14.19703950429596,13.745482933356136,14.14808690274886,454414000
2022-11-10,15.734527587890625,15.75750475697818,14.532709316866073,14.785461035041537,700819000
2022-11-11,16.31096076965332,16.372900138089058,15.466791544817703,15.791472089195823,655487000
2022-11-14,16.278989791870117,16.523749911060445,15.90635612978262,16.202065781845178,527852000
2022-11-15,16.649625778198242,16.98129840959203,16.36590441599449,16.705570513482144,545876000
2022-11-16,15.894370079040527,16.345925704998653,15.857406724593496,16.146123325574862,649547000
2022-11-17,15.661599159240723,16.25002123430615,15.519738460075079,15.699561935228004,710894000
2022-11-18,15.393861770629883,15.986279587297421,15.105145189019035,15.95031375136274,492072000
2022-11-21,15.301953315734863,15.461795982930148,15.0651856742172,15.132120243655514,404739000
2022-11-22,16.02224349975586,16.042224307977705,15.107143062322645,15.312941004415727,472866000
2022-11-23,16.502769470214844,16.51076293656427,16.032233454276504,16.08218356795562,427241000
2022-11-25,16.254016876220703,16.470802751197535,16.156113577844067,16.301970056581666,167934000
2022-11-28,15.811450958251953,16.34093096346319,15.709551881196315,16.01025486285479,303741000
2022-11-29,15.623635292053223,15.916347653150785,15.50475272274018,15.811450315725434,298384000
2022-11-30,16.91069984436035,16.917694725911424,15.58566343466165,15.68559017782251,565298000
2022-12-01,17.12254524230957,17.25244991006303,16.622908679321707,16.986644417378525,470977000
2022-12-02,16.863733291625977,16.92069297480223,16.43304680382368,16.646891961361217,371389000
2022-12-05,16.59792709350586,16.9826474725034,16.460026915348557,16.66687718258451,352255000
2022-12-06,15.975380897521973,16.560954474009094,15.80750278109948,16.517986458879424,352694000
2022-12-07,16.10828399658203,16.174236009152278,15.65561223859945,15.7605364147691,372388000
2022-12-08,17.156522750854492,17.166515711893183,15.947401148647057,16.26117402618214,515456000
2022-12-09,16.9886417388916,17.570219425754605,16.96266156791987,17.14752656117502,465338000
2022-12-12,17.52225685119629,17.525254930253844,16.784794205763834,17.024619564780387,457328000
2022-12-13,18.058866500854492,18.77634509903721,17.698128800135795,18.517532552181468,656589000
2022-12-14,17.661151885986328,18.238732737472507,17.407336817920626,17.97392407996329,496888000
2022-12-15,16.939678192138672,17.30741074376151,16.687862454853068,17.13353742821794,478542000
2022-12-16,16.55895233154297,17.028611869935972,16.39807007699881,16.851740499962705,478232000
2022-12-19,16.242183685302734,16.59692515669725,16.13326367119488,16.559953304567404,354039000
2022-12-20,16.07331085205078,16.298147736044392,15.84048131368488,16.052326203275552,403260000
2022-12-21,16.48900604248047,16.614915819046644,16.090295879605936,16.102288194499057,325025000
2022-12-22,15.327851295471191,16.12627131825596,14.87118366618108,16.08230267249462,565045000
2022-12-23,15.194947242736816,15.327849986991492,14.872182073859605,15.184954282918557,349326000
2022-12-27,14.110736846923828,15.089025380412426,14.045783556635216,15.063044254893216,464902000
2022-12-28,14.025797843933105,14.251633402616966,13.87390790189094,13.916876867387723,351066000
2022-12-29,14.592385292053223,14.672327066692667,14.216659141844056,14.391532131235763,354923000
2022-12-30,14.603378295898438,14.618366783406367,14.22265470311372,14.323581124655862,310490000
2023-01-03,14.304594993591309,14.985100730634922,14.085754306829973,14.84020566371246,401277000
2023-01-04,14.738280296325684,14.84220480254105,14.230650080715,14.556413363429996,431324000
2023-01-05,14.254632949829102,14.553415431728993,14.137717402663952,14.480468531780316,389168000
2023-01-06,14.848197937011719,14.9990881851613,14.023797890161696,14.463477597488039,405044000
2023-01-09,15.616642951965332,16.04433140915077,15.129996403510722,15.272893083672011,504231000
2023-01-10,15.897439002990723,15.950399983640061,15.460756305308625,15.49573071762069,384101000
2023-01-11,15.989368438720703,16.016349239549506,15.551687092243982,15.828486169862327,353285000
2023-01-12,16.498998641967773,16.62490650981724,15.480739249829666,16.088298079147023,551409000
2023-01-13,16.886716842651367,16.90970084135266,16.153251110150944,16.26616793733889,447287000
2023-01-17,17.68913459777832,17.715116677928005,16.88671868747473,16.88671868747473,511102000
2023-01-18,17.36437225341797,17.860010174300744,17.2694400738677,17.654160507822112,439624000
2023-01-19,16.752811431884766,17.184498486037526,16.718837659007576,17.02361432657967,452932000
2023-01-20,17.826034545898438,17.843022387784448,16.812771625874188,16.998635350456045,564967000
2023-01-23,19.179052352905273,19.23101460784554,17.80505162894163,18.05087123311822,655163000
2023-01-24,19.250995635986328,19.480829897211883,18.80631941203174,18.81331429322704,496204000
2023-01-25,19.3089542388916,19.35592095937967,18.566494288431212,18.89925241669072,449537000
2023-01-26,19.78760528564453,20.151341001630637,19.26398603168068,19.686678873769658,489535000
2023-01-27,20.350194931030273,20.613004224604143,19.390893741627092,19.44785151118762,542142000
2023-01-30,19.148075103759766,20.125363098729323,19.13608278764587,19.935502549242734,488611000
2023-01-31,19.52280044555664,19.672691038847766,18.93622720547809,19.156066615240924,498017000
2023-02-01,20.927776336669922,21.176593969760216,19.596743898514525,19.67668566649622,660477000
2023-02-02,21.693222045898438,21.933047390854806,20.68495649158275,20.984737696287606,564276000
2023-02-03,21.08466339111328,21.72919501638303,20.77388862479516,20.984735697077607,429366000
2023-02-06,21.073673248291016,21.55432265187495,20.77089206544155,20.79087798690296,452197000
2023-02-07,22.156883239746094,22.24282117030571,21.134626120673612,21.366457835362763,664150000
2023-02-08,22.18886375427246,22.86137502680514,21.99200640918838,22.370730703664172,559651000
2023-02-09,22.32076644897461,23.003270641986205,22.103925099368983,22.58957195921703,523876000
2023-02-10,21.249544143676758,22.061952986766464,20.795875540838797,21.67423640036369,550737000
2023-02-13,21.77216339111328,22.03197463754211,20.94676355983307,21.522345104850437,474919000
2023-02-14,22.954303741455078,23.032246161233104,21.350468919181104,21.562314716019458,675474000
2023-02-15,22.747455596923828,22.83838906381479,22.089934776519055,22.532611701411707,420575000
2023-02-16,21.98600959777832,22.5336097369612,21.9110633459277,22.116912998504436,412026000
2023-02-17,21.372453689575195,21.72419710641856,20.959753789860155,21.615277084948126,465888000
2023-02-21,20.639989852905273,21.478378912723844,20.60301608666739,20.984738441149087,410015000
2023-02-22,20.738914489746094,21.088660470476388,20.406156350642,20.691949673689642,513184000
2023-02-23,23.646799087524414,23.87063720047098,23.008263613547186,23.422962880540098,1117995000
2023-02-24,23.269075393676758,23.456940389686,22.930322978205957,23.208120810120686,589716000
2023-02-27,23.483919143676758,23.862643400308635,23.436954324433827,23.652796941210124,452994000
2023-02-28,23.19912338256836,23.807681845899552,23.189130423072832,23.35501011996671,455963000
2023-03-01,22.681503295898438,23.239098311761076,22.491640852152667,23.17514374367505,460026000
2023-03-02,23.297056198120117,23.363008218705765,22.415697204297107,22.47165816942774,389415000
2023-03-03,23.872634887695312,23.882627847887388,23.113187066758055,23.303049498482938,412393000
2023-03-06,23.536880493164062,24.230374393263517,23.469927850702934,23.87363543603711,437429000
2023-03-07,23.275026321411133,24.111559920502025,23.228051620676226,23.586852780173178,515154000
2023-03-08,24.16752815246582,24.18651857379535,23.410949919200295,23.47391454643522,513573000
2023-03-09,23.422943115234375,24.440375570970758,23.36997124192883,24.161529784605587,501257000
2023-03-10,22.952205657958984,23.61383749354335,22.71333849181554,23.39595853616444,474866000
2023-03-13,22.953205108642578,23.285020881486766,22.284579093535758,22.739325534084948,421890000
2023-03-14,24.049592971801758,24.205506193309173,23.44692829407391,23.482909441366974,474910000
2023-03-15,24.214502334594727,24.272468678645705,23.346985898676298,23.747761556625974,524486000
2023-03-16,25.526769638061523,25.573742429212153,23.880686034435833,24.0136132573458,583253000
2023-03-17,25.710670471191406,26.38429481125842,25.65370110932452,25.967527280850714,848547000
2023-03-20,25.885568618774414,26.009500077282972,25.11599719099459,25.600727567995087,432747000
2023-03-21,26.184406280517578,26.377299570457293,25.36686302858479,26.165417763488982,547408000
2023-03-22,26.4532527923584,27.573628475745913,26.22238060273508,26.410275577117357,797295000
2023-03-23,27.175851821899414,27.483680798717256,26.67513147905543,27.099893948153998,564889000
2023-03-24,26.764083862304688,27.15186824063576,26.340320236900403,27.01594431067597,454920000
2023-03-27,26.51622200012207,26.984960623326504,26.350314098430964,26.82205130984847,361026000
2023-03-28,26.395288467407227,26.49823173297999,25.83560094258539,26.432268512754547,356104000
2023-03-29,26.968963623046875,27.062911108489565,26.582180130791198,26.81005372847901,393694000
2023-03-30,27.367746353149414,27.483682866551554,27.08690274045301,27.213832806303273,364516000
2023-03-31,27.761526107788086,27.818493560580926,27.089899588484148,27.124879937793096,433933000
2023-04-03,27.949419021606445,27.984399368313966,27.320769768409424,27.493673714298545,398716000
2023-04-04,27.43770408630371,27.984400217935065,27.291785519526204,27.95041876402009,368592000
2023-04-05,26.866025924682617,26.982959420738567,26.380296599613906,26.81405484656238,515015000
2023-04-06,27.02193832397461,27.064913636630408,26.412277545393724,26.5691896688251,397654000
2023-04-10,27.563634872436523,27.60561128919327,26.654142030135144,26.808055558243208,395279000
2023-04-11,27.15386390686035,27.774518217664543,27.11088668926275,27.708555003624628,314378000
2023-04-12,26.480239868164062,27.45269736059757,26.43326516842253,27.35475238564749,446259000
2023-04-13,26.448257446289062,26.872021032628947,26.314333222972966,26.719106387234746,353615000
2023-04-14,26.743093490600586,26.868023857547442,26.2053930845093,26.489235274720066,395660000
2023-04-17,26.986957550048828,26.99095503182758,26.41827430530076,26.5502007354296,321471000
2023-04-18,27.651588439941406,28.094342468217402,27.34176165331577,27.517664210618655,604812000
2023-04-19,27.915437698364258,27.98439949827532,27.21682774850781,27.34575558501226,358660000
2023-04-20,27.08890151977539,28.01438627637925,26.984959362580753,27.655585102128896,427713000
2023-04-21,27.1038875579834,27.167852977082326,26.707109424707014,26.93698080087937,345103000
2023-04-24,27.026935577392578,27.350754492518465,26.65614195995767,26.997952403384527,339282000
2023-04-25,26.226381301879883,27.23182141385499,26.21039137392824,27.062914932434463,378527000
2023-04-26,26.940980911254883,27.314773087163047,26.69012130424559,26.98695671600465,406337000
2023-04-27,27.210832595825195,27.479683746081943,26.61016757255102,27.347757311997476,377161000
2023-04-28,27.73354148864746,27.742535346196135,27.05591780168011,27.209833243040322,292216000
2023-05-01,28.89389419555664,29.04181246207851,27.764524553059715,27.82449059352596,570329000
2023-05-02,28.19428062438965,28.819933177825014,28.067352486128684,28.66401996293516,402730000
2023-05-03,27.78651237487793,28.35119816386992,27.45669628435677,27.82449131295528,383387000
2023-05-04,27.546642303466797,27.843475788721815,27.224821223568284,27.63559150652296,321850000
2023-05-05,28.664020538330078,28.738977606465763,27.715549891758478,27.810496273911376,361494000
2023-05-08,29.1347599029541,29.203721709083258,28.334207428076738,28.50611059015405,344979000
2023-05-09,28.555082321166992,28.9568587950906,28.4341513464618,28.882900615046502,314869000
2023-05-10,28.868907928466797,29.096781546494373,28.44514435922276,28.9888400070074,369350000
2023-05-11,28.562076568603516,28.933870951744883,28.23026272032558,28.879900184422446,322149000
2023-05-12,28.3242130279541,28.763968454628774,28.030376178790256,28.513106919804066,274222000
2023-05-15,28.93686866760254,28.952860500862368,28.136316236466875,28.492116893352502,293926000
2023-05-16,29.196725845336914,29.85336134908107,28.81593947434421,28.82493333225044,449405000
2023-05-17,30.16118621826172,30.18217442688432,29.413603764955703,29.56751729485477,432535000
2023-05-18,31.66035270690918,31.8102687655006,30.303109403066554,30.39305941947863,748725000
2023-05-19,31.24658203125,31.56240596498741,30.89877633722098,31.51842985315769,473908000
2023-05-22,31.158632278442383,31.50244049695019,30.662908312939347,30.88378395738416,372000000
2023-05-23,30.6709041595459,31.270570294857816,30.613936705925717,30.98273062615954,356253000
2023-05-24,30.52098846435547,30.589950270894462,29.789395884973317,30.193170159814024,721419000
2023-05-25,37.958839416503906,39.45800370852652,36.614587547967275,38.50153615820228,1543911000
2023-05-26,38.9243049621582,39.148179210882226,37.52908267088945,37.86889343237657,714397000
2023-05-30,40.08864974975586,41.91463138880403,39.92674126854547,40.57238121840237,923401000
2023-05-31,37.81291961669922,40.27254695421099,37.800925265734755,39.4659973844294,1002580000
2023-06-01,39.74784851074219,40.02769133031933,38.31864471777753,38.4675599860318,635873000
2023-06-02,39.30509567260742,40.47744268132858,39.0362444912419,40.07466726257596,482731000
2023-06-05,39.14917755126953,39.54295523053457,38.68543536450873,38.88732248594207,396094000
2023-06-06,38.632469177246094,39.138187855408745,38.12675049908344,38.80837364686853,388729000
2023-06-07,37.45799255371094,39.48107614939718,37.33904707373161,38.89734153099695,511998000
2023-06-08,38.492530822753906,38.84637034571571,37.48798941948038,37.706888040949515,417772000
2023-06-09,38.752410888671875,39.692982044462646,38.54950387238983,39.019288045180616,427717000
2023-06-12,39.464088439941406,39.51206700150423,38.60048195774429,39.18221868034752,388701000
2023-06-13,41.00339126586914,41.08235780976993,39.7219751154273,40.167771950130565,613208000
2023-06-14,42.97748947143555,42.9804864628246,40.53359551230655,40.80547525022667,740465000
2023-06-15,42.63365173339844,43.26936481890203,42.127880745258615,42.58267617954838,568622000
2023-06-16,42.672630310058594,43.7011627413836,42.64164233222249,43.430285796206434,655709000
2023-06-20,43.788124084472656,43.970044535579625,42.654639680016224,42.97849400113233,451153000
2023-06-21,43.02546691894531,43.59521179490845,42.06090843877396,43.48126129452927,551603000
2023-06-22,43.00548553466797,43.40630080561376,42.21484396347498,42.23383253879733,417737000
2023-06-23,42.189849853515625,42.789576114624246,41.9959376252503,42.44473523032175,358140000
2023-06-26,40.613563537597656,42.74459612983443,40.081803433488034,42.44173221039152,594322000
2023-06-27,41.856998443603516,41.92096858035074,40.42964880063454,40.78048746203914,462175000
2023-06-28,41.09834671020508,41.826017073358116,40.499619439316,40.641553308861894,582639000
2023-06-29,40.8034782409668,41.581125151511266,40.58157883716756,41.53914438933123,380514000
2023-06-30,42.282806396484375,42.53069498097374,41.48217110907092,41.66109075373004,501148000
2023-07-03,42.39375686645508,42.87853744854529,42.18285405414917,42.49770977670776,198209000
2023-07-05,42.29780578613281,43.15741247576168,42.065908767153076,42.11588532389232,323618000
2023-07-06,42.083900451660156,42.15986618749212,41.32724389814401,41.82501907665081,303582000
2023-07-07,42.48371505737305,43.19439483074113,42.160863552312975,42.3027974197586,355881000
2023-07-10,42.160865783691406,42.79158005562214,41.63010462260681,42.637650587213706,353908000
2023-07-11,42.38576126098633,42.738601759030615,42.04791716091051,42.46172699623317,298244000
2023-07-12,43.882080078125,43.915066050128644,42.7575905421709,43.01347490180477,481277000
2023-07-13,45.956146240234375,46.13406309048244,44.471819219125365,44.49780840176806,478204000
2023-07-14,45.4483757019043,48.06618712839588,45.0395608397095,46.561868772751474,772075000
2023-07-17,46.43992233276367,46.47490630311995,45.24146873901093,46.268003285850995,510488000
2023-07-18,47.472450256347656,47.874268285865774,45.7132504904212,46.679810792528166,569164000
2023-07-19,47.055641174316406,47.79630611668105,46.72079407647509,47.44246663237742,427502000
2023-07-20,45.49934768676758,47.0656380690938,45.0415553018344,46.485899389288534,537865000
2023-07-21,44.28889846801758,45.8451951947945,44.07999364154884,45.76722764913427,963769000
2023-07-24,44.59176254272461,45.088538739964385,44.02002341748233,44.710708043184326,382516000
2023-07-25,45.65827560424805,46.16204473559319,44.90261809426386,44.92061148308324,348081000
2023-07-26,45.43137741088867,46.032106466894454,44.609751767779315,46.00011949109116,364237000
2023-07-27,45.87917709350586,47.3734977573488,45.729243622017535,46.49789574001407,455976000
2023-07-28,46.728790283203125,47.00566503984784,46.359958211082045,46.64682675318364,331194000
2023-07-31,46.707801818847656,47.108620884219256,46.48490340823604,46.73279200296529,251055000
2023-08-01,46.48590087890625,46.87872414009039,46.006119100744684,46.43892131705065,237858000
2023-08-02,44.24891662597656,45.81920302566147,43.367316810622704,45.810208237505115,530142000
2023-08-03,44.49480438232422,45.09753146141585,43.780128602049395,43.780128602049395,324176000
2023-08-04,44.65972900390625,45.62129053158006,44.37286046636377,44.96459093054508,362666000
2023-08-07,45.39639663696289,45.5193419368028,44.54278395800057,45.09053569626203,322154000
2023-08-08,44.64373779296875,45.221474674750446,44.03601192911079,44.83265122169963,353843000
2023-08-09,42.534690856933594,44.291892538606646,42.114879460242086,44.25390776886031,586449000
2023-08-10,42.36876678466797,43.55422945661675,41.816016307182295,42.14086959988781,492705000
2023-08-11,40.836463928222656,41.998938296888426,40.62056232238889,41.732057328075,533085000
2023-08-14,43.733150482177734,43.780130045964164,40.292714362956126,40.4676342143239,690286000
2023-08-15,43.92006301879883,45.24746343263432,43.690167827514635,44.5397844697039,676512000
2023-08-16,43.466270446777344,44.654730173438274,43.3863049125829,44.499801717144706,527451000
2023-08-17,43.32433319091797,44.0420058832226,42.981486518683695,43.950048576466585,452395000
2023-08-18,43.279354095458984,43.55822683605399,41.641097806148274,42.61565390241393,583768000
2023-08-21,46.94569396972656,47.043649088093474,44.20194021923786,44.4738161945168,692573000
2023-08-22,45.647281646728516,48.16513989063479,45.312434537033134,48.113161528574985,755293000
2023-08-23,47.094627380371094,47.17858890848423,45.18749198173924,45.845194431592205,779046000
2023-08-24,47.1416015625,50.24319445193808,47.137605573465706,50.193217898242985,1156044000
2023-08-25,45.99712371826172,47.78331172625779,45.00357139022836,46.99067223332849,925341000
2023-08-28,46.813751220703125,46.95868589539786,44.86763592891526,46.46091072736626,685192000
2023-08-29,48.76186752319336,49.058733661503915,46.36995165063556,46.64482841073173,701397000
2023-08-30,49.24164962768555,49.9043470351674,48.40302956736282,49.02174821811775,735206000
2023-08-31,49.332611083984375,49.72143456445516,48.935791812051576,49.35760126864915,528570000
2023-09-01,48.486995697021484,49.77741047898762,48.12016158480673,49.73942951511003,463830000
2023-09-05,48.52597427368164,48.82883820678776,47.838286691466436,48.2011209624788,382653000
2023-09-06,47.04352569580078,48.53097212060012,46.562705311896934,48.42301432909476,468670000
2023-09-07,46.22382736206055,46.32678974880514,45.13523111170268,45.50809367886265,433330000
2023-09-08,45.555076599121094,46.588693046226524,45.25418967954752,45.92494195463873,473069000
2023-09-11,45.161224365234375,46.145855378235105,44.295544829202264,46.13086155867235,473966000
2023-09-12,44.853336334228516,45.65603954125468,44.514461521168336,44.721385383298234,349256000
2023-09-13,45.468109130859375,45.91294356893701,44.48647155258025,44.5834356523234,398355000
2023-09-14,45.56407928466797,45.96992678735713,45.11424558500878,45.932941774404185,370097000
2023-09-15,43.883697509765625,45.58206401685465,43.79172881004724,45.32416041506124,506831000
2023-09-18,43.949668884277344,44.225567343111805,41.98439953136644,42.73212279267361,500271000
2023-09-19,43.50383758544922,43.949671091546065,42.98602840940491,43.81672106597158,373064000
2023-09-20,42.22331619262695,43.88669985783539,42.20732329224025,43.58381095041621,367108000
2023-09-21,41.00177001953125,42.08436812004918,40.96478500717866,41.567561773609235,450736000
2023-09-22,41.59454345703125,42.09935692892389,41.21568262993903,41.55655555974085,479236000
2023-09-25,42.206321716308594,42.52020429419851,41.16170777598642,41.575555508583165,419091000
2023-09-26,41.89543914794922,42.80410206327922,41.63953367356777,41.98540588649519,402282000
2023-09-27,42.45222854614258,42.85608166795396,41.61354320990464,42.3142831158922,444935000
2023-09-28,43.072998046875,43.42986390622625,42.099360753116,42.4442300318879,424663000
2023-09-29,43.482845306396484,44.127606215229214,43.29091527165988,43.810722604671085,397830000
2023-10-02,44.7653694152832,45.15822119722868,43.84471004180952,44.0136459937785,433298000
2023-10-03,43.50083923339844,45.1132430582303,43.22993995466615,44.791360215687675,470850000
2023-10-04,44.02465057373047,44.12661389696753,43.275928083573646,43.725761788112315,361821000
2023-10-05,44.67140579223633,44.883328870438184,43.87170361778556,44.03364221179363,393483000
2023-10-06,45.74500274658203,45.77199314452194,44.00964752260757,44.1765853074357,434436000
2023-10-09,45.25618362426758,45.58806104579634,44.35152097738503,44.82534394927442,409675000
2023-10-10,45.7809944152832,46.24182177038048,45.071258970878525,45.29317665886047,368582000
2023-10-11,46.78861999511719,46.84160171871978,46.032900190504705,46.17884588702422,378137000
2023-10-12,46.92756652832031,47.59132141422763,46.3127970458529,46.75962964777431,481325000
2023-10-13,45.444114685058594,47.098502624368315,45.263182151056284,46.942558517598286,474115000
2023-10-16,46.077884674072266,46.207833655356794,44.89532148876171,45.04626639383732,375099000
2023-10-17,43.92168426513672,44.73738315193545,42.46422548000373,43.98366151728547,812333000
2023-10-18,42.18033218383789,43.20295497748339,41.80947154933942,42.575185981795975,627294000
2023-10-19,42.08536911010742,43.28092416614882,41.866448658188794,42.79510456302502,501233000
2023-10-20,41.37162780761719,42.454225709560305,41.06274066398629,41.87443932058439,477266000
2023-10-23,42.95904541015625,43.231946691364044,40.929800201575475,41.21369517243649,478530000
2023-10-24,43.64678192138672,43.680769690492056,42.67514660989255,43.06100102394639,401463000
2023-10-25,41.763484954833984,43.633792366970795,41.5395691120526,43.38188323056103,398379000
2023-10-26,40.31102752685547,42.24031124000929,39.86519397688078,41.837460992365465,541001000
2023-10-27,40.48495864868164,41.19069772762215,40.00013816338119,41.114725739824124,416784000
2023-10-30,41.14571762084961,41.75049254735998,40.46596977662881,41.071747596041774,388028000
2023-10-31,40.764854431152344,40.86382050289445,39.21543081274733,40.434978965187184,517969000
2023-11-01,42.309288024902344,42.36526699140607,40.85382726924343,40.86882109051677,437593000
2023-11-02,43.48984146118164,43.86769941657272,42.878069259150145,43.311906170895455,409172000
2023-11-03,44.98828887939453,45.292173032715084,43.706763443369326,44.00365403986176,424610000
2023-11-06,45.734012603759766,45.917946208460904,44.882327752320265,45.26818602105663,400733000
2023-11-07,45.93793869018555,46.20083771282599,45.14123373244881,45.7020262562231,343165000
2023-11-08,46.556705474853516,46.84959593349214,45.95092771395189,46.0828786635961,346719000
2023-11-09,46.93256759643555,48.21209109497669,46.73264109646829,47.44937391903492,540496000
2023-11-10,48.31705093383789,48.454001099079974,47.26544343203814,47.482361908114214,421245000
2023-11-13,48.60194396972656,49.09776197733569,48.081137533797566,48.302056136923355,384136000
2023-11-14,49.6375617980957,49.81549711299513,49.021793193021786,49.66155496172665,416954000
2023-11-15,48.869842529296875,49.941442964255536,48.18209834050125,49.916454537712454,475497000
2023-11-16,49.46162796020508,49.50661323492199,48.312057235229624,48.66092667774055,339756000
2023-11-17,49.27969741821289,49.6985405744049,48.98880509199654,49.50561143654388,325205000
2023-11-20,50.39027786254883,50.529226175195205,49.16273331649987,49.293685180065076,414120000
2023-11-21,49.925453186035156,50.498238446028495,49.2037211838221,50.10738480588418,565747000
2023-11-22,48.697906494140625,50.31630467937056,47.672286574064465,49.83348617037129,899420000
2023-11-24,47.75825881958008,48.902834068505605,47.727268287861406,48.452001338900175,294645000
2023-11-27,48.22408676147461,48.51197801787189,47.634305695065535,47.7822495481252,395662000
2023-11-28,47.80323791503906,48.30505418192647,47.4553675930479,48.21808469478846,401491000
2023-11-29,48.12212371826172,48.74389440033637,47.84222891001243,48.36103719811516,382005000
2023-11-30,46.75263214111328,48.09213467670878,46.404761800061635,48.00616426433721,526247000
2023-12-01,46.74763107299805,47.18247088867774,46.16984662435623,46.50772234338756,369317000
2023-12-04,45.493099212646484,46.0598900122913,44.99328487634139,46.0598900122913,437543000
2023-12-05,46.552799224853516,46.58678616797351,45.258164407803854,45.4531088151656,371718000
2023-12-06,45.4901008605957,47.37356953938658,45.39912705049496,47.20161740676732,380590000
2023-12-07,46.58279037475586,46.61578196479854,45.591071034121136,45.687044488636715,350823000
2023-12-08,47.49253463745117,47.727468635368496,46.536804340424034,46.58179356796495,359224000
2023-12-11,46.61378479003906,47.517527924857966,45.817013589035405,47.47754215922328,509728000
2023-12-12,47.64349365234375,47.65248997256426,46.03295021122263,46.03295021122263,372387000
2023-12-13,48.074371337890625,48.58022843747808,47.59450784522985,47.61550180152845,447792000
2023-12-14,48.33629608154297,48.656205088433744,47.408561487006175,48.37628566080836,391232000
2023-12-15,48.87614059448242,49.38999483044137,48.1063584079144,48.18033874309844,479948000
2023-12-18,50.062801361083984,50.41869941781199,49.13606605391101,49.38599517155325,412587000
2023-12-19,49.58993911743164,49.685912576034035,48.881140459884094,49.40998983595613,464444000
2023-12-20,48.09735870361328,49.98482386963059,48.084361901480875,49.64091963761884,397894000
2023-12-21,48.97611618041992,49.08108596207473,48.40527506263609,48.79716606109675,300425000
2023-12-22,48.816162109375,49.36900296425664,48.45326221692039,49.18105652303888,252507000
2023-12-26,49.26502990722656,49.58593805712997,48.94612009204946,48.95411724457058,244200000
2023-12-27,49.40298843383789,49.66591435262688,49.07108183480036,49.49696355119108,233648000
2023-12-28,49.507965087890625,49.869862010873014,49.397995651127005,49.628932993777084,246587000
2023-12-29,49.507965087890625,49.982832763586586,48.737183676716924,49.798882986145436,389293000
2024-01-02,48.15434646606445,49.281025929370266,47.58151083051483,49.23004169676173,411254000
2024-01-03,47.555519104003906,48.17034267627387,47.30658912189055,47.47154327586198,320896000
2024-01-04,47.984397888183594,48.48625451702809,47.494535082082315,47.753460549538744,306535000
2024-01-05,49.08308029174805,49.53295347185659,48.29230418752573,48.44826200298403,415039000
2024-01-08,52.238189697265625,52.260186635329,49.46497759610599,49.49796918958488,642510000
2024-01-09,53.12493896484375,54.30960449650358,51.67534914710015,52.38614999154251,773100000
2024-01-10,54.3345947265625,54.58452387215592,53.473838688120914,53.600805409377045,533796000
2024-01-11,54.806461334228516,55.33031490047268,53.544821777629075,54.983413122715525,596759000
2024-01-12,54.69449234008789,54.95442078253782,54.31460279130114,54.60451769671923,352994000
2024-01-16,56.36602020263672,56.81889092877514,54.88444178651728,55.0024083735072,449580000
2024-01-17,56.037113189697266,56.45499397545113,54.7244856339136,56.33102857407022,474394000
2024-01-18,57.09081268310547,57.58367298328111,56.091096111773396,57.24376919648356,491650000
2024-01-19,59.47413635253906,59.48313267234828,57.208776074135685,57.97255943096109,543501000
2024-01-22,59.63709259033203,60.31390267208267,59.053258469820804,60.03198109970271,452955000
2024-01-23,59.85603332519531,59.89302158867447,58.568396325749006,59.553117790794914,294654000
2024-01-24,61.344608306884766,62.83118637351858,59.92101211022401,60.286909507412325,560271000
2024-01-25,61.59953308105469,62.701221870372564,60.83274840897568,62.33232318139365,482777000
2024-01-26,61.013702392578125,61.765491995354566,60.555835817733005,60.942723367823895,390309000
2024-01-29,62.447296142578125,62.47128760142016,60.88973905781223,61.21464389448456,348733000
2024-01-30,62.756202697753906,63.475000640687924,62.242348470682806,62.882170242946835,410735000
2024-01-31,61.50956344604492,62.25135374014952,60.68279815652496,61.4225863021423,453795000
2024-02-01,63.00913619995117,63.17309118059886,61.63252759196923,62.08239699411671,369146000
2024-02-02,66.14124298095703,66.58111302570877,63.6719383532705,63.95585821734189,476578000
2024-02-05,69.3123550415039,69.47730920290685,67.1859588396486,68.20566645977358,680078000
2024-02-06,68.20366668701172,69.7342310660323,66.28121510060156,69.61026565572277,683111000
2024-02-07,70.0791244506836,70.20009234122578,67.58083242173012,68.29963033929545,495575000
2024-02-08,69.62125396728516,70.77392694243356,69.43530969256643,70.05412985913416,414422000
2024-02-09,72.11255645751953,72.16453604297054,70.19209573547877,70.5130038907635,436637000
2024-02-12,72.22752380371094,74.58985301987923,71.2298055691369,72.57942141236886,613710000
2024-02-13,72.1075668334961,73.42919095043584,69.6002816616997,70.3800594926839,602580000
2024-02-14,73.87905883789062,74.21496215366473,71.91761686708195,73.18125859825528,504917000
2024-02-15,72.63740539550781,73.95403349177265,72.37948290762509,73.84806835325377,420122000
2024-02-16,72.59241485595703,74.38090918024592,72.4804470935105,74.07899283769257,495327000
2024-02-20,69.43231964111328,71.93560776976543,67.7148042318369,71.92660763572742,704833000
2024-02-21,67.452880859375,68.86847997939597,66.22922867549799,67.98672612499482,690298000
2024-02-22,78.5157470703125,78.55273152131424,74.19896984840972,75.00374204443924,865100000
2024-02-23,78.79466247558594,82.37064450794962,77.5480142615878,80.76710284696621,829388000
2024-02-26,79.06958770751953,80.62314814859076,78.48274845329479,79.67740947783957,503973000
2024-02-27,78.6786880493164,79.45747419233632,77.1401304524677,79.35849560363468,391705000
2024-02-28,77.6409912109375,78.91062791882912,77.10314167422683,77.59800412996552,393110000
2024-02-29,79.0895767211914,79.96732622132019,78.32779165828474,79.07158408060953,507289000
2024-03-01,82.25567626953125,82.27667403889559,79.41248066903071,79.97732295310118,479135000
2024-03-04,85.21283721923828,87.67014062841129,83.69526978721244,84.1061487649486,615616000
2024-03-05,85.94366455078125,86.07663632751537,83.3972699001233,85.24982845264307,520639000
2024-03-06,88.67901611328125,89.70277597405403,87.00941296076404,88.00118270950952,582520000
2024-03-07,92.6470718383789,92.74504822295889,89.58079619428543,90.13666439223407,608119000
2024-03-08,87.5073013305664,97.37696845591753,86.48553983918421,95.11550233441162,1142269000
2024-03-11,85.75371551513672,88.77599553639187,84.1460941174641,86.40855937952054,678364000
2024-03-12,91.89126586914062,91.93825182530047,86.12962825022079,88.02818123787033,668075000
2024-03-13,90.86650085449219,91.48235245425685,88.41407818473327,91.03346116743805,635713000
2024-03-14,87.9231948852539,90.62455913756881,86.57951107256054,89.55581179224637,602318000
2024-03-15,87.81621551513672,89.52481079500164,86.23659514436741,86.90943243257094,642086000
2024-03-18,88.43407440185547,92.38313682655732,87.0643957820598,90.36661573398221,668976000
2024-03-19,89.37686157226562,90.52258665813423,84.98989876877435,86.67949392679418,672171000
2024-03-20,90.35062408447266,90.3886171092284,88.20213035729925,89.77575552459182,479063000
2024-03-21,91.41336822509766,92.6260863495621,90.38361309634699,92.27816909757175,480372000
2024-03-22,94.26669311523438,94.75557583351618,90.81250872192483,91.11943529384952,586719000
2024-03-25,94.97952270507812,96.74310530536229,93.48787892632636,93.91877671343534,552136000
2024-03-26,92.53910064697266,96.35220139167362,92.48011649573958,95.82832327516131,513648000
2024-03-27,90.22864532470703,93.21793570444878,89.10191309032703,93.08996763897136,586067000
2024-03-28,90.33462524414062,91.2784021447898,89.17189838767457,89.97870666416057,435212000
2024-04-01,90.34162139892578,92.20318040940828,89.18289900570285,90.27764117725565,452441000
2024-04-02,89.43083953857422,90.07268593569079,87.59927224925994,88.42707164960063,433064000
2024-04-03,88.94295501708984,90.3526251834598,88.37909305261387,88.46307281870986,370067000
2024-04-04,85.88467407226562,90.61255911907426,85.85967846162676,90.38460860825877,434965000
2024-04-05,87.9871826171875,88.46007028939938,85.9056744370297,86.84544686844104,399678000
2024-04-08,87.11238861083984,88.80898571750684,86.71148250630124,88.67901159229113,283220000
2024-04-09,85.33380126953125,87.61426743619066,83.00235992295175,87.42131230729075,503547000
2024-04-10,87.0184097290039,87.37932438444192,83.68919571165225,83.90614724164408,431929000
2024-04-11,90.59456634521484,90.7175383536998,86.90544422861728,87.39932306358762,431637000
2024-04-12,88.16514587402344,90.15368162603355,87.50930275152356,89.67778862095243,426805000
2024-04-15,85.98065185546875,90.59156018104089,85.90867029394323,89.07691923599808,443077000
2024-04-16,87.39432525634766,88.09715428207583,86.04364687363933,86.41255526417733,370453000
2024-04-17,84.01512145996094,88.75399786729442,83.93013485819698,88.31909559905036,495400000
2024-04-18,84.65097045898438,86.16961599181461,82.38250995062032,84.94990333698551,447260000
2024-04-19,76.18197631835938,84.30405561291292,75.58812265213056,83.13033728096731,875198000
2024-04-22,79.49919128417969,80.05406032863513,76.38193249215077,78.08552423870307,596341000
2024-04-23,82.40350341796875,82.74942225992656,80.24501744031475,80.74989526148802,438559000
2024-04-24,79.65814971923828,84.06210623959943,79.1642633085821,83.9301336886006,512208000
2024-04-25,82.61245727539062,83.30328808415997,78.20449600901789,78.8493400788442,424641000
2024-04-26,87.7142562866211,88.31011603784158,83.36728476778056,83.79818261677948,551011000
2024-04-29,87.73623657226562,87.97117394342716,85.24582111102696,87.57427234580402,388971000
2024-04-30,86.38156127929688,88.79798933377148,86.27958803217874,87.21936048020653,363709000
2024-05-01,83.02135467529297,85.97965427425616,81.23577409191292,85.05687611412145,559863000
2024-05-02,85.79669952392578,86.21659833345969,83.18031423689433,84.42901930882867,377898000
2024-05-03,88.76799774169922,89.25987812120627,87.01941093195316,87.76823429941243,398341000
2024-05-06,92.11820220947266,92.19818511482366,89.0339329305278,89.36885276564674,376203000
2024-05-07,90.53257751464844,91.75928460609057,88.98994329110344,91.0764475332469,437342000
2024-05-08,90.39061737060547,91.17243008499568,89.39884761533344,89.46183625311598,325721000
2024-05-09,88.72601318359375,91.05046027533749,88.21013637581568,90.50758942585304,378013000
2024-05-10,89.85673522949219,91.37937754567422,89.20588826518858,90.2836361635132,335325000
2024-05-13,90.37762451171875,90.97648188381773,88.50806398354068,90.45660058201008,289680000
2024-05-14,91.33439636230469,91.62932476175912,88.91296448661012,89.5778081239568,296507000
2024-05-15,94.60760498046875,94.83955234013227,91.57732397485312,92.45011849545092,417735000
2024-05-16,94.33667755126953,95.7963312267465,94.08073378370163,94.88754969662851,323952000
2024-05-17,92.45711517333984,94.71758179326936,91.78427788749048,94.34667500501169,359691000
2024-05-20,94.75758361816406,95.17748245890982,93.41790418504468,93.72782843022509,318764000
2024-05-21,95.36344146728516,95.3774380950692,93.1579619356149,93.5768615548364,328946000
2024-05-22,94.92753601074219,95.99728259132688,93.22694199175355,95.43641828893915,548648000
2024-05-23,103.77445220947266,106.29485201655153,101.495984300881,102.00386737865297,835065000
2024-05-24,106.44381713867188,106.4498124242875,102.97563594111259,104.42429068662888,429494000
2024-05-28,113.87405395507812,114.91181039578119,109.85700680266734,110.21792145728537,652728000
2024-05-29,114.79783630371094,115.46467834881875,110.87476851197954,113.02326226335153,557442000
2024-05-30,110.4738540649414,115.7915957549195,109.63705412520999,114.62287363905209,487350000
2024-05-31,109.60707092285156,112.69034107520358,106.9147071249594,112.49338144896966,613263000
2024-06-03,114.97279357910156,114.97279357910156,111.97650095452859,113.59412201632057,438392000
2024-06-04,116.40945434570312,116.5724178032169,114.01802186016376,115.68863184806835,403324000
2024-06-05,122.41104125976562,122.42003418828443,117.44021718307086,118.34300347113641,528402000
2024-06-06,120.96937561035156,125.55728684097399,118.29200776327205,124.01864947031358,664696000
2024-06-07,120.85940551757812,121.66321619288969,117.99408612904743,119.74166612613098,412386000
2024-06-10,121.76119232177734,123.07088000938666,116.98232421857804,120.34153004371032,314162700
2024-06-11,120.8913345336914,122.85103098419252,118.72166379544328,121.75119472729492,222551200
2024-06-12,125.18065643310547,126.86039721693841,122.55106545367255,123.04098762406083,299595000
2024-06-13,129.58999633789062,129.77996945393164,127.14037752718606,129.37002907262567,260704500
2024-06-14,131.85963439941406,132.81947757204395,128.30018672608327,129.93993279772215,309320400
2024-06-17,130.95977783203125,133.70935334573974,129.5600000367168,132.96947733525943,288504400
2024-06-18,135.55906677246094,136.30895096412834,130.66982245304678,131.11974991676064,294335100
2024-06-20,130.75979614257812,140.7382501800268,129.4999962772128,139.77840702253854,517768400
2024-06-21,126.55045318603516,130.60983137767926,124.28080710399776,127.10037129950182,655484700
2024-06-24,118.09175872802734,124.44077645602765,118.02176984453314,123.2209636623721,476060900
2024-06-25,126.07052612304688,126.48046647434953,119.30157487051866,121.18128182374238,425787500
2024-06-26,126.38047790527344,128.10020582805421,122.58106179827027,126.11051533740834,362975900
2024-06-27,123.9708480834961,126.3904801212093,122.90101364602651,124.08083170467471,252571700
2024-06-28,123.52091979980469,127.69027390029416,122.73104090223734,124.5607600841383,315516700
2024-07-01,124.28080749511719,124.8207173904901,118.81165100261742,123.4509338406254,284885500
2024-07-02,122.65105438232422,123.39094559729175,121.01130825589385,121.11129128736569,218374000
2024-07-03,128.26019287109375,128.26019287109375,121.34126312161995,121.64121985413111,215749000
2024-07-05,125.8105697631836,128.83010765300813,125.66059140220804,127.36032581802077,214176700
2024-07-08,128.18019104003906,130.7498013179992,127.02037421774143,127.47030164493479,237677300
2024-07-09,131.35972595214844,133.79935177124923,128.63013635188705,130.32988615651007,285366600
2024-07-10,134.88917541503906,135.0791485226844,132.39955434443974,134.0093063928642,248978600
2024-07-11,127.38032531738281,136.12896630123663,127.03038089854326,135.72903418154354,374782700
2024-07-12,129.2200469970703,131.89962580236968,127.20035467327595,128.240187353551,252680500
2024-07-15,128.420166015625,131.36970736285187,127.16035847561366,130.53983371826098,208326200
2024-07-16,126.34048461914062,129.02006337664668,124.56076075627588,128.42016519902992,214769500
2024-07-17,117.97177124023438,121.8311755731112,116.70197078117613,121.33125281111384,390086200
2024-07-18,121.07129669189453,122.38109957883393,116.54199746975429,121.8311814627659,320979500
2024-07-19,117.91178894042969,121.5812203691469,117.35187785957503,120.33141340065606,217223800
2024-07-22,123.52091979980469,124.0508367192346,119.84148788147658,120.33141006363795,258068900
2024-07-23,122.5710678100586,124.67074966179867,122.08114560448695,122.76104091410774,173911000
2024-07-24,114.23235321044922,119.9314697504062,113.42248076219641,119.15159144790852,327776900
2024-07-25,112.26265716552734,116.61198378362549,106.28358504662185,113.02254191964477,460067000
2024-07-26,113.04254150390625,116.18205608900622,111.5627742823544,116.172063125286,293399100
2024-07-29,111.57276153564453,116.2620396176345,111.28281303826613,113.67244329834918,248152100
2024-07-30,103.71398162841797,111.97270032897562,102.52416299011045,111.50277170281329,486833300
2024-07-31,117.00192260742188,118.32171842494118,110.8628715562712,112.88256383394263,473174200
2024-08-01,109.1931381225586,120.14145212596502,106.79350713357796,117.51185329033258,523462300
2024-08-02,107.25342559814453,108.70320617940068,101.35434313138848,103.74397331446949,482027500
2024-08-05,100.43448638916016,103.39403604617902,90.6759989303684,92.04578250558623,552842400
2024-08-06,104.23389434814453,107.69335889505676,100.53446901489241,103.82395402777368,409012100
2024-08-07,98.89472961425781,108.78320175369558,98.67476236695524,107.79334914083398,411440400
2024-08-08,104.95378875732422,105.4837056790837,97.50493482201372,101.98424624897191,391910000
2024-08-09,104.73382568359375,106.58353850176572,103.41402980827044,105.62368764955026,290844200
2024-08-12,109.00315856933594,111.05284499933998,106.24359034201233,106.30357863401878,325559900
2024-08-13,116.12206268310547,116.21205275014302,111.56276937230295,112.42263716382676,312646700
2024-08-14,118.061767578125,118.5816839218167,114.05238467793846,118.51169503654636,339246400
2024-08-15,122.84102630615234,123.22096487339543,117.45185933948571,118.74166102931171,318086700
2024-08-16,124.56076049804688,124.98069379843776,121.16128410108614,121.92116885528117,302589900
2024-08-19,129.97991943359375,129.97991943359375,123.40093398841385,124.26080175800107,318333600
2024-08-20,127.23035430908203,129.85995315446397,125.87056366455867,128.38017066195425,300087400
2024-08-21,128.48016357421875,129.3300384630808,126.6404512748557,127.3003454245953,257883600
2024-08-22,123.72088623046875,130.72980567240006,123.08098568867757,129.99992269264584,376189100
2024-08-23,129.3500213623047,129.57999683666532,125.200668193686,125.840568772239,323230300
2024-08-26,126.44046783447266,131.23972191640203,124.35079428830487,129.54999574566529,331964700
2024-08-27,128.2801971435547,129.18005210632066,123.86087366966548,125.03069885205142,303134600
2024-08-28,125.59060668945312,128.3101879476671,122.62106403071532,128.1002136583965,448101100
2024-08-29,117.57183837890625,124.41078612954578,116.69197701250701,121.34126049654891,453023300
2024-08-30,119.35157012939453,121.73119987357843,117.20190059777018,119.51154145619034,333751600
2024-09-03,107.98332214355469,116.19205340222969,107.27343270040431,115.99208733843557,477155100
2024-09-04,106.19359588623047,113.25250309042688,104.10392232985338,105.39372401610916,372470300
2024-09-05,107.19344329833984,109.63306894505409,104.74382468818037,104.97378489888229,306850700
2024-09-06,102.81411743164062,108.13329533322813,100.93440295773532,108.02331171493725,413638100
2024-09-09,106.45355224609375,106.53354171734688,103.67398295988235,104.86379392485524,273912000
2024-09-10,108.08330535888672,109.38310766040351,104.93379026537787,107.7933492261417,268283700
2024-09-11,116.8919448852539,117.17190041388517,107.40340528796008,109.3731022078221,441422400
2024-09-12,119.13179016113281,120.78167799522352,115.37204710427882,116.83194558890106,367100500
2024-09-13,119.09178924560547,119.95173057852946,117.59189263639415,119.07179398085154,238358300
2024-09-16,116.7719497680664,118.17185479944177,114.35211839645491,116.78195121490393,248772300
2024-09-17,115.58203125,118.79181676837955,114.82208911294721,118.16185529801122,231925900
2024-09-18,113.36219024658203,117.69188606173006,113.21219905753732,115.88201323283185,310318900
2024-09-19,117.86187744140625,119.65175496418426,117.24191743437973,117.34190901515986,293506400
2024-09-20,115.99200439453125,118.61182655052458,115.3820458300781,117.05192889000193,382462400
2024-09-23,116.25199127197266,116.98193669935195,114.85208621282331,116.54197220506472,206228500
2024-09-24,120.8616714477539,121.79160765008963,115.37204436838394,116.51196518042532,354966800
2024-09-25,123.50149536132812,124.93139717496075,121.6016246984159,122.01159249257597,284692900
2024-09-26,124.03145599365234,127.66120318223068,121.7916124398361,126.79126799764761,302582900
2024-09-27,121.39163970947266,124.02145581335269,119.25178771917992,123.96146238728417,271009200
2024-09-30,121.43163299560547,121.49162641926588,118.14185882154547,118.30184382759613,226553700
2024-10-01,116.99193572998047,122.43156321712523,115.7820200451603,121.76160359919284,302094500
2024-10-02,118.84181213378906,119.37177440698211,115.13206859256863,116.43198210063649,221845900
2024-10-03,122.84153747558594,124.3514356140466,120.33170820972309,120.91167009454495,277118000
2024-10-04,124.91139221191406,125.03138669129712,121.8216087492724,124.9313951062457,243678100
2024-10-07,127.7112045288086,130.63100158341018,124.94139103988898,124.98138920036052,346250200
2024-10-08,132.88084411621094,133.47079980711666,129.4110819564616,130.25102042396173,285722500
2024-10-09,132.64085388183594,134.51073540803478,131.37095237452456,134.100759996507,246191600
2024-10-10,134.8007049560547,134.99069430038207,130.9909700248152,131.9009109593636,242311300
2024-10-11,134.79071044921875,135.77063861955767,133.65078964681797,134.00075636449898,170209500
2024-10-14,138.0605010986328,139.59039453634375,136.29061869231955,136.46060515676092,232347700
2024-10-15,131.5909423828125,138.5604635568482,128.73113875001064,137.86049956193577,377831000
2024-10-16,135.7106475830078,136.61057945313823,131.57093351648052,133.97076200865325,264879700
2024-10-17,136.92056274414062,140.88029674498213,136.86056931738727,139.3304004369883,306435900
2024-10-18,137.99049377441406,138.89042567419548,137.27054215149374,138.66044579007144,176090200
2024-10-21,143.70010375976562,143.70010375976562,137.99049051839003,138.12048644265874,264554500
2024-10-22,143.58010864257812,144.4100533191971,141.7702357215276,142.90016279151004,226311600
2024-10-23,139.55038452148438,142.42018195043707,137.45053832630117,142.0202156059464,285930000
2024-10-24,140.40032958984375,141.34026726626666,138.45046699393333,140.81030500321762,172354900
2024-10-25,141.53024291992188,144.12007609663013,140.7903036617806,140.9202843311163,205122100
2024-10-28,140.51031494140625,143.13012940104122,140.0403461288819,142.9901396648257,173586700
2024-10-29,141.24026489257812,142.25018978946702,138.89042075410222,140.28032434344357,157593600
2024-10-30,139.3303985595703,140.32033586087627,136.80057404730425,139.5303817319662,179418100
2024-10-31,132.7508544921875,137.60052669144986,132.10090534528118,137.59053287269725,270039600
2024-11-01,135.3906707763672,137.30054292300855,134.56074135376818,134.69072202720864,207127800
2024-11-04,136.04063415527344,138.95043742397988,135.56067148198048,137.20055793532484,187528200
2024-11-05,139.90036010742188,140.36031985674174,137.32053610774523,137.44052295404828,160537400
2024-11-06,145.59996032714844,146.47990453076164,141.95021810961643,142.9501491563635,242043900
2024-11-07,148.8697509765625,148.91973532669053,146.15993091069282,146.37991697911346,207323300
2024-11-08,147.6198272705078,149.7596791286017,146.24991134304443,148.75974806860012,175665800
2024-11-11,145.24998474121094,148.83974895267767,143.56011401444013,148.66974724045087,182325600
2024-11-12,148.27976989746094,149.63967674683425,145.9999283055317,146.76987949246217,198634700
2024-11-13,146.25991821289062,149.31970476911368,145.88993335100844,149.0597281902193,191903300
2024-11-14,146.7498779296875,148.98972901300397,145.53996988270669,147.62982215130063,194463300
2024-11-15,141.97021484375,145.23000003001434,140.0703518362645,144.86001514374476,250132900
2024-11-18,140.1403350830078,141.54024775288784,137.14054183607018,139.49038598259963,221866000
2024-11-19,146.99986267089844,147.1198647758357,140.98028855106583,141.31026763860282,227834900
2024-11-20,145.87994384765625,147.54982691113315,142.72015799039747,147.39984335305397,309871700
2024-11-21,146.65989685058594,152.8794696932069,140.69030679019977,149.3397202101669,400946600
2024-11-22,141.94021606445312,147.1498637894418,141.0902837872634,145.91993755545448,236406200
2024-11-25,136.01063537597656,142.0402188161131,135.81065220328685,141.98022539008,344941900
2024-11-26,136.9105682373047,139.29040920481154,135.66065432709954,137.69051329665368,190287700
2024-11-27,135.33067321777344,137.21054859333148,131.79092378994943,135.00069411944222,226370900
2024-11-29,138.240478515625,139.34040886007423,136.04063308446467,136.77057853610563,141863200
2024-12-02,138.62045288085938,140.44031954365505,137.8105111334031,138.82043604874252,171682800
2024-12-03,140.25033569335938,140.5303151909217,137.9404972096011,138.25047342063522,164414000
2024-12-04,145.1300048828125,145.7799540199716,140.2803327562802,141.99022171712366,231224300
2024-12-05,145.05999755859375,146.5399932861328,143.9499969482422,145.11000061035156,172621200
2024-12-06,142.44000244140625,145.6999969482422,141.30999755859375,144.60000610351562,188505600
2024-12-09,138.80999755859375,139.9499969482422,137.1300048828125,138.97000122070312,189308600
2024-12-10,135.07000732421875,141.82000732421875,133.7899932861328,139.00999450683594,210020900
2024-12-11,139.30999755859375,140.1699981689453,135.2100067138672,137.36000061035156,184905200
2024-12-12,137.33999633789062,138.44000244140625,135.8000030517578,137.0800018310547,159211400
2024-12-13,134.25,139.60000610351562,132.5399932861328,138.94000244140625,231514900
2024-12-16,132.0,134.39999389648438,130.4199981689453,134.17999267578125,237951100
2024-12-17,130.38999938964844,131.58999633789062,126.86000061035156,129.08999633789062,259410300
2024-12-18,128.91000366210938,136.6999969482422,128.27999877929688,133.86000061035156,277444500
2024-12-19,130.67999267578125,134.02999877929688,129.5500030517578,131.75999450683594,209719200
2024-12-20,134.6999969482422,135.27999877929688,128.22000122070312,129.80999755859375,306528600
2024-12-23,139.6699981689453,139.7899932861328,135.1199951171875,136.27999877929688,176053500
2024-12-24,140.22000122070312,141.89999389648438,138.64999389648438,140.0,105157000
2024-12-26,139.92999267578125,140.85000610351562,137.72999572753906,139.6999969482422,116205600
2024-12-27,137.00999450683594,139.02000427246094,134.7100067138672,138.5500030517578,170582600
2024-12-30,137.49000549316406,140.27000427246094,134.02000427246094,134.8300018310547,167734700
2024-12-31,134.2899932861328,138.07000732421875,133.8300018310547,138.02999877929688,155659200
2025-01-02,138.30999755859375,138.8800048828125,134.6300048828125,136.0,198247200
2025-01-03,144.47000122070312,144.89999389648438,139.72999572753906,140.00999450683594,229322500
2025-01-06,149.42999267578125,152.16000366210938,147.82000732421875,148.58999633789062,265377400
2025-01-07,140.13999938964844,153.1300048828125,140.00999450683594,153.02999877929688,351782200
2025-01-08,140.11000061035156,143.9499969482422,137.55999755859375,142.5800018310547,227349900
2025-01-10,135.91000366210938,139.9199981689453,134.22000122070312,137.4499969482422,207602500
2025-01-13,133.22999572753906,133.49000549316406,129.50999450683594,129.99000549316406,204808900
2025-01-14,131.75999450683594,136.3800048828125,130.0500030517578,136.0500030517578,195590500
2025-01-15,136.24000549316406,136.4499969482422,131.2899932861328,133.64999389648438,185217300
2025-01-16,133.57000732421875,138.75,133.49000549316406,138.63999938964844,209235600
2025-01-17,137.7100067138672,138.5,135.4600067138672,136.69000244140625,201188800
2025-01-21,140.8300018310547,141.8300018310547,137.08999633789062,139.16000366210938,197749000
2025-01-22,147.07000732421875,147.7899932861328,143.6699981689453,144.66000366210938,237651400
2025-01-23,147.22000122070312,147.22999572753906,143.72000122070312,145.0500030517578,155915500
2025-01-24,142.6199951171875,148.97000122070312,141.8800048828125,148.3699951171875,234657600
2025-01-27,118.41999816894531,128.39999389648438,116.69999694824219,124.80000305175781,818830900
2025-01-28,128.99000549316406,129.0,116.25,121.80999755859375,579666400
2025-01-29,123.69999694824219,126.88999938964844,120.05000305175781,126.5,467120600
2025-01-30,124.6500015258789,125.0,118.0999984741211,123.0999984741211,392925500
2025-01-31,120.06999969482422,127.8499984741211,119.19000244140625,123.77999877929688,390372900
2025-02-03,116.66000366210938,118.56999969482422,113.01000213623047,114.75,371235700
2025-02-04,118.6500015258789,121.19999694824219,116.69999694824219,116.95999908447266,256550000
2025-02-05,124.83000183105469,125.0,120.76000213623047,121.76000213623047,262230800
2025-02-06,128.67999267578125,128.77000427246094,125.20999908447266,127.41999816894531,251483600
2025-02-07,129.83999633789062,130.3699951171875,125.0,129.22000122070312,228186300
2025-02-10,133.57000732421875,135.0,129.9600067138672,130.08999633789062,216989100
2025-02-11,132.8000030517578,134.47999572753906,131.02000427246094,132.5800018310547,178902400
2025-02-12,131.13999938964844,132.24000549316406,129.0800018310547,130.02000427246094,160278600
2025-02-13,135.2899932861328,136.5,131.1699981689453,131.55999755859375,197430000
2025-02-14,138.85000610351562,139.25,135.5,136.47999572753906,195479600
2025-02-18,139.39999389648438,143.44000244140625,137.92999267578125,141.27000427246094,219176600
2025-02-19,139.22999572753906,141.36000061035156,137.22000122070312,139.50999450683594,167536000
2025-02-20,140.11000061035156,140.66000366210938,136.7899932861328,140.02999877929688,143903600
2025-02-21,134.42999267578125,141.4600067138672,134.02999877929688,140.0399932861328,228217600
2025-02-24,130.27999877929688,138.58999633789062,130.0800018310547,136.55999755859375,251381100
2025-02-25,126.62999725341797,130.1999969482422,124.44000244140625,129.97999572753906,271428700
2025-02-26,131.27999877929688,133.72999572753906,128.49000549316406,129.99000549316406,322553800
2025-02-27,120.1500015258789,135.00999450683594,120.01000213623047,135.0,443175800
2025-02-28,124.91999816894531,125.08999633789062,116.4000015258789,118.0199966430664,388160100
