Price,Close,High,Low,Open,Volume
Ticker,POWERGRID.NS,POWERGRID.NS,POWERGRID.NS,POWERGRID.NS,POWERGRID.NS
Date,,,,,
2007-10-05,32.545413970947266,35.4246808733301,26.900110589283805,29.051473270485566,855215656
2007-10-08,30.879337310791016,33.64537507515086,30.68522855070953,33.64537507515086,126671715
2007-10-09,32.982173919677734,33.273334876563496,29.229420508905978,30.89551235079529,116725709
2007-10-10,33.289512634277344,33.968891159536575,32.998351662859996,33.839484576934595,67931378
2007-10-11,37.00990295410156,38.8215770162382,32.99834178018052,38.8215770162382,106320954
2007-10-12,36.76728057861328,38.1422115851373,35.909971534483965,36.23348471248961,99410791
2007-10-15,37.252540588378906,37.753988515704634,36.9290274951083,37.52752759524435,41814972
2007-10-16,41.05382537841797,41.70085604656874,37.04226331862107,37.30107207553914,138614496
2007-10-17,44.25661087036133,45.29185033027703,34.32475309464953,36.880508327313116,204876259
2007-10-18,42.7037353515625,48.349040354809915,40.87588732647553,44.96832691239553,146617799
2007-10-19,42.558170318603516,44.28896671248295,40.43915635281395,41.733209075276584,110266491
2007-10-22,41.99200439453125,43.30223046365177,40.60089567672555,41.70084353338519,72253405
2007-10-23,44.98451232910156,45.388903743345445,43.02725525140456,43.02725525140456,74594921
2007-10-24,44.2889518737793,46.424139028048785,43.787503979074636,45.938865031784616,63055170
2007-10-25,44.19189453125,45.227138099078076,39.031859366115256,42.78461181458354,34522489
2007-10-26,45.51829147338867,46.246195752850824,43.755143796854384,44.96831759595796,62370025
2007-10-29,46.44031524658203,47.556437156688446,46.03592388609813,46.26238480313995,43657697
2007-10-30,47.475547790527344,48.75342155828727,45.68004793679414,47.0711565245414,79921711
2007-10-31,48.4622688293457,49.529864582852305,47.55643399721294,47.718190530659996,44655368
2007-11-01,47.37849807739258,50.031306919488635,46.99028503889122,49.65926777878566,50632492
2007-11-02,48.235809326171875,48.526974605161705,45.29183945447605,45.663883002534845,32001693
2007-11-05,49.22252655029297,50.306296226989275,47.91229596637288,48.20346124363972,38833135
2007-11-06,49.86955261230469,53.02380508184453,49.1901742797415,50.07983523268864,81880281
2007-11-07,49.141658782958984,51.50330297529513,48.04171497266445,50.79157669236471,33593141
2007-11-08,48.300506591796875,49.610736990740946,47.232915352295436,47.87994140967238,27990521
2007-11-12,49.46516036987305,50.33864740840499,45.56682526878262,46.844703642204024,35153735
2007-11-13,50.645992279052734,51.66505776839079,48.70491348491256,50.30630524524928,43830531
2007-11-14,49.982784271240234,52.24737584245198,49.7239711732027,51.53564530775749,36738579
2007-11-15,50.823909759521484,51.71357056935556,49.86954459016536,50.92096191087836,29242252
2007-11-16,50.46804428100586,51.616513746772306,49.88571821228216,50.597448611413526,18895294
2007-11-19,52.29591369628906,54.18846652716282,51.22832204191309,51.61653519444617,40716718
2007-11-20,51.487117767333984,53.54142665500563,50.856265520876896,52.08561782896024,26342171
2007-11-21,47.475547790527344,52.10178211823605,46.32707396237164,51.79444738884238,26814499
2007-11-22,45.841819763183594,48.882846610027244,43.85221494720686,46.974115686349094,34096185
2007-11-23,48.88283157348633,49.17399241515265,46.13296650373989,48.85047939376203,27664090
2007-11-26,49.271060943603516,50.69451783327973,48.882847821652355,50.69451783327973,20159123
2007-11-27,48.057884216308594,50.11219335595317,47.55644064766986,50.11219335595317,20573198
2007-11-28,47.34616470336914,49.3357743193289,47.02265151546394,49.109313332623884,16435311
2007-11-29,46.068267822265625,48.785776400459895,45.46976783834797,48.52696773127046,25530967
2007-11-30,47.84760284423828,48.1387637753224,46.26238943017807,46.90941567166612,18437721
2007-12-03,48.526981353759766,49.12548150568832,48.057885572752305,48.42992478462329,16851227
2007-12-04,47.8961181640625,49.254874720806264,47.54025293368422,48.850483410814256,14008727
2007-12-05,49.80485916137695,49.98279402373219,47.87995858302238,47.97701077126861,27725290
2007-12-06,48.88283157348633,51.64886615120565,48.25197942660415,50.88860967335246,24104710
2007-12-07,48.67256546020508,49.88573981038399,47.79908256083311,49.19018739386703,11742386
2007-12-10,48.721107482910156,49.31960346039452,48.09025491624451,49.14167293540118,8330010
2007-12-11,48.49462890625,49.432816075349976,48.25199406658996,49.157829046149764,11685950
2007-12-12,48.4622688293457,48.8990123472381,47.55643399721294,47.87994706410704,16342131
2007-12-13,47.653480529785156,49.17399351964359,47.47555011919431,48.52696746232958,14620172
2007-12-14,47.184391021728516,47.92847371720019,46.941756218669084,47.49173019410786,10991851
2007-12-17,44.33747482299805,47.71818794395025,43.67427043906008,47.45937487170864,19355678
2007-12-18,44.14337921142578,45.61536226751016,42.768448343769535,43.8360399681903,21607783
2007-12-19,43.334598541259766,45.955056028646666,42.962559282885934,45.56683847943079,19526912
2007-12-20,42.897850036621094,44.25660691705124,42.70374128399857,43.90074160189786,17105204
2007-12-24,44.20808410644531,44.90363649935758,43.18901417653636,43.54487951809759,16711519
2007-12-26,45.55064010620117,46.10061394081685,44.450696824895545,44.450696824895545,20930094
2007-12-27,45.87417984008789,47.13588035095604,45.48596227308464,46.48885399790281,44565277
2007-12-28,46.23004150390625,46.4241502718391,45.291849856885435,45.777119582753606,18354518
2007-12-31,46.56971740722656,46.84470439696735,46.00356952925953,46.58589569363889,11982308
2008-01-01,47.427040100097656,47.86378375464772,46.37562230370181,46.812365958251874,16687746
2008-01-02,47.168216705322266,47.782890656706414,46.472664486968455,47.4270254044545,13437280
2008-01-03,49.10930252075195,49.303411268345904,46.31091493904881,46.87706289324015,31815218
2008-01-04,48.850494384765625,50.46805998810944,48.52698126409687,49.82103374677192,28011310
2008-01-07,48.446109771728516,49.56222756165882,47.92848782854883,48.543161966356145,15858063
2008-01-08,46.79618453979492,49.17400682120997,46.230036586502166,48.494628399673175,13282666
2008-01-09,46.052101135253906,47.054992659791424,45.93887066849642,46.8447100146289,13113527
2008-01-10,44.9521598815918,47.55644320720231,44.644820653351026,46.26239068901402,18023003
2008-01-11,45.631526947021484,46.068270440536295,43.83602689322203,45.566822582083525,11629440
2008-01-14,46.32709503173828,46.81236477162003,44.984516295651055,45.71242090547368,10264240
2008-01-15,44.91980743408203,47.265277609880734,44.54776821481673,47.071173243605,11558334
2008-01-16,43.99779510498047,44.9683345092994,42.88167742277033,44.596295281896026,14834065
2008-01-17,45.17863082885742,46.18152263005387,43.22137332905351,44.15956073484556,16169395
2008-01-18,43.075775146484375,44.85509693192632,42.703731626459785,44.806566463800266,13254156
2008-01-21,35.74821090698242,42.70374344833289,31.13814644723972,42.70374344833289,33202389
2008-01-22,32.15721893310547,33.96889367180858,25.54137245296064,32.22192113220967,58755707
2008-01-23,35.74821090698242,37.12314175817961,32.67483606312989,32.67483606312989,28425991
2008-01-24,35.82908248901367,38.36866105191106,34.13063881412348,37.67310880549381,29911930
2008-01-25,37.67310333251953,37.851033746012135,36.152590317863954,37.527520712079145,12550722
2008-01-28,38.077510833740234,38.368671810635824,34.130648384489994,37.15549741696402,13601109
2008-01-29,37.446651458740234,38.7245300052494,36.88050351321065,38.174555960135415,7679877
2008-01-30,35.37616729736328,37.68928509516925,34.907071545085024,37.527528544442575,9016102
2008-01-31,33.063045501708984,35.8452588999986,32.67483023993831,35.748204536065046,41538563
2008-02-01,34.211517333984375,34.45415214645339,33.32185635493134,33.62919334526605,9089201
2008-02-04,35.97465896606445,36.395226363649414,34.85853939883135,34.85853939883135,12009385
2008-02-05,37.09079360961914,37.576063374704376,35.26294503871708,36.039375785267794,14593303
2008-02-06,36.76728057861328,37.20402424650657,34.71297321465588,36.071728123486785,12429218
2008-02-07,35.03647994995117,37.511356622978276,34.81002120578259,36.26583023910545,11300078
2008-02-08,34.130645751953125,35.55410271981616,33.499793360730884,35.26294176537816,13514197
2008-02-11,31.72047233581543,34.61591687089913,31.380783079267527,34.61591687089913,15133331
2008-02-12,31.154308319091797,32.88510371325532,30.895497485296847,32.67482114490105,10237627
2008-02-13,30.70140266418457,32.10868340504269,30.070552525595502,31.704292009285115,10395753
2008-02-14,33.38656997680664,33.726259269492225,31.38078641769722,31.38078641769722,12514003
2008-02-15,34.34092330932617,34.615910320678914,32.367492530587185,33.25715355159903,12080990
2008-02-18,34.146820068359375,35.11736171417577,33.85565911038923,35.11736171417577,6977153
2008-02-19,33.7747802734375,34.842374091905114,33.51596931835991,34.76149580556611,7226542
2008-02-20,32.93364715576172,33.46744519338648,32.56160789429687,33.451269096374084,5604999
2008-02-21,33.160099029541016,33.72624691192104,32.755707684983854,33.46743601261176,3874365
2008-02-22,32.739524841308594,32.94980741953132,31.720457546784697,32.06014664495933,2691220
2008-02-25,33.0145149230957,33.418906249680866,32.221908361781445,33.12774537212489,6270186
2008-02-26,33.14392852783203,33.61302212785445,32.98217196272335,33.32186118824435,7139423
2008-02-27,35.08500671386719,36.81580061478634,33.629197652588985,33.629197652588985,43223132
2008-02-28,36.07172393798828,36.34671098497127,34.93942794635183,35.424697657053166,35763847
2008-02-29,35.55409622192383,36.55698767096812,34.97177441947337,35.84525931711259,16477462
2008-03-03,34.06593322753906,35.19823116437044,33.67771798306273,34.001231052453576,10049153
2008-03-04,33.19245529174805,34.421805650254555,32.35132245253276,34.2924012731334,11485198
2008-03-05,33.807125091552734,33.968881628948424,32.3836662460926,33.35420547046673,8581053
2008-03-07,32.07632827758789,33.321854454824084,30.733747742105706,33.321854454824084,14251925
2008-03-10,31.962533950805664,32.19014051717621,30.12542113035572,32.125110384653766,11713659
2008-03-11,34.59626388549805,34.921416666956674,30.95455317417813,31.70240280746623,19665129
2008-03-12,33.718360900878906,35.766824416976,33.393208031818546,35.53921784965055,12262350
2008-03-13,29.084930419921875,33.16560158791613,28.28830632877622,32.840448717645735,47000084
2008-03-14,31.084611892700195,31.214672116923847,29.2962716816668,29.897802975055313,35798540
2008-03-17,29.865293502807617,30.4993410499321,29.231245955683136,30.4993410499321,19211273
2008-03-18,30.125415802001953,30.710691301352856,29.328789652980205,29.816518868258687,12632937
2008-03-19,30.304256439208984,33.75087560365671,30.109163831467917,31.53983560462221,16449023
2008-03-24,30.596887588500977,31.442285795052648,29.930323872383354,31.442285795052648,11636914
2008-03-25,31.751174926757812,31.94626525955091,30.82448867946997,31.393506009012228,13232423
2008-03-26,31.556087493896484,32.320197484929714,31.214676599922417,31.539829412262744,11448313
2008-03-27,32.12510299682617,32.43399991416758,31.08461450049683,31.08461450049683,17425122
2008-03-28,32.190128326416016,32.43399508991712,31.344732513617103,32.27141651255533,11599511
2008-03-31,31.962533950805664,32.33646107170671,31.5398347817838,32.19014051717621,9914705
2008-04-01,32.027557373046875,32.482772615497154,31.621116373582456,32.190133772832645,6034588
2008-04-02,32.54780578613281,33.49075031635249,32.190136791035044,32.190136791035044,6087024
2008-04-03,32.287689208984375,32.775418546638676,32.02756645455191,32.629100186359224,3883474
2008-04-04,32.12510299682617,32.499030031735,31.50731357231036,32.499030031735,5906537
2008-04-07,31.995040893554688,32.3201936674902,31.62111388047882,32.17387536023589,4088729
2008-04-08,31.18214988708496,32.011289660420665,30.954543452562916,31.94625736048631,5753811
2008-04-09,31.263439178466797,31.5398176427717,30.90577033632774,31.279697254033632,3776374
2008-04-10,31.88123893737793,32.10884545522687,31.10087310330053,31.21467525968323,7075297
2008-04-11,32.027557373046875,32.35271017261841,31.70240457347534,32.190133772832645,4012660
2008-04-15,32.515281677246094,32.67785804153066,31.27970086766675,31.832460065217674,6362785
2008-04-16,32.07632827758789,33.06804465408178,31.946265848245805,32.84043815908728,4725794
2008-04-17,33.31190872192383,34.07601638672283,32.206388012198744,32.56405693109754,14831167
2008-04-21,33.84841537475586,34.433690879936364,33.4907486030393,33.81590141646362,7639361
2008-04-22,34.40117645263672,34.79136161250374,33.490750293170336,33.815903123003686,8814769
2008-04-23,34.433685302734375,34.84012625368379,33.978472319704345,34.46620146084364,5265604
2008-04-24,33.2143669128418,34.85638901632969,32.92173027087046,34.791358896456465,8801780
2008-04-25,33.49073791503906,33.96220890302563,33.035522798469,33.815890624696415,4095990
2008-04-28,33.62080764770508,34.271113251368604,33.4907474090058,33.52326136613884,4708244
2008-04-29,34.0922737121582,34.417426465757394,33.65331881784924,33.81589519464883,6497143
2008-04-30,34.31987380981445,34.75883082749222,34.141041592692154,34.43367813442212,6331377
2008-05-02,34.628787994384766,35.60424656266784,34.56375565909875,34.840136468812524,5658418
2008-05-05,34.46621322631836,35.27909540570473,34.23860445202295,35.084002800618386,7642293
2008-05-06,34.17356872558594,34.85639052654836,33.97847835751359,34.189826807529556,5061166
2008-05-07,33.68584060668945,34.36866243012981,33.16559740295353,34.141055890677606,4303106
2008-05-08,33.279396057128906,33.62080693280938,33.08430570322829,33.425714373825244,3642073
2008-05-09,33.08430480957031,33.945958810794686,32.58031755004437,32.84044021996906,8621761
2008-05-12,33.08430480957031,33.328169399171564,32.3527088356831,33.08430480957031,4890395
2008-05-13,33.18185806274414,33.4257227198226,32.90547944110567,33.23063231721027,5056766
2008-05-14,33.230621337890625,33.40945580167848,32.515285687822534,32.515285687822534,2982486
2008-05-15,33.246883392333984,33.62080823898318,32.51528957534622,32.51528957534622,2646760
2008-05-16,33.50699996948242,33.60454624139637,33.100559007410425,33.49074409506622,4422288
2008-05-20,33.44197463989258,33.57203708940892,33.100563741902214,33.16559606920221,3464912
2008-05-21,33.65332794189453,34.14105720452583,32.67786941663195,32.67786941663195,3419088
2008-05-22,33.19810485839844,33.3606812411659,32.84043813936002,32.84043813936002,3558000
2008-05-23,32.645355224609375,33.45823737815288,32.515294962076005,33.0030242542021,4417028
2008-05-26,32.4014892578125,32.59658184874426,30.88952719080107,30.88952719080107,2605807
2008-05-27,31.4260311126709,32.807930734927155,31.27971277015466,32.45026171536845,3316550
2008-05-28,32.580322265625,32.77541264249274,30.987072059911032,31.539831435328622,4505700
2008-05-29,33.1168212890625,33.49074834466589,32.157620937877496,32.92173092556317,11026212
2008-05-30,32.06007385253906,33.32817110647657,31.930013613455838,33.19810866230977,4023430
2008-06-02,30.69443702697754,32.51529387189863,30.23922171320532,31.86498596578347,4431595
2008-06-03,29.556398391723633,30.564370780506355,29.28001762096181,30.23921797023768,6240766
2008-06-04,28.645965576171875,29.735225996189758,28.46713111763662,29.42633131603792,5762089
2008-06-05,28.597190856933594,28.80854146985,27.637990674710146,28.613448935632277,9721099
2008-06-06,28.288299560546875,29.475108576129525,27.881858569953536,28.450875956784213,6317089
2008-06-09,27.898120880126953,28.58094272987731,26.662539640384512,27.963151007464173,6500809
2008-06-10,27.703031539916992,27.93064031989949,27.068983865169972,27.638001404958032,6717902
2008-06-11,27.833084106445312,28.288297094188003,27.637991565936552,27.963144330062278,2586175
2008-06-12,28.028186798095703,28.19076325183039,26.662545027741206,27.47542729641463,3244212
2008-06-13,27.849346160888672,28.25578717406129,27.556707308354216,27.979406403070463,4248430
2008-06-16,28.824810028076172,29.26376508202738,27.995669763834066,28.09321606640679,4354615
2008-06-17,29.686460494995117,29.914067035436293,28.32081904726429,29.23124741411276,4736084
2008-06-18,29.65394401550293,30.304251875000443,29.588913891078295,29.588913891078295,5055019
2008-06-19,29.019887924194336,29.588905204761886,28.54841690416927,29.06866215700712,4221271
2008-06-20,28.353334426879883,29.377567217772313,27.979409534939325,29.263762839311863,3837789
2008-06-23,27.361616134643555,28.223272449539053,27.085237554649087,28.12572616038888,4516050
2008-06-24,26.51622200012207,27.76806135589979,26.23984119531383,27.36161808791195,5238203
2008-06-25,25.784631729125977,26.32113312590961,25.19935607485388,26.01223831548618,3933879
2008-06-26,27.247806549072266,28.41835728998502,25.930937516816197,25.930937516816197,18253250
2008-06-27,26.044740676879883,26.92265486964354,25.898422379780346,26.337379476162177,6821283
2008-06-30,25.524503707885742,26.272355656075224,24.792909842173287,26.028491034171072,4596315
2008-07-01,23.719907760620117,25.5245066088259,22.80947929435482,25.5245066088259,6202295
2008-07-02,24.76038360595703,25.020506204533593,22.972043772732096,23.73615349259771,5245963
2008-07-03,24.110088348388672,24.7603940156893,23.411010638074004,24.549045555850107,4726793
2008-07-04,24.435239791870117,24.906710932823394,23.573585713751488,23.736162121327354,4862814
2008-07-07,24.971736907958984,25.979711349575695,24.760388495240942,24.760388495240942,5528014
2008-07-08,25.703336715698242,26.337384254895177,23.085853946151765,23.085853946151765,8354280
2008-07-09,27.49167251586914,27.605474657170003,26.04474099077082,26.04474099077082,6860769
2008-07-10,28.694746017456055,29.03615695560955,26.727570807223,27.49168089713396,7216175
2008-07-11,27.329105377197266,29.328794616207215,27.117754691760155,28.971127787526246,6040791
2008-07-14,27.345354080200195,28.32081462492689,26.662534565499946,26.662534565499946,5942149
2008-07-15,26.207317352294922,26.955169130014035,26.012227022292052,26.66253253246811,3693378
2008-07-16,25.491985321044922,26.662536286192882,25.05302815784355,26.20732104193154,6973872
2008-07-17,26.792585372924805,26.987677854276136,26.012219857684755,26.012219857684755,5038238
2008-07-18,28.288299560546875,28.515906074262446,26.483701121295752,27.280325021841996,5983177
2008-07-21,29.881549835205078,30.060384313689653,28.304557895500434,28.77602900780812,8754188
2008-07-22,31.100868225097656,31.37724673731986,29.62142278350672,29.881545422426534,12631056
2008-07-23,33.29566192626953,33.94596766822201,31.897504140054888,32.482779748828925,12798869
2008-07-24,32.12510299682617,33.913443357889676,30.125414202397653,30.125414202397653,10764301
2008-07-25,32.190128326416016,33.230618873065715,30.970805534326377,31.78368739571947,10710381
2008-07-28,31.930009841918945,32.82417994397757,31.572340919062178,32.19013028936026,5533881
2008-07-29,30.64565086364746,31.70239721704051,30.40178632055676,31.214668130859103,5145929
2008-07-30,31.930009841918945,32.19013028936026,30.922035390292272,30.922035390292272,7354746
2008-07-31,30.808231353759766,32.48276943040687,30.401790394148822,32.48276943040687,6006517
2008-08-01,31.702409744262695,31.83247220835514,29.26376334972339,30.320510120690425,4699412
2008-08-04,31.897493362426758,32.482768773446054,31.068353380573036,31.068353380573036,4301346
2008-08-05,33.32815933227539,33.572023848216446,31.702393687585563,32.02754637550697,9161115
2008-08-06,32.4827766418457,34.51498189106642,32.25517009494975,34.51498189106642,8616591
2008-08-07,32.4014892578125,33.133083166180775,31.393514546471547,31.393514546471547,4809365
2008-08-08,31.848718643188477,32.645342399685774,31.734914304367532,32.02755088264553,4883824
2008-08-11,32.14136505126953,32.61283621827784,31.897500426428977,32.2551694248953,2714705
2008-08-12,31.588607788085938,32.515294306474466,31.344743146939898,32.35271567395985,5801276
2008-08-13,31.718666076660156,32.02756082856367,30.970814115941693,31.21467874193138,2754609
2008-08-14,30.954545974731445,31.86497178700089,30.88951366949827,31.539819081166684,2566362
2008-08-18,30.596887588500977,31.53982987612243,30.304250935124298,30.88952424187766,2963058
2008-08-19,30.027870178222656,30.726947853460626,29.41007850223491,30.54811556799301,2941144
2008-08-20,30.369281768798828,30.61314638735207,30.157931109669118,30.239219315853532,3319410
2008-08-21,30.044132232666016,30.54811960719216,29.68646320427096,30.23922262581281,4138486
2008-08-22,29.735231399536133,31.084616918157714,28.971123599792904,31.084616918157714,4139879
2008-08-25,30.06038475036621,30.4668257505156,29.849034107238403,30.4668257505156,2034227
2008-08-26,30.109148025512695,30.206694278175814,29.556388867198905,29.751479167442234,1489491
2008-08-27,29.507631301879883,30.483089969206407,29.345054857325458,30.27174147331932,4297168
2008-08-28,29.068668365478516,29.914064325545407,28.694741321049698,29.58891152434655,7382078
2008-08-29,30.271728515625,30.385532860133253,29.45884664080378,29.588906858741893,2219080
2008-09-01,30.255346298217773,30.386391814458122,29.649255786582543,30.206202563286435,3417069
2008-09-02,31.84429168701172,31.975337231399976,30.206209051425922,30.4683023619912,5030404
2008-09-04,31.172677993774414,31.746006133467912,30.910584685556785,31.483912825250282,2813325
2008-09-05,30.484678268432617,30.82867553940658,30.140680997458663,30.795913048156347,3330688
2008-09-08,32.089996337890625,33.38407912156388,31.778759353718424,32.10637536081485,8377948
2008-09-09,32.204673767089844,32.466767124223786,31.467537449907034,32.090009450823786,3737279
2008-09-10,31.92618751525879,32.4667530243841,31.614950539071536,32.04085178172782,3847698
2008-09-11,31.07439613342285,31.778769893580023,30.82868404660677,31.778769893580023,2567354
2008-09-12,31.385623931884766,32.23742652976112,30.87781862245034,31.287338674931576,6093354
2008-09-15,29.403545379638672,30.714009500609073,28.518982542341327,30.238966701114983,6770268
2008-09-16,29.976869583129883,30.238962818025346,27.847365660009924,28.256885645225303,4654621
2008-09-17,29.206979751586914,30.402777482041298,28.830219949460247,30.402777482041298,4674190
2008-09-18,29.141462326049805,29.714790579943234,27.04471988624095,28.830227432579782,6603710
2008-09-19,30.910581588745117,31.074389612246254,29.48545089556984,29.829448189279926,9821730
2008-09-22,30.238977432250977,33.08923968428658,29.9932653223713,31.77877287647245,4162514
2008-09-23,29.878591537475586,30.550204919319697,29.321644667820216,29.878591537475582,6569683
2008-09-24,30.566593170166016,30.894209312292922,29.58374474378528,29.976883669979742,5730103
2008-09-25,29.61650276184082,30.779540334628607,28.912126829859208,30.648492564549116,10926783
2008-09-26,29.141462326049805,29.780315586390966,28.633659078604115,29.780315586390966,4967945
2008-09-29,28.060321807861328,29.976874307656008,27.519754009107597,29.976874307656008,7859964
2008-09-30,28.109466552734375,29.157837556134595,26.53690893673968,26.53690893673968,6616439
2008-10-01,29.04317855834961,29.321650941868604,27.896519856473844,28.46985031830629,3743739
2008-10-03,29.452695846557617,29.813072229089713,28.666415861254215,29.19060251812315,4681406
2008-10-06,28.846601486206055,29.48545236534794,28.256892127848687,29.125076028754666,5560277
2008-10-07,29.796688079833984,30.435541200032503,28.830221108210022,28.830221108210022,9928258
2008-10-08,29.567359924316406,29.813072001260583,27.552519560300787,28.797463416297973,9985473
2008-10-10,29.387155532836914,30.0587686426265,27.208510458077345,29.45268049713853,9025179
2008-10-13,29.976869583129883,30.20620033049287,29.338018850551517,29.534589332170142,6805621
2008-10-14,29.256114959716797,31.090765388857253,29.02678421152127,30.140677686635613,5099383
2008-10-15,29.010404586791992,29.63287411260444,28.699169823885764,29.09230858870354,5495022
2008-10-16,27.896509170532227,28.600884928700292,27.355943639988503,28.600884928700292,6651066
2008-10-17,25.799768447875977,28.666408645932744,25.423008688772647,28.469840365424716,5586092
2008-10-20,26.094619750976562,27.126611467214943,25.275579764337284,25.89805148725603,7922965
2008-10-21,26.307571411132812,27.683558140697038,25.55405418105607,26.35671292148619,8047276
2008-10-22,24.86606788635254,26.24205506861856,24.620355810169716,26.04548674074563,5408099
2008-10-23,23.653886795043945,24.47292698112551,23.293508224452577,24.24359617338041,6641370
2008-10-24,20.590669631958008,23.26073897462359,20.31219516082884,22.933122995313063,9905588
2008-10-27,19.001739501953125,20.312203988737615,17.03604277177639,20.213918707870974,12878172
2008-10-29,21.508005142211914,22.867611220245312,19.656972637540342,21.622669456936553,13094201
2008-10-31,22.883995056152344,23.58837116240126,21.753719701694045,22.638282925974913,8097887
2008-11-03,23.588361740112305,24.210831332536067,22.769319411561778,24.17806883955019,4951148
2008-11-04,24.62035369873047,24.816924231534408,23.146081368067,23.260745660712058,4515828
2008-11-05,23.719411849975586,25.816156261353857,23.260747968523038,25.816156261353857,6145587
2008-11-06,22.933130264282227,24.489308881047375,22.458087388068236,23.26074634743515,4896229
2008-11-07,24.718643188476562,25.45577947975292,22.605517376053083,22.769325440781163,8250147
2008-11-10,25.27557373046875,25.84890158424952,24.71862711686781,25.4885231874437,3775177
2008-11-11,24.98073387145996,26.02910492952185,24.407405706074208,25.39025398959264,8900004
2008-11-12,23.932363510131836,25.52130265097136,23.6375098778348,25.52130265097136,5705390
2008-11-14,23.8504581451416,24.8988314943181,23.555604529303825,23.71941258738903,4038880
2008-11-17,24.833297729492188,25.652339952651033,22.605508481406375,25.652339952651033,5361538
2008-11-18,23.49007797241211,24.767779731262564,23.03141415046912,24.767779731262564,6392448
2008-11-19,22.9167537689209,24.325503526445534,22.621897928440482,23.588367257928006,5606729
2008-11-20,22.67103385925293,23.09693289005528,21.704564863139893,22.933124886888763,5080395
2008-11-21,24.112550735473633,24.8660682236808,21.95028354701636,22.523611732553935,8350092
2008-11-24,24.718643188476562,25.11178209946614,23.49008270301597,24.833307500712774,5420119
2008-11-25,24.112550735473633,25.275588356207635,23.9159824049341,24.980734749503878,5453771
2008-11-26,24.653108596801758,25.029866076473976,23.670260679269354,24.374634131452375,5246053
2008-11-27,24.653108596801758,24.653108596801758,24.653108596801758,24.653108596801758,0
2008-11-28,24.259977340698242,24.73502246798089,23.293510280185668,23.915982209616182,8464961
2008-12-01,24.063405990600586,25.685105054200424,23.96512072757877,24.73501936249629,5733003
2008-12-02,23.8504581451416,24.112551482435727,23.096940633591863,23.883220645474236,5879324
2008-12-03,24.571218490600586,24.882453396029014,23.342657899338946,24.07979425409593,6430656
2008-12-04,25.750625610351562,25.881673357053423,21.786470709364973,21.786470709364973,4648185
2008-12-05,25.439390182495117,26.66795027936466,24.587587626616884,24.587587626616884,5338962
2008-12-08,25.504913330078125,26.340334652976,24.40740095997091,26.127385121671313,11709287
2008-12-10,25.095396041870117,26.700716101796164,24.735019701568174,26.700716101796164,11172070
2008-12-11,24.81692123413086,25.53767606437759,24.423780216006804,25.53767606437759,9867592
2008-12-12,24.047025680541992,24.325500232994635,23.522839071850676,24.21083371803444,9847702
2008-12-15,24.44016456604004,24.980732423720273,24.243596253801623,24.866065908573,5741641
2008-12-16,25.373872756958008,25.685107602582832,23.26074716859249,24.571213769255404,9183505
2008-12-17,25.34110450744629,26.04548028430186,24.66949122134245,26.04548028430186,8720755
2008-12-18,26.094619750976562,26.37309423514918,24.767774528263303,24.767774528263303,12640018
2008-12-19,27.35594367980957,27.68355969195861,26.061860876178525,26.864519661586012,10050607
2008-12-22,27.372333526611328,27.60166436282589,26.422245459738168,26.422245459738168,6524631
2008-12-23,26.815378189086914,27.634418288561395,26.618809898286116,27.192137967918253,5151765
2008-12-24,26.35671043395996,27.175750341136894,22.11408193735309,22.11408193735309,13318746
2008-12-26,26.405860900878906,27.79822921559963,25.717868478443055,27.79822921559963,5480531
2008-12-29,26.96280860900879,27.175758157408005,25.881675176222863,26.700715318971508,3418418
2008-12-30,26.913663864135742,27.355946413448898,25.914434482872004,26.89728261753368,4868199
2008-12-31,27.241287231445312,27.65080739763283,26.635198718561245,27.65080739763283,4396180
2009-01-02,27.634422302246094,28.09308615764224,27.1102378955218,28.09308615764224,3976548
2009-01-05,27.01195526123047,28.093088899435816,26.667957891557542,28.093088899435816,4505326
2009-01-06,26.815378189086914,28.0439405600871,26.37309786844377,28.0439405600871,3969700
2009-01-07,25.40663719177246,27.749093985483366,23.80131895361777,27.749093985483366,12109220
2009-01-09,25.27557373046875,27.519743646839967,24.014251563435998,27.519743646839967,5272587
2009-01-12,24.60396957397461,25.88167344423224,23.621121468448017,25.88167344423224,6595708
2009-01-13,24.24359130859375,24.88244208118605,23.883212810316934,24.57120731728603,4104761
2009-01-14,24.292739868164062,24.702259997825443,23.621126411161626,24.702259997825443,2777281
2009-01-15,23.932363510131836,24.292742146751863,23.424560279152395,24.07979254806946,3693599
2009-01-16,24.685876846313477,25.046255421365032,23.752172355697812,24.767780865935308,2131503
2009-01-19,25.635957717895508,25.84890722130991,24.587584779211344,25.357483239472256,2587926
2009-01-20,28.502605438232422,29.157837593930495,24.57121250404397,25.668725031765014,19101726
2009-01-21,26.60243034362793,29.12507578785897,26.24205178822675,29.12507578785897,11311625
2009-01-22,27.863746643066406,28.240504137224143,26.274808226582554,27.454226661682746,10535551
2009-01-23,28.256887435913086,28.600884689651323,26.99556491280229,28.32241019334221,7005930
2009-01-27,29.174217224121094,29.56735605137794,27.1921396187066,28.174987797743018,8487928
2009-01-28,29.829444885253906,29.97687164571766,28.830215608217827,29.78030337236208,6636133
2009-01-29,29.63288116455078,30.43554235172949,28.51898736218787,30.43554235172949,13844487
2009-01-30,28.912128448486328,29.141459281728352,28.174992199058348,29.125080253616662,4578388
2009-02-02,27.388710021972656,29.157838212991727,26.995571164564673,28.83022212818695,6678800
2009-02-03,27.83100700378418,28.50262076897422,25.09541039363031,25.09541039363031,6591337
2009-02-04,28.259408950805664,29.528199333377653,27.056529263509802,28.836131445621533,7225484
2009-02-05,28.09463882446289,28.836139378940004,27.814515498794208,28.01224987396543,3622655
2009-02-06,28.473630905151367,28.81966272833461,28.17702932606702,28.325328998137476,2228530
2009-02-09,28.49009895324707,29.59411153640423,27.74859856499182,29.59411153640423,3190528
2009-02-10,28.44066619873047,29.050345183516274,27.91337614513502,28.902043319419384,3258153
2009-02-11,28.506587982177734,28.671365908636385,27.517920423425824,28.341810055719083,1899711
2009-02-12,29.89072036743164,30.220276201054464,28.177030479581685,28.49010807453466,8517373
2009-02-13,30.912328720092773,31.225406156791536,30.319128072433735,30.483905905953332,9331167
2009-02-16,29.478769302368164,31.439627883111196,29.050348597780562,31.439627883111196,3238379
2009-02-17,28.177032470703125,29.44582341378712,28.02873278208201,29.44582341378712,2684742
2009-02-18,28.95148468017578,29.297518717778406,27.36961639038041,28.17702765482434,4576718
2009-02-19,29.050355911254883,29.660032886239897,28.62193286386803,29.000921193319698,5072418
2009-02-20,28.44066619873047,28.902043319419384,28.09463224074238,28.671354759074926,3336292
2009-02-24,30.253236770629883,30.54983840197667,27.02358871727582,28.539546650975844,9913081
2009-02-25,30.17084312438965,31.62089010467098,29.8577655356171,30.582787908286022,7821109
2009-02-26,30.615737915039062,30.780515793775578,29.511725233527216,30.302658157485276,9451371
2009-02-27,31.93396759033203,33.120369458100214,30.022543352235946,30.154364788679754,35406885
2009-03-02,30.450956344604492,31.159500243294524,30.02253346484047,30.319132716631007,9682882
2009-03-03,29.36343765258789,30.81348268719197,29.165703222894635,30.61575049244265,6218930
2009-03-04,30.17084312438965,30.467444709761132,29.495253231810896,29.923676254051824,6597422
2009-03-05,30.220266342163086,30.599256768155723,29.758889219585654,30.599256768155723,6109769
2009-03-06,30.50038719177246,30.615732580768256,29.660019709647383,29.758886866651974,3962742
2009-03-09,29.973106384277344,30.64869622389046,29.692985294155147,30.64869622389046,2964226
2009-03-12,30.846435546875,31.126558916876576,30.022545911509976,30.96178098980357,6091612
2009-03-13,31.27484703063965,31.47257912898803,30.516868399613728,31.307801262892955,6329765
2009-03-16,31.604400634765625,31.83508918477688,30.56629880730093,31.472577009800126,8232474
2009-03-17,31.736230850219727,32.230564552687035,31.340764335234542,31.818619800630945,4981205
2009-03-18,31.505535125732422,32.411813375722474,28.34179924997185,28.34179924997185,4007849
2009-03-19,31.703275680541992,31.884529578172284,30.319139566302756,30.319139566302756,3286397
2009-03-20,31.835100173950195,32.082267041769626,31.324288200134685,31.620889782484078,3154546
2009-03-23,32.36238098144531,32.62602377588342,31.57144589330253,31.62088059346679,7034396
2009-03-24,32.42829132080078,33.0050138383949,31.966911965759806,32.790801276608555,7551877
2009-03-25,31.9833984375,32.62603181850801,31.522021198556647,32.14817634211453,5666796
2009-03-26,31.719757080078125,32.93911550583474,31.077123623360542,32.93911550583474,9588411
2009-03-27,31.159503936767578,32.13169297169968,30.87938288463759,32.13169297169968,6291705
2009-03-30,31.159503936767578,31.868050154387454,28.83613540586679,31.868050154387454,4842258
2009-03-31,31.505535125732422,32.2305572787359,29.676500392400303,32.2305572787359,7683950
2009-04-01,30.30265998840332,32.92263020656961,30.154360335568644,32.92263020656961,7321541
2009-04-02,30.846435546875,31.307812848701943,30.533357932425023,30.945302750107537,9185217
2009-04-06,30.483919143676758,31.42315409658073,30.269708761056805,30.978252858901296,6958026
2009-04-08,32.09874725341797,32.52717029763366,29.495254744687884,30.154366432729386,16888845
2009-04-09,31.620887756347656,33.252188532440144,31.390196906543135,32.79080906777443,7959989
2009-04-13,31.192455291748047,32.13168770303783,30.73107596721842,31.802132000492083,6786405
2009-04-15,31.999876022338867,32.21408639999177,30.978252140586587,30.978252140586587,9517190
2009-04-16,31.17599105834961,32.56012518356039,30.895867691427014,32.42830373732837,16019178
2009-04-17,32.13169479370117,33.48287436628739,31.011206051758798,31.901006198000463,24728264
2009-04-20,33.58174514770508,34.2408567689398,31.489064856307497,33.25218933708772,20235831
2009-04-21,32.955589294433594,33.69708985241345,32.658987730275655,33.41696652542151,8757532
2009-04-22,31.85157585144043,33.746521685713134,31.390196394303715,33.746521685713134,10270548
2009-04-23,32.972068786621094,33.23571390435285,31.32428959447708,32.115224947672345,7645123
2009-04-24,32.972068786621094,33.48288078317445,32.32943534867364,33.416970062477404,4953362
2009-04-27,31.884536743164062,32.95559554270297,31.653848083932317,32.95559554270297,6298942
2009-04-28,30.319135665893555,32.59307167893918,30.15435779110516,32.24703769489496,8020828
2009-04-29,30.516868591308594,31.143023592426005,30.055489222378473,30.945291492835544,10317407
2009-04-30,30.516868591308594,30.516868591308597,30.516868591308597,30.516868591308597,0
2009-05-04,30.994733810424805,31.60441300656512,30.82995589092132,31.25837892861909,6346688
2009-05-05,31.620887756347656,31.96691956116779,30.813474251918485,31.30780795588247,10754066
2009-05-06,31.75270652770996,32.49420702163869,31.390194281145334,31.950440886734878,8162872
2009-05-07,31.999876022338867,32.26352111133397,31.47258584434866,31.966919548110734,6552316
2009-05-08,32.0822639465332,33.28514392816891,31.505541310595653,31.966918525368396,16052278
2009-05-11,32.0822639465332,32.939109899617726,31.8680535757337,31.999874998542126,8177989
2009-05-12,33.35105514526367,33.49935480690758,31.686797923620666,32.39534199311006,9045014
2009-05-13,32.69194412231445,33.763000481144815,32.37886432177861,33.61470081691081,8210662
2009-05-14,32.74137878417969,33.44992514828165,31.884532745944956,32.92263493476128,7465672
2009-05-15,33.26866149902344,33.581739014946464,32.72489316984274,32.7908038729408,5990389
2009-05-18,38.57450866699219,39.54669994208684,35.62498731166784,37.569365391971104,170650
2009-05-19,38.9040641784668,40.83196624657274,35.26247485973359,37.56936515356284,19037417
2009-05-20,39.15122985839844,42.84225600926278,36.91025256887172,40.53536578244404,10704619
2009-05-21,38.706336975097656,40.86492553980619,38.40973319805932,39.513745951795556,11495294
2009-05-22,39.118282318115234,40.4694619275145,38.393257804812286,39.184190793033245,8524108
2009-05-25,38.426212310791016,39.54670102592134,37.96483513042985,39.530225025506574,5914983
2009-05-26,35.509647369384766,38.77224898541347,34.73519032404235,38.72281650802709,11328948
2009-05-27,36.15228271484375,37.56937321793866,35.50964929917963,36.25114990993288,9833643
2009-05-28,36.91026306152344,37.53641826425425,35.31191634173812,36.91026306152344,18047010
2009-05-29,37.882442474365234,38.22847420823757,37.09150736922435,37.569362738091606,12795881
2009-06-01,39.57966232299805,39.810348706365545,37.66823595715566,38.8546377583877,13519274
2009-06-02,39.23361587524414,40.76605355920749,38.2943856429899,39.87625132141494,10664555
2009-06-03,41.3922233581543,41.68882272032306,38.88759807894231,39.87626559942964,19445390
2009-06-04,41.359256744384766,41.82063391356658,40.106946646621836,41.68881250378407,11373782
2009-06-05,41.210960388183594,42.34792510524713,40.48593591101477,41.82063498275036,13240784
2009-06-08,39.859779357910156,41.93597882973383,39.1017984382818,41.194478379813084,8283946
2009-06-09,39.892738342285156,40.35411553512172,38.34382440574139,39.77739292660445,6301719
2009-06-10,40.3046760559082,41.42516460654516,39.744429545646966,41.42516460654516,5514227
2009-06-11,40.40354919433594,41.35926007968735,39.94217198794764,41.17800618535544,8425194
2009-06-12,39.95865249633789,40.93084396257608,38.92055254740248,40.535375186845,8819990
2009-06-15,40.1893424987793,40.76606517692066,39.05237314534588,40.76606517692066,6088490
2009-06-16,40.48593521118164,40.78253450311968,38.96997781141535,40.46945921102968,5235173
2009-06-17,39.23361587524414,41.45812146972553,38.5909848989589,41.45812146972553,8548532
2009-06-18,36.069881439208984,39.38191681640847,35.4931589389235,39.21713895918405,15756310
2009-06-19,35.60851287841797,37.22333537277121,34.33972217932381,37.22333537277121,11260656
2009-06-22,35.04826736450195,36.05341301398585,34.60336836993727,35.59203578222767,11032509
2009-06-23,35.37782287597656,35.88863254787719,34.026643281737265,34.27381011715105,9061729
2009-06-24,35.443729400634766,36.514785560979654,35.015306489508234,36.514785560979654,12156270
2009-06-25,35.27896499633789,36.399454051660264,34.78462896023242,35.92159849085937,22858397
2009-06-26,36.53126525878906,36.74547560546388,34.94939495358104,36.218185503727874,16833106
2009-06-29,36.72900390625,37.58584768035807,36.41592633042314,37.58584768035807,16727201
2009-06-30,36.053409576416016,37.388110902737495,35.526121681102246,36.91025547934769,10678356
2009-07-01,35.26247787475586,36.35001241039351,34.60336630587767,36.10284557206419,9694486
2009-07-02,36.28410339355469,36.53127024341711,35.180090570191865,36.53127024341711,11593296
2009-07-03,37.22333526611328,37.48698034717598,35.34486769532438,36.06988999203935,14320723
2009-07-06,34.158470153808594,38.72281933718267,33.77948183964115,37.833016799670375,16536927
2009-07-07,34.4550666809082,35.88863533147607,33.9442569693881,35.88863533147607,6256398
2009-07-08,33.58174514770508,34.2408567689398,32.5271670007182,34.2408567689398,9995092
2009-07-09,33.91129684448242,34.33971979330091,33.02149671074747,33.77947543020432,5766023
2009-07-10,33.82890701293945,35.06474112036071,33.31809513488339,34.109030304598825,4813799
2009-07-13,33.977210998535156,34.702233320502856,32.70842025888418,34.109034661129584,6649724
2009-07-14,35.592037200927734,35.888636542459984,34.15846850198722,34.52098079492079,6681312
2009-07-15,36.59718704223633,36.811397453761394,35.657951962593856,36.08637502058768,5318107
2009-07-16,36.53126525878906,37.70118640054952,35.59203046349149,37.70118640054952,6733724
2009-07-17,36.81138229370117,37.173894478466195,36.28409448442986,37.173894478466195,4714999
2009-07-20,36.893775939941406,37.569365697038755,36.51478770873567,36.926732410021486,3204852
2009-07-21,36.31705856323242,37.14094808388686,35.756814136176075,37.14094808388686,3387311
2009-07-22,35.872161865234375,37.140950467504005,35.460217078469526,36.415928089786576,4155805
2009-07-23,37.43754577636719,37.80005802190147,35.95454479272477,37.04207705944137,7225701
2009-07-24,37.25628662109375,38.37677750294173,36.95968510754152,38.37677750294173,3938895
2009-07-27,37.783573150634766,38.19551782033429,37.07502921272873,38.19551782033429,5271010
2009-07-28,38.32734298706055,38.558033812716396,37.60232297907365,38.45916887022742,5714377
2009-07-29,38.68985366821289,38.88758801511557,37.173898536750045,38.85463154565079,8829709
2009-07-30,39.23361587524414,39.760905924681005,38.78871922623342,38.92054062112125,17110331
2009-07-31,38.68985366821289,39.95864421846189,38.49211932131021,39.51374305540237,5752956
2009-08-03,38.656898498535156,39.29953403010512,38.49212061555682,39.085323676210514,3665243
2009-08-04,38.195526123046875,39.49727335021761,38.06370469406563,39.49727335021761,3621563
2009-08-05,37.849491119384766,38.39325726172702,37.23981203317046,38.39325726172702,4774621
2009-08-06,37.09150695800781,38.16256085017786,36.81138369232423,37.701183720167904,7103528
2009-08-07,37.17390060424805,37.734144971707366,36.630132237494465,36.91025553869569,3574790
2009-08-10,36.46535873413086,37.833014463349066,36.16875939657183,37.536415125790036,2330557
2009-08-11,36.696048736572266,37.10799349300268,36.00398065179183,37.10799349300268,2647345
2009-08-12,36.21818542480469,36.69604305624921,34.60336312353941,34.60336312353941,3169220
2009-08-13,36.82787322998047,37.206861543463795,36.44888491649714,37.206861543463795,3372052
2009-08-14,36.87730407714844,37.569372188872364,36.58070473494872,36.58070473494872,5692114
2009-08-17,35.08121871948242,36.712519264717024,34.89996260669125,36.251142100287666,7525848
2009-08-18,35.839195251464844,35.92158418551471,34.603361240716794,35.16360554526734,3831268
2009-08-19,34.96586227416992,36.2346524282803,34.85051913694135,36.168741744872214,2016070
2009-08-20,35.31191635131836,35.57556147067682,35.09770594899538,35.394305311433904,1291386
2009-08-21,35.726558685302734,35.8592491720843,34.847491802908245,35.49435314548439,2476248
2009-08-24,36.04170227050781,36.27391010722174,35.72656595593315,36.124632998008515,3720905
2009-08-25,36.472938537597656,36.788074817906356,36.07487153880564,36.456351943973054,5644025
2009-08-26,36.30707550048828,36.953934626221596,35.99193923406842,36.489523523038606,4450635
2009-08-27,35.842674255371094,36.63880843683399,35.627052987729726,36.307085486284414,7528977
2009-08-28,35.69339370727539,36.273908778516144,35.29532443014126,36.09146073476965,4498782
2009-08-31,35.69339370727539,35.89242609620258,35.22898030049886,35.46118587906719,5347897
2009-09-01,35.34508514404297,35.99194665274734,35.063122005291916,35.79291199627829,4467549
2009-09-02,35.79291534423828,35.89243268178135,34.99678114317429,35.162642622532644,3513954
2009-09-03,35.27873992919922,36.157807010465326,34.99677679907387,36.157807010465326,5440841
2009-09-04,35.54411315917969,35.62704387560637,34.74797918133938,35.36166513311305,3523284
2009-09-07,35.494361877441406,36.207565264404025,35.3616713580167,36.124634533378604,4931172
2009-09-08,35.842674255371094,36.25732794355807,35.676812780096306,35.709983725367124,4162308
2009-09-09,34.98019027709961,35.82608416854106,34.83091541381936,35.82608416854106,8053306
2009-09-10,35.62704849243164,36.04170212829905,35.21239485656423,35.42801609699925,7355612
2009-09-11,35.89242935180664,36.09146400842704,35.37825836357067,35.89242935180664,4466196
2009-09-14,35.82608413696289,35.95877240428615,35.49436121901471,35.6602226779888,2292939
2009-09-15,35.5938720703125,36.07486976392277,35.428010641506226,36.02511223513673,6351632
2009-09-16,35.759735107421875,36.10804457350828,35.39483904778094,35.859252419109374,7262510
2009-09-17,35.842674255371094,36.0417066759167,35.51095130482152,35.97536253573483,4533815
2009-09-18,35.77631759643555,35.909005830369374,35.52752547058004,35.52752547058004,3807983
2009-09-22,35.82608413696289,36.09146292124943,35.726566811650436,35.82608413696289,3732519
2009-09-23,36.522701263427734,37.086629744657984,35.9255995922734,36.02511691240577,10885467
2009-09-24,36.95393753051758,37.60079895672885,36.45635320244108,36.82124927621976,10152395
2009-09-25,36.9207649230957,37.38517604178837,36.655386176854314,36.82124761205022,5754133
2009-09-29,36.804664611816406,37.58421433319994,36.655389755494426,37.48469701243865,3351144
2009-09-30,36.472938537597656,37.28565912880631,36.35683688150483,36.88759213001429,5591598
2009-10-01,36.390018463134766,36.82125877531308,36.273916773082384,36.52270900130368,4613924
2009-10-05,36.124629974365234,36.340251197603465,35.875837812687124,36.124629974365234,3847231
2009-10-06,36.323665618896484,36.456353875644524,35.577289112999146,36.37342315276704,2883224
2009-10-07,36.09145736694336,36.62221260419568,35.90900934022175,36.48952435729252,3492297
2009-10-08,35.79291534423828,36.29049978231335,35.6934002563355,36.15781149868278,6173266
2009-10-09,35.77631759643555,36.091453839257966,35.51093887892845,35.99193653898787,4193022
2009-10-12,35.92560577392578,36.07488065498985,35.70998450159744,35.82608843666965,1800379
2009-10-13,35.92560577392578,35.92560577392578,35.92560577392578,35.92560577392578,0
2009-10-14,36.870994567871094,37.15295982669023,35.94217259687898,36.25730878343981,6809859
2009-10-15,37.30224609375,37.8164170033928,36.871005903416055,36.871005903416055,7572106
2009-10-16,37.15298080444336,37.65056524827214,37.003705921222796,37.48470376699588,3312168
2009-10-20,37.103214263916016,37.71690024606042,36.854422102323475,36.98711035531692,3209019
2009-10-21,36.95393753051758,37.38517773144516,36.72173196067651,37.08662803445518,1976113
2009-10-22,36.190975189208984,36.95393599416108,33.50401902944995,36.65538630958328,2682882
2009-10-23,36.589046478271484,36.65539061044645,36.157806244674234,36.48952915518905,1979627
2009-10-26,36.472938537597656,36.821248005155574,36.05828494518103,36.323663694255615,1820035
2009-10-27,36.190975189208984,36.57245559168503,36.0085271599049,36.124628815178625,4096925
2009-10-28,35.69339370727539,36.15780486441204,35.22898030049886,36.15780486441204,1873167
2009-10-29,35.09628677368164,36.14121516184663,34.8309102779315,35.19580408440778,4457277
2009-10-30,34.61528778076172,35.79290437317698,34.20063420946336,35.79290437317698,2912146
2009-11-03,33.96844482421875,35.04654462263589,33.73623916371858,34.33334104046236,3200653
2009-11-04,34.648468017578125,34.797742883696316,33.27181653092357,34.38308922801242,2690289
2009-11-05,35.34508514404297,35.494362261214796,33.98502249030474,34.58212421007181,2975233
2009-11-06,35.39484786987305,35.942192095758855,35.228986392266485,35.79291496620073,2665782
2009-11-09,35.61046600341797,35.74315427395785,34.84750057407342,35.709981081502846,1222652
2009-11-10,34.89725875854492,35.82608335854665,34.66505317095448,35.82608335854665,2700520
2009-11-11,36.0085334777832,36.14122174984534,34.83091662708138,35.11287976762345,3211200
2009-11-12,35.27873992919922,36.52270311961579,35.01336114523888,36.52270311961579,7034805
2009-11-13,34.74797439575195,35.57728144580433,34.53235321295473,35.32848933078862,5050823
2009-11-16,34.81432342529297,35.444598222105434,34.53235808860849,35.162632885420955,6037955
2009-11-17,34.7977409362793,34.9636023892706,34.41626049425527,34.9636023892706,4578478
2009-11-18,34.648468017578125,35.09629261593269,34.51577749797524,34.83091607600705,3519599
2009-11-19,34.69822692871094,34.99677892239504,34.532365459877596,34.76457106631624,3934390
2009-11-20,35.42801284790039,35.56070109935315,34.731393903674004,34.864082155126766,4677765
2009-11-23,35.228981018066406,35.560703922675025,34.963602244451536,35.49435979168128,2821321
2009-11-24,34.44942855834961,35.32849553558047,34.34991124493709,35.32849553558047,5439086
2009-11-25,34.73139572143555,34.78115325592459,34.43284376558168,34.499190144420226,1865683
2009-11-26,34.200645446777344,34.73140309228625,34.03478396376085,34.46602426953179,5780245
2009-11-27,33.885498046875,34.333324805076735,33.30498304531551,34.13429019040049,7226035
2009-11-30,33.105953216552734,34.416260494921346,31.530269413104858,34.16746831542957,34539390
2009-12-01,34.00161361694336,34.3001633917852,33.17230618722673,33.835752131000035,9492411
2009-12-02,34.18404769897461,34.39966890635258,33.76939412667805,34.03477286287577,4964876
2009-12-03,34.200645446777344,34.432851073072364,34.1177147052691,34.23381864323678,3578736
2009-12-04,34.416259765625,34.631878750092824,33.9186754171855,34.001606141925414,3567645
2009-12-07,34.33332443237305,34.56552998054822,34.30015124707391,34.48259926693998,4545289
2009-12-08,34.73139572143555,34.91384376396182,34.23381137798563,34.43284376558168,4206166
2009-12-09,34.49917984008789,34.96359085540667,34.432833481065906,34.69821216823629,3096689
2009-12-10,34.99677658081055,35.228982171712644,34.499192207603194,34.499192207603194,3347394
2009-12-11,34.88066482543945,35.411422270828105,34.74797658891203,35.16263014010958,2530102
2009-12-14,34.81432342529297,35.07970216870666,34.68163292876629,34.83091001856376,1458861
2009-12-15,34.81432342529297,34.99677145199236,34.56553127515008,34.880667548736476,2359025
2009-12-16,34.68162536621094,34.89724653243431,34.34990257168807,34.665041026196135,3602393
2009-12-17,34.71480941772461,35.12946304074207,34.61529209827245,35.12946304074207,1264927
2009-12-18,34.68162536621094,34.913833122088285,34.36648916134205,34.68162536621094,1671508
2009-12-21,34.68162536621094,34.797729244149615,34.43283327031879,34.51576396894951,1309866
2009-12-22,35.3285026550293,35.62705240579126,34.5157796397458,34.71481430668057,3246132
2009-12-23,36.34025573730469,36.63880546875797,35.42801769719291,35.4943618320003,9531688
2009-12-24,36.09145736694336,36.904177940914494,35.84266521677017,36.32366292384373,3529789
2009-12-29,36.390018463134766,36.93736271500584,36.224156977653905,36.406605061610925,3582130
2009-12-30,36.10805130004883,36.655393241834425,36.00853396982232,36.32367030750615,1887030
2009-12-31,36.53928756713867,37.451525592905305,36.24073784038014,36.3900127037594,8785123
2010-01-04,37.28566360473633,37.53445579005238,36.522702702812424,36.5558736444039,4353415
2010-01-05,37.40176773071289,37.94910964157132,37.23590627292064,37.484698459609014,4374738
2010-01-06,37.667144775390625,37.949107890845504,37.48469673030812,37.68373137033265,5549959
2010-01-07,37.998870849609375,38.23107871266098,37.385184746282135,37.783251833507414,4535147
2010-01-08,38.098384857177734,38.4135189117311,37.83300383834988,38.18131558194648,3809958
2010-01-11,38.28162384033203,38.73140874067079,38.181673648680096,38.64811540797666,3041300
2010-01-12,37.73189926147461,38.48153946459183,37.58197167274654,38.04841582148339,2569224
2010-01-13,38.29829406738281,38.48153763406883,37.24879647725597,37.73189746661114,3322262
2010-01-14,39.097900390625,39.48104881803406,38.33159901685436,38.48152882360042,6747297
2010-01-15,39.53102111816406,40.46390909169586,39.097897625456156,39.431070933370606,11273753
2010-01-18,39.18120193481445,39.98081719414859,39.01461523416345,39.564350442521075,4085821
2010-01-19,38.731407165527344,39.614315552388064,38.53150227140076,39.14787381206092,4992784
2010-01-20,38.947975158691406,39.29780990920614,38.61480178807912,38.73141337158403,3697700
2010-01-21,37.86516189575195,39.13122342185515,37.665259228059234,38.81470691059108,3555527
2010-01-22,38.08171844482422,38.298284722185876,36.56578161700733,36.6490749486226,4943166
2010-01-25,38.41490173339844,38.98129834284652,37.332090401071376,38.0817283205357,2912852
2010-01-27,37.748558044433594,39.114567713231025,37.38206637797653,38.414902626168214,8252922
2010-01-28,37.948448181152344,39.29780279937623,36.08267899896782,38.61479480182027,11600411
2010-01-29,37.548648834228516,37.88182221708759,36.998913656301696,37.61528305890501,3996285
2010-02-01,37.631935119628906,37.86515599197921,37.31542091719091,37.398714247278605,2078776
2010-02-02,37.881813049316406,38.48152544522176,37.48200553853819,37.781860606752836,3466800
2010-02-03,37.631935119628906,38.06506088798014,37.482007577366296,37.98176755789245,2006355
2010-02-04,37.315425872802734,38.06506594314664,37.21547341152825,37.482012555101385,2254939
2010-02-05,35.7828254699707,36.982250418538534,35.64955703545266,36.84898198402049,4391981
2010-02-08,36.14931106567383,36.29923859453897,35.582916923585536,36.14931106567383,1831316
2010-02-09,36.01605224609375,36.31590738369032,35.83280643557292,36.01605224609375,1113258
2010-02-10,35.749515533447266,36.19929827057502,35.66622218292619,36.14932316405307,1023345
2010-02-11,35.66622543334961,36.066033100391685,35.63290718631404,35.81615302605577,640478
2010-02-15,34.949886322021484,36.14931107210805,34.916568089167306,35.74950357523785,1575236
2010-02-16,35.56627655029297,35.8161566499116,34.91658648370281,34.98322298451618,1192982
2010-02-17,35.682884216308594,35.89944604154207,35.54961348891521,35.81615268422505,989784
2010-02-18,36.03270721435547,36.46583303660963,35.38301961071245,35.732852092512985,1713670
2010-02-19,35.69953155517578,36.03270489554966,35.482969787723285,36.03270489554966,1267093
2010-02-22,35.649566650390625,36.09935169228283,35.56627329148296,35.78283512085211,835164
2010-02-23,35.516292572021484,35.7161975183439,35.3330467478054,35.64956328939534,801182
2010-02-24,35.39968490600586,35.61624672517289,35.19977995025409,35.38302578311374,906081
2010-02-25,35.466312408447266,35.649558206536454,35.01652747308986,35.649558206536454,1650113
2010-02-26,35.83280563354492,36.28258832987252,35.316386455263725,35.649559827125586,1548385
2010-03-02,35.83280563354492,36.482493256780245,35.649559827125586,35.84946475403332,780476
2010-03-03,36.2159538269043,36.315906289584035,35.49962972726327,35.49962972726327,1578097
2010-03-04,36.249271392822266,36.48249229508243,36.082684711282646,36.31590561354282,1157814
2010-03-05,36.06602096557617,36.53246271027291,35.98272763548918,36.31590095583718,766252
2010-03-08,36.665740966796875,36.88230276595984,36.14932176170443,36.31590845628414,1998979
2010-03-09,36.249271392822266,36.78234741806316,36.1493189320032,36.64907897662205,1368556
2010-03-10,36.349220275878906,36.549122918364645,36.03270380452637,36.28258380224074,1572349
2010-03-11,35.58292007446289,36.71570845894821,35.34969694282517,36.3159009267461,4256779
2010-03-12,35.416343688964844,35.78283537454775,35.16646361047022,35.33305032946663,7813231
2010-03-15,34.86660385131836,35.482975534629574,34.71667627576276,35.482975534629574,2420100
2010-03-16,34.966552734375,35.06650519431707,34.50010867447083,34.66669535454879,1690093
2010-03-17,35.43300247192383,35.59959144879478,35.01653567843885,35.01653567843885,2067076
2010-03-18,35.3497200012207,35.616259283042695,34.033684980354344,35.16647410375073,2257266
2010-03-19,36.04937744140625,36.39921003099265,35.18312552999966,35.31639627147299,3363560
2010-03-22,35.83280563354492,36.34922481182611,35.53294824318332,35.649559827125586,2178427
2010-03-23,35.96607208251953,36.28258631632767,35.582923629932274,35.89943786374041,1381649
2010-03-25,35.466312408447266,36.13265912187962,35.316384849820274,36.13265912187962,3128139
2010-03-26,35.56627655029297,35.8161566499116,35.26641907506432,35.4996400494796,2059990
2010-03-29,35.56627655029297,35.866131766044454,35.349712441603856,35.79949752470825,1977720
2010-03-30,35.54960250854492,35.81614162152759,35.48296829516831,35.56626162675813,1369034
2010-03-31,35.69953155517578,35.84946136592508,35.083159971693576,35.64955645791023,1719363
2010-04-01,35.53294372558594,35.84946019619458,35.48296862995102,35.8161419594538,928358
2010-04-05,35.83280563354492,36.066026541952915,35.56626648416012,35.982733198987454,1444077
2010-04-06,35.71619415283203,35.9827333029872,35.61624168908928,35.9827333029872,2818200
2010-04-07,36.83233642578125,36.982264034683546,35.68288841156072,35.68288841156072,3932498
2010-04-08,37.03221130371094,37.61526443503616,36.032691650010555,37.315409442716245,4525961
2010-04-09,36.532470703125,37.13218326285633,36.415861371176234,37.048889914545775,2218499
2010-04-12,36.13265609741211,36.81566187340487,36.01604678800803,36.349220116836086,854787
2010-04-13,35.89944076538086,36.38254171492255,35.78282917848474,35.81614742030551,1196945
2010-04-15,35.866127014160156,36.2825937916804,35.74951767214061,36.14932532666467,1834504
2010-04-16,35.949424743652344,36.04937723431386,35.68288778119118,35.74952202180647,3410045
2010-04-19,35.83280563354492,35.94941495801065,35.482973141194655,35.78282827207972,1997149
2010-04-20,35.96607208251953,36.265929456240194,35.49962803211287,35.816144525397405,2663183
2010-04-21,36.665740966796875,37.048889460539556,35.949416824418115,35.982735067124715,4408329
2010-04-22,36.199302673339844,37.19882300116007,35.84947236618438,36.54913523997233,3257926
2010-04-23,36.532470703125,36.64908229455045,36.11600396157223,36.315908901308234,1225052
2010-04-26,36.7823486328125,37.09886514577202,36.54912772285013,36.64908018697016,1204934
2010-04-27,37.71522903442383,38.19832990452682,36.68239308100988,36.73236817604679,11718037
2010-04-28,38.28162384033203,40.14739539647082,36.01604699863298,37.482008750258984,8993805
2010-04-29,36.79901123046875,37.94845902776649,36.51581519142608,37.94845902776649,5294606
2010-04-30,36.665740966796875,37.14884192918271,36.582447619507015,37.14884192918271,1318467
2010-05-03,36.43251419067383,36.63241683635419,36.349220856771275,36.63241683635419,1557313
2010-05-04,35.81614303588867,36.63241726580791,35.6995314632675,36.44917147717878,1045708
2010-05-05,35.73286056518555,35.88278816165634,35.38302800043568,35.6495672049821,1404451
2010-05-06,35.56627655029297,35.8161566499116,35.11649146718858,35.48298318375343,1322298
2010-05-07,35.31638717651367,35.56626721051325,34.9998706591996,35.14980048718061,5243780
2010-05-10,36.01605224609375,36.199295797138,35.383021469701475,35.416337451947435,1121466
2010-05-11,35.56627655029297,36.28259859874216,35.466324058550086,36.28259859874216,838559
2010-05-12,35.59958267211914,35.86611954665629,35.34970039815685,35.84946268660503,1266616
2010-05-13,36.099342346191406,36.1826356835345,35.48297074606199,35.816144095434346,1612426
2010-05-14,35.39968490600586,36.11600685507546,35.149804841054575,35.7328583259409,1711958
2010-05-17,34.53342819213867,35.283068280228896,34.33352326485733,34.98321314878342,1851642
2010-05-18,34.65003204345703,34.966546224785624,34.350174719454124,34.966546224785624,1361316
2010-05-19,34.2169075012207,34.65003325584012,34.01700261155755,34.65003325584012,2450689
2010-05-20,34.68335723876953,34.84994393212471,33.733814442330974,34.06698782904134,2116627
2010-05-21,34.43347930908203,34.71667760893303,33.43395908769274,33.700498265291905,1432024
2010-05-24,34.23357009887695,34.6666936380527,34.01700606981274,34.51676608530138,3809046
2010-05-25,33.6171989440918,34.06698386763922,33.3340006945284,33.98369053064721,2621138
2010-05-26,34.383506774902344,34.65004597244804,34.11696757735665,34.28355429338809,1674436
2010-05-27,33.767127990722656,34.816625438878035,33.38397952742121,34.816625438878035,4522469
2010-05-28,34.33351516723633,34.61671337084601,33.76712101949298,33.76712101949298,1223573
2010-05-31,34.416812896728516,34.53342446831421,34.03366446347774,34.400156037481665,3962642
2010-06-01,34.66669464111328,34.98321113432871,34.266887069049446,34.98321113432871,2173677
2010-06-02,34.78330993652344,34.866603283751424,34.31686809583737,34.78330993652344,1067731
2010-06-03,35.18311309814453,35.299724673294676,34.78330553394974,34.9498922073206,855327
2010-06-04,35.233097076416016,35.36636553636434,34.916580529954366,35.31639042875292,730766
2010-06-07,34.799964904785156,34.966551579360434,33.98369065126159,34.783305785432354,1110289
2010-06-08,34.33351516723633,34.98320489793194,34.20024675346472,34.79995913438897,1369731
2010-06-09,34.13361358642578,34.6000553083121,34.03366114331412,34.33351621317303,2036943
2010-06-10,33.96703338623047,34.550086779073865,33.81710582282318,34.250229392782785,2079894
2010-06-11,33.78378677368164,34.31686505245552,33.71715255370402,34.150278372773236,1791437
2010-06-14,34.33351516723633,34.43346760730304,33.883732576150145,34.300199193531434,1700881
2010-06-15,34.416812896728516,34.48344937162108,34.150276035063435,34.350178681312244,1047592
2010-06-16,34.20025634765625,34.71667554997523,34.116963000813726,34.41681814565616,1289944
2010-06-17,34.26688766479492,34.433474344340745,34.066985005025806,34.20025344487188,662067
2010-06-18,34.26688766479492,34.61672014373644,33.95037342555316,34.183594325022014,1111519
2010-06-21,34.45013427734375,34.566745859568876,34.266888473622764,34.38350005584789,1131800
2010-06-22,34.18359375,34.566744462196056,34.01700707325643,34.48345112382427,1139377
2010-06-23,34.08363723754883,34.266883012063545,33.95036881579784,33.98368705097366,1355354
2010-06-24,33.80044937133789,34.25023209707318,33.6505217960928,34.01701117341673,2329371
2010-06-25,33.767127990722656,34.05032625279867,33.61720042940802,33.68383465005048,1672844
2010-06-28,34.40016555786133,34.56675227224367,33.78379381085589,33.78379381085589,2401306
2010-06-29,34.16693878173828,34.899922056049114,34.017011206348045,34.56674866208117,1542276
2010-06-30,34.68335723876953,34.81662794913966,33.85042377199362,33.983694482363745,2708253
2010-07-01,34.40016555786133,34.66670249329154,34.150285486287814,34.55009314891005,1450319
2010-07-02,34.50010299682617,34.73332611813521,34.35017546132471,34.51676211398769,1534161
2010-07-05,34.017005920410156,34.61671838825785,33.31734325748479,34.31686328407217,1409644
2010-07-06,34.00034713745117,34.13361783133249,33.917053801078985,34.01700625662088,765539
2010-07-07,34.2169075012207,34.91657009608951,34.16693014906686,34.316859946052276,4099698
2010-07-08,33.98368453979492,34.65003111826337,33.9337071907242,34.65003111826337,2147848
2010-07-09,33.96703338623047,34.21691341173478,33.86708092413344,34.150279190162266,2076435
2010-07-12,33.63386154174805,34.15028073640109,33.55056819614196,34.03366914876193,4188571
2010-07-13,33.6505126953125,33.8004402300097,33.400632717658475,33.5838762270239,3777184
2010-07-14,33.550567626953125,33.98369346865206,33.46727428276012,33.95037522718423,2928502
2010-07-15,33.56722640991211,33.86708154219897,33.50058992764699,33.81710643997667,3552196
2010-07-16,33.433956146240234,33.80044776563048,33.31734681968993,33.80044776563048,1309829
2010-07-19,33.33399963378906,33.78378454302364,33.017485415186655,33.017485415186655,3056097
2010-07-20,33.267372131347656,33.53391130692154,33.21739702444864,33.48393620002252,2241425
2010-07-21,33.284027099609375,33.433954661072164,33.184074638808696,33.433954661072164,1373142
2010-07-22,33.80044937133789,34.21691611339465,33.31734840244739,33.55056932610384,5819774
2010-07-23,33.6505126953125,34.11695441647625,33.51724201821138,34.11695441647625,1826820
2010-07-26,33.6505126953125,33.8004402300097,33.31733939177381,33.6505126953125,1879489
2010-07-27,33.70050048828125,33.91706231340997,33.367327059174336,33.367327059174336,2785906
2010-07-28,33.733821868896484,34.183604684290046,33.56723513886691,33.817115233911274,3199899
2010-07-29,33.433956146240234,33.9670344545394,33.23405347523548,33.38398104335818,2312762
2010-07-30,33.45061111450195,33.71715023556364,33.36731778038744,33.48392935193827,1285466
2010-08-02,33.500587463378906,33.78378571374426,33.41729412615102,33.650517277970195,778568
2010-08-03,33.284027099609375,33.58388222253495,33.21739287890108,33.58388222253495,1708893
2010-08-04,33.3673210144043,33.48393259725732,32.86756096127965,33.48393259725732,1886451
2010-08-05,32.91753005981445,33.58387667579605,32.81757761552199,33.16741004080755,1508701
2010-08-06,33.16741180419922,33.73380826547771,32.984166023166544,33.06745935459265,3922176
2010-08-09,34.03366470336914,34.11695803809566,33.51724557616948,33.56722293269118,3155186
2010-08-10,33.81710433959961,34.3002052491571,33.66717452329176,34.3002052491571,2033594
2010-08-11,33.3673210144043,33.85042194719615,33.31734591288244,33.65051928163221,1383082
2010-08-12,33.23405075073242,33.38397830656418,33.1507551536299,33.184073392470914,746648
2010-08-13,33.950374603271484,34.05032706636156,33.20073451931073,33.43395542686988,2838836
2010-08-16,35.08316421508789,35.81614746014759,34.116962314929694,34.116962314929694,10437835
2010-08-17,34.983211517333984,35.749510690207224,34.84994081886935,35.46631243301175,4272775
2010-08-18,34.63338088989258,35.399680103682336,34.20025505083954,35.19977517504969,2042150
2010-08-19,34.76665496826172,35.31639248132177,34.36684730570336,35.31639248132177,2150678
2010-08-20,34.383506774902344,35.01653539203105,34.316872540385155,34.81663268847949,1350531
2010-08-23,34.76665496826172,34.9499008059484,34.08364898750786,34.55009314339004,1558660
2010-08-24,34.33351516723633,34.96654578134149,34.16692852028382,34.96654578134149,1419761
2010-08-25,34.33351516723633,34.650031604026914,34.10029431339801,34.15027166316937,1708531
2010-08-26,35.133140563964844,35.383020592257544,34.31686625677065,34.61672138693128,6819779
2010-08-27,34.76665496826172,35.482979195677494,34.55009314339004,35.28307423465986,3318728
2010-08-30,36.23261260986328,36.482492634497476,34.983212486692345,35.11648092937331,12599675
2010-08-31,36.249271392822266,36.898958998931484,35.81614556892396,36.2825873734443,7251681
2010-09-01,36.04937744140625,36.54913763810763,35.749522227176286,36.249282423877666,4105554
2010-09-02,35.84946823120117,36.34922833746748,35.66622240700817,36.34922833746748,2077611
2010-09-03,35.98273849487305,36.349230161651406,35.91610426258885,36.11600695944143,2025354
2010-09-06,35.999393463134766,36.24927349996956,35.64956095967073,35.64956095967073,1657041
2010-09-07,35.881683349609375,36.486997905352084,35.73035528081939,36.486997905352084,2364772
2010-09-08,35.81443786621094,36.01621020798729,35.562223579282225,35.88169455327523,2119627
2010-09-09,35.141868591308594,35.98258293267161,35.02416767128433,35.94895344678365,4325702
2010-09-13,35.494964599609375,35.81443785407762,35.25956505467235,35.57903602855713,2223035
2010-09-14,35.326812744140625,35.76398451944005,35.1586699290703,35.34362748176424,2096762
2010-09-15,35.932132720947266,36.083460811474275,35.32681579767305,35.32681579767305,3700295
2010-09-16,35.528594970703125,36.285237850129114,35.41089405500345,35.94895212593979,1645185
2010-09-17,35.394081115722656,35.79762352318854,35.310009685809625,35.73036683537481,3999245
2010-09-20,35.528594970703125,35.73036731745013,35.4445235396558,35.579036917098115,1658444
2010-09-21,35.528594970703125,35.98258161059213,35.41089405500345,35.83125121024011,4168036
2010-09-22,35.59584426879883,35.915317464914544,35.410886702780004,35.56221707171189,2530696
2010-09-23,35.326812744140625,35.73035732477572,35.20911414194113,35.51177029683456,1296047
2010-09-24,35.494964599609375,35.57903602855713,35.12505168058933,35.326821741713864,2212027
2010-09-27,35.59584426879883,36.01620361734145,35.410886702780004,36.01620361734145,1731020
2010-09-28,35.94894790649414,36.033019327673735,35.5117760602436,35.64629170248091,3076594
2010-09-29,36.53745651245117,37.14277134449273,36.01621540209408,36.01621540209408,11684464
2010-09-30,35.81443786621094,36.92418118481396,35.69673695341082,36.58789546890902,5236368
2010-10-01,36.486995697021484,36.739209889934095,35.9489378399082,35.9489378399082,3875195
2010-10-04,36.89054489135742,37.15957387053797,36.26841780012191,36.73921680325057,4550532
2010-10-05,37.63037872314453,37.86578054188409,36.856923423571914,36.89055062583228,10282420
2010-10-06,37.5799446105957,38.21888667310662,37.31091553353389,37.832158942731674,5975746
2010-10-07,36.739219665527344,37.79851864538616,36.4533759252692,37.579933865600445,5825104
2010-10-08,36.82329559326172,37.22683800257984,36.53745181801198,36.82329559326172,2872678
2010-10-11,36.95781326293945,37.5799428316584,36.823299871068,37.52950087985255,2923343
2010-10-12,36.80647277832031,37.04187227541041,36.38611571902263,36.99143034052789,1328063
2010-10-13,36.940982818603516,37.32771034243459,36.75602528436935,36.924168082658106,2785869
2010-10-14,35.96577072143555,37.26047181050483,35.646299705346074,37.125956138067735,6206210
2010-10-15,35.89851379394531,36.47019912650994,35.5454132918783,35.98258523345728,3825540
2010-10-18,35.89851379394531,36.55427056602191,35.579040499332834,36.453384382490796,2661071
2010-10-19,35.427711486816406,36.15072721706115,35.242753868354555,36.0498410360289,2506333
2010-10-20,35.05779266357422,35.730364050456544,34.88964981685364,35.57903366394137,1611212
2010-10-21,35.51177215576172,35.982573430953295,35.377258808897274,35.747171653066005,5077785
2010-10-22,35.94894790649414,36.58789207580901,35.54540554094874,35.96576264684671,7613777
2010-10-25,34.8896484375,36.285233097873395,34.75513279709159,36.016206378223025,4373958
2010-10-26,34.3683967590332,35.10822461802628,34.23388115157277,34.973711291148504,3559839
2010-10-27,34.250709533691406,34.72151092650488,34.16663810075152,34.58699526545092,4326267
2010-10-28,33.61176681518555,34.53655255715316,33.35955252192166,34.53655255715316,12789477
2010-10-29,33.763084411621094,34.30114231511355,33.628571076039385,33.662198269643405,2557085
2010-11-01,33.84716033935547,34.20026074316925,33.729459444556504,33.89760227679324,3644082
2010-11-02,33.66220474243164,33.77990564413504,32.97281863370441,33.62857754236156,8722079
2010-11-03,33.7799072265625,33.830349169322204,33.30910587827735,33.62857911770002,5792586
2010-11-04,34.132999420166016,35.09141206510528,33.628570992119194,33.89759766261125,7578044
2010-11-08,33.073707580566406,33.426808034831666,32.3843214137787,32.70379238455834,23828591
2010-11-09,34.90645980834961,35.310004436405535,33.09051810443055,33.19140426144453,37552410
2010-11-10,34.301143646240234,35.39407195214908,34.1834427626015,34.97371491141491,23142609
2010-11-11,34.04894256591797,34.872842227695315,33.897612148368346,34.301156887722286,9305659
2010-11-12,33.47724914550781,34.28433620380599,33.29229155211135,33.91442101701307,8655373
2010-11-15,34.032127380371094,34.57018322489282,33.62858492683386,33.62858492683386,6781511
2010-11-16,33.679019927978516,34.21707794204514,33.59494850581706,34.21707794204514,5839719
2010-11-18,34.09937286376953,34.38521657635401,33.44361630731554,33.998486713411296,11698558
2010-11-19,34.267520904541016,34.72150750997844,33.72946287443618,33.7967218386368,13151040
2010-11-22,34.11619567871094,34.26752379978124,33.19140992923477,33.96486755764064,16159489
2010-11-23,33.107337951660156,33.76309465254308,32.61972183096286,33.32592275842663,29650997
2010-11-24,32.653343200683594,33.04007077211372,32.28342808668552,32.45157090566956,29495589
2010-11-25,32.468379974365234,32.7037794237231,31.375451841805642,31.947136870412614,297127250
2010-11-26,32.43477249145508,32.535656402058656,31.425915140747886,32.19937061848959,108003635
2010-11-29,31.5604248046875,32.28343824151117,31.274581010268662,32.19936680557429,47311917
2010-11-30,31.93033790588379,31.98077985184891,30.871036515364654,31.308208409201907,56380039
2010-12-01,32.569278717041016,32.703792088599315,31.745379184933743,31.81263587071289,49377032
2010-12-02,33.29228591918945,33.325915396147344,32.46838653955121,32.75423025194426,69791050
2010-12-03,33.56132125854492,33.74627885572747,32.7037922393047,33.29229223360517,70133580
2010-12-06,33.52769470214844,33.72946476430546,33.225036188037684,33.628580873518686,35990183
2010-12-07,33.27547836303711,33.46043367180188,32.989634608537,33.27547836303711,22324627
2010-12-08,32.90555191040039,33.208208021578486,32.72059438442153,33.02325277618218,8690959
2010-12-09,32.14891815185547,33.040074274709674,31.947145835451447,32.888746177698245,19659317
2010-12-10,32.31705856323242,32.43475945239838,31.81263009066348,32.081659065483514,12656908
2010-12-13,32.922386169433594,33.04008482443122,32.2666293526117,32.317071307527264,10228525
2010-12-14,32.636539459228516,33.12415334246234,32.5356532777289,32.95601046682422,12502825
2010-12-15,32.502017974853516,32.72060274650117,32.36750233949999,32.619716590131816,7532899
2010-12-16,32.31705856323242,32.53564332244576,32.06484432694795,32.518830864493204,10117565
2010-12-20,32.232994079589844,32.65335123041934,32.115293165124186,32.199364595290085,12117884
2010-12-21,32.67017364501953,32.98964469855966,32.24981639547093,32.2834436070844,13693395
2010-12-22,32.93919372558594,33.05689235489571,32.67016470338967,32.75423613028954,11598882
2010-12-23,32.70378875732422,32.98963249349825,32.65334681827383,32.80467491600818,4611659
2010-12-24,32.8719367980957,32.956008230209115,32.45157963752863,32.45157963752863,4676656
2010-12-27,32.51884078979492,32.88875374756605,32.401139864704646,32.78786756614348,5508784
2010-12-28,32.3338737487793,32.60290272731862,32.2498023355222,32.45157235898941,6071879
2010-12-29,32.18254852294922,32.45157524482939,32.11528956189593,32.30024714362598,10314957
2010-12-30,32.48520278930664,32.804673712936996,31.829446202784734,32.182546604937485,31947999
2010-12-31,33.05687713623047,33.124133790670186,32.535634073303534,32.58607827457009,12208677
2011-01-03,33.05687713623047,33.20820517886542,32.90554909359552,33.10732133749703,5686478
2011-01-04,33.09052276611328,33.25866562462961,32.87193568169197,33.10733750808161,9878712
2011-01-05,32.98963165283203,33.241845902823236,32.85511829840331,33.090517808945144,6557909
2011-01-06,33.29228591918945,33.54450243520761,32.88874359860981,33.023259225858354,16916733
2011-01-07,32.90555191040039,33.59493780873111,32.67015245941937,33.292279416970466,15775814
2011-01-10,32.3338737487793,33.157773142582265,32.26661707429023,32.88874416404294,11747099
2011-01-11,32.30025100708008,32.95600771111918,32.01440951074689,32.55246529944769,8402847
2011-01-12,32.70378875732422,32.77104771683565,32.11528882568149,32.51883346041734,5356220
2011-01-13,32.5356559753418,32.77105784521991,32.43477206606135,32.686986400430264,5840003
2011-01-14,32.82148742675781,33.34273064407116,32.36750088380486,32.451572296901105,13619178
2011-01-17,32.8719367980957,32.956008230209115,32.16573813669316,32.45157963752863,10222664
2011-01-18,33.174591064453125,33.258662485776874,32.686977276892,32.686977276892,8525103
2011-01-19,32.922386169433594,33.29229916017686,32.7542432789365,32.90557142426711,8181638
2011-01-20,33.25865936279297,33.292286559814926,32.61971525237925,32.61971525237925,8113388
2011-01-21,33.241851806640625,33.2922937533642,32.9223808226964,33.04007945857925,7263505
2011-01-24,33.14096450805664,33.37636405241821,32.92237970556021,33.006451134302445,10580288
2011-01-25,33.09052276611328,33.44362322511426,32.972821852918464,33.292292827982784,5774233
2011-01-27,33.22502899169922,33.460428486854724,31.325016011521882,33.056886169362,21308494
2011-01-28,32.468379974365234,33.22502252767572,32.014395810728466,33.12413639778448,12161301
2011-01-31,32.468379974365234,33.0905092082091,32.014395810728466,32.23298052500737,10372393
2011-02-01,32.165733337402344,32.821489953928044,32.115289117310695,32.619717634727884,5685819
2011-02-02,32.132110595703125,32.45158160094634,31.72856815325992,32.3002534701031,9759510
2011-02-03,33.174591064453125,33.27547722615828,31.96396168515776,32.11528978742386,8272335
2011-02-04,32.720603942871094,33.69583378265488,32.67016200313366,33.10733384299652,13585721
2011-02-07,32.88874816894531,33.12414769861346,32.45157631065685,32.73742006277174,10075695
2011-02-08,32.18254852294922,33.29228945216307,32.09847710221585,33.29228945216307,6969251
2011-02-09,32.24980545043945,32.686977297718165,31.86307554375383,32.6197183361497,15914271
2011-02-10,32.081668853759766,32.70379612472577,31.963967928682674,32.1657402915052,15041071
2011-02-11,32.588748931884766,32.960610779835555,32.36901019697845,32.62255330391721,16032113
2011-02-14,33.31557083129883,33.552210600546545,32.470427160700595,32.639455894820244,9448315
2011-02-15,33.38318634033203,33.55221509710435,33.06203216098446,33.298671961945864,6653191
2011-02-16,33.33247756958008,33.40008861161753,33.19725548550517,33.281769861201774,3070813
2011-02-17,33.33247756958008,33.450798612594994,33.214156526565155,33.33247756958008,2410838
2011-02-18,33.16344451904297,33.467695315069534,32.859193723016396,33.332473248524146,7982842
2011-02-21,33.45079803466797,33.46769907543596,32.80848741491139,32.80848741491139,9078739
2011-02-22,33.28176498413086,33.433890379572645,33.062026263960426,33.29866602271419,6311548
2011-02-23,33.6705322265625,33.890270960361065,33.298668087887386,33.298668087887386,28541975
2011-02-24,33.21415710449219,33.80576003726153,32.75778084334904,33.636728990327995,14267832
2011-02-25,33.535308837890625,33.7550452704671,32.60565082028437,33.31557011271527,31955636
2011-02-28,33.45079803466797,35.293210934502994,33.02822616348566,33.907174279985384,128195783
2011-03-01,33.63672637939453,33.839561785891014,33.129640155752355,33.63672637939453,22095525
2011-03-03,33.569114685058594,34.110007563407216,33.315571578194984,33.315571578194984,12055696
2011-03-04,33.46770095825195,33.78885743249733,33.349382203224046,33.56911867156106,5797710
2011-03-07,33.14655303955078,33.43390289945396,32.48734121738431,33.43390289945396,6845096
2011-03-08,33.11273193359375,33.43388601372267,32.35210276311015,33.12963296997012,8299919
2011-03-09,33.14655303955078,33.298678491958476,32.994427587143086,33.12964970203888,4984092
2011-03-10,33.26487350463867,33.43390229148461,32.89300925653776,33.12964909960213,4963678
2011-03-11,33.14655303955078,33.332485166982266,32.960620912119296,32.960620912119296,6148250
2011-03-14,33.40007781982422,33.50149549641124,33.01131273427214,33.01131273427214,4743614
2011-03-15,33.04512405395508,33.21415278631394,32.80848428717245,33.07893071746641,7316083
2011-03-16,33.33247756958008,33.46769965365498,33.12964215086855,33.1465454845277,3548194
2011-03-17,33.247962951660156,33.315573993205035,33.06203086796236,33.06203086796236,4312518
2011-03-18,33.11273193359375,33.467690379073936,32.994410923368,33.29866167452202,7614611
2011-03-21,32.926815032958984,33.16345486956967,32.87610502272839,33.06203714170806,3473055
2011-03-22,32.909908294677734,33.095840394439634,32.72397619491583,33.095840394439634,3536038
2011-03-23,32.94371032714844,33.24796114385685,32.82538929142904,32.9099036619146,5655111
2011-03-24,33.11273193359375,33.1972462858697,32.842285547790986,33.12963296997012,7807585
2011-03-25,33.18035125732422,33.26486563074238,32.977515844081005,33.19725459052767,8602591
2011-03-28,33.50150680541992,33.60292451624223,33.095838254729884,33.14654596384144,11509824
2011-03-29,33.73815155029297,33.92408366530272,33.3831906566561,33.5015117187349,8985339
2011-03-30,34.14381408691406,34.26213282740202,33.75504661577056,33.80575661249309,4832583
2011-03-31,34.44807052612305,34.76922472078401,33.90717756162085,34.143819666465156,15647437
2011-04-01,35.44533920288086,35.665077969143624,34.26213786832529,34.26213786832529,22114974
2011-04-04,35.80029296875,36.25667145298295,35.225595750063256,35.225595750063256,10060811
2011-04-05,35.56365966796875,35.91862052101233,35.208698814925164,35.66507738206681,7752278
2011-04-06,35.512943267822266,36.13835048160894,35.37772120178135,35.4960422290163,5371783
2011-04-07,35.47913360595703,36.07073406869781,35.29320157343308,35.512937971125965,5888794
2011-04-08,35.46223068237305,35.648162717022025,35.022755589365985,35.51293837700525,3282029
2011-04-11,35.24249267578125,35.47913239427616,35.02275399299435,35.17487936255547,2761151
2011-04-13,35.58055877685547,35.76648855592166,34.83683049019469,34.853733822636805,5725109
2011-04-15,35.512943267822266,35.73268199088733,35.37772120178135,35.512943267822266,2726721
2011-04-18,35.2255973815918,35.884808995106035,35.10727634905893,35.49604381838196,3846832
2011-04-19,34.9720573425293,35.411532554261775,34.81993192493706,35.411532554261775,2130742
2011-04-20,35.24249267578125,35.41152137364882,34.853725295126786,35.41152137364882,3816903
2011-04-21,35.36081314086914,35.49603748142267,35.090366752360644,35.24249442205818,3804886
2011-04-25,35.34391403198242,35.63126378394607,35.15798426699293,35.15798426699293,1583736
2011-04-26,35.259403228759766,35.54675300973588,34.85373470289864,35.49604530372789,4390914
2011-04-27,35.27630615234375,35.4960448918934,35.07347303806605,35.327016150362454,2846797
2011-04-28,35.174888610839844,35.327016312997266,35.039666534032186,35.20869527634128,5158203
2011-04-29,35.34391403198242,35.66507044627079,35.03966324145524,35.17488530555647,3615042
2011-05-02,35.969329833984375,36.104554223005,35.15799267025811,35.15799267025811,5731198
2011-05-03,35.157981872558594,36.00312544712984,35.022757525067995,35.83409673221559,3804669
2011-05-04,35.259403228759766,35.36082093337481,34.66780262653757,35.03966677925972,4044546
2011-05-05,34.4311637878418,35.25940419513309,34.07620295826007,35.157988780337554,5204752
2011-05-06,34.85374069213867,35.03967280045018,34.44807209656777,34.515683147063015,2973311
2011-05-09,34.718509674072266,35.09037150258711,34.650898640942195,34.87063507176465,3424009
2011-05-10,34.60018539428711,35.05656383706433,34.481866670580956,34.667796421061865,1276536
2011-05-11,35.20869827270508,35.32701931943053,34.53258324592932,34.53258324592932,5173641
2011-05-12,34.279029846191406,35.20868772962633,34.211418822279484,35.20868772962633,2199955
2011-05-13,34.26213455200195,34.71851308248188,34.16071684605096,34.24523121891028,3389298
2011-05-16,34.41425704956055,34.54948141024069,34.24522831815955,34.34664601551992,2643860
2011-05-17,34.31283950805664,34.650896949807,34.26212951623483,34.41425490650274,2042475
2011-05-18,34.26213455200195,34.786124122249504,34.17762017914264,34.4142599646289,3314783
2011-05-19,33.416988372802734,34.46496743644519,33.24795963947969,34.279035371270055,2532955
2011-05-20,34.14381408691406,34.34664719600726,33.24796040413911,33.34937810498519,1959647
2011-05-23,33.6705322265625,33.90717199999259,33.46769682499444,33.90717199999259,1694918
2011-05-24,33.40007781982422,34.27902796011383,33.264855779440474,33.78884519797473,9876185
2011-05-25,32.80849075317383,33.619830203957086,32.60565760992753,33.46770248077316,5753045
2011-05-26,32.30139923095703,33.09583521814215,32.115467160275514,32.96061085191969,4935316
2011-05-27,33.011322021484375,33.112739726603664,32.35211037710763,32.35211037710763,4500032
2011-05-30,33.46770095825195,33.552215337243,32.84229592927777,33.12964344228777,8167114
2011-05-31,34.160709381103516,34.27903039429016,33.46769121657869,33.53530453417026,7467651
2011-06-01,34.025489807128906,34.22832518946661,33.75504339487822,33.99168314587303,1794961
2011-06-02,33.55221939086914,34.21143346072194,33.467705001667454,33.80576485107374,4461069
2011-06-03,34.14381408691406,34.448064896853346,33.55221121407839,33.55221121407839,5649415
2011-06-06,34.31283950805664,34.39735386849423,33.70433565438624,34.07619746475238,4910297
2011-06-07,34.29594421386719,34.38045859410867,34.09310878424794,34.19452649905757,6516069
2011-06-08,34.26213455200195,34.312844551276996,33.924077060564706,33.99168810033234,14162904
2011-06-09,34.31283950805664,34.43115823711001,34.110004125966924,34.14381078718146,6989160
2011-06-10,34.21142578125,34.41425889424419,33.97478600312394,34.3128434840466,7661567
2011-06-13,34.66781234741211,34.81994009329092,33.99169718386081,34.143824929739615,2849421
2011-06-14,35.05657196044922,35.1579896704114,34.53258236947724,34.53258236947724,4458752
2011-06-15,34.41425704956055,35.107275306824434,34.26213164981942,35.073470936103575,2533103
2011-06-16,34.48186492919922,34.650893633899244,34.09309753283004,34.34664058988008,2472762
2011-06-17,34.718509674072266,34.819927370066814,34.329742221526324,34.34664555295856,2524363
2011-06-20,34.464969635009766,35.05657023937939,33.4846015436378,34.49877400827145,6194464
2011-06-21,34.26213455200195,34.63399870962256,33.94098039365639,34.4142599646289,5126564
2011-06-22,34.583282470703125,34.61708913078696,34.160710682648535,34.262128370301376,2408781
2011-06-23,34.56639099121094,34.75232079528746,34.41426327136752,34.498777652347506,3746535
2011-06-24,35.03966522216797,35.20869395814873,34.41425798199957,34.48187131047104,5675164
2011-06-27,36.6285400390625,36.96659753746237,34.56638838178361,34.56638838178361,29869389
2011-06-28,36.882080078125,37.152524220146226,36.54402260799952,36.98349548508349,13872282
2011-06-29,37.22014236450195,37.355364453010175,36.81447151377879,36.94969589488626,13356359
2011-06-30,37.01730728149414,37.693422315486785,36.527124340369326,37.1863360399923,30432762
2011-07-01,37.270851135253906,37.43987989699929,36.98350132324703,37.186336754381216,23953730
2011-07-04,37.338462829589844,37.65961702396112,37.08491968257052,37.304658452213545,5307022
2011-07-05,37.05111312866211,37.30465626078729,36.510220196422054,37.186335215422524,10665833
2011-07-06,36.86517333984375,37.0849097580826,36.69614462039886,36.93278436910195,3270036
2011-07-07,37.16943359375,37.28775464456558,36.66234730613919,37.01730816598662,5856910
2011-07-08,36.915889739990234,37.4398793522974,36.797570984049436,36.932793074438706,12625687
2011-07-11,36.51021194458008,36.78065834957526,35.9355124742408,36.69614399130169,2848918
2011-07-12,36.57783126831055,36.848277734641364,36.0200350016409,36.4088025134287,2954427
2011-07-13,37.253944396972656,37.625808555878045,36.577829411762195,36.61163607806236,3819442
2011-07-14,36.882080078125,37.287748583755786,36.61163364350483,37.01730214913562,10479376
2011-07-15,37.270851135253906,37.93006284754103,36.62854275766117,36.62854275766117,8242815
2011-07-18,36.96659469604492,37.49058194420942,36.865176995800546,37.33845654014234,2085379
2011-07-19,37.135623931884766,37.30465267036656,36.71305208568029,36.74685645781725,2972184
2011-07-20,36.89897918701172,37.338454333701456,36.797563785359245,37.068007913230936,4177419
2011-07-21,36.51021194458008,37.017298094221545,36.22286220941044,36.848269377674384,3008285
2011-07-22,37.03421401977539,37.23704717305655,36.29048787254552,36.510224361749984,3369044
2011-07-25,36.67924499511719,37.017302468156096,36.27357648599029,36.983495803812616,7429567
2011-07-26,36.8482780456543,37.13562784841847,36.256677398574475,36.510220533037256,5770592
2011-07-27,36.22285842895508,36.89897322457992,36.00312203741639,36.72994452567371,7214188
2011-07-28,35.68198013305664,36.17216539257689,35.039671734001615,35.86791223570921,13905358
2011-07-29,35.52985382080078,36.39190097167275,34.60019562316616,35.157991917306525,9768024
2011-08-01,36.32429122924805,36.746863152437555,35.529855096612,35.529855096612,4672455
2011-08-02,36.493309020996094,36.61163004093685,36.0876405552829,36.30737697220292,3239197
2011-08-03,35.377723693847656,36.39189613839112,34.85373413898039,36.02003199168557,12800281
2011-08-04,35.32701873779297,36.13835583952602,35.09037664823823,35.69888062083761,6939466
2011-08-05,34.583282470703125,35.05656424888347,33.856459912288706,33.97478092998346,12075758
2011-08-08,34.63399124145508,35.10727071037379,33.264858237842134,33.315565933583926,13716718
2011-08-09,34.44807052612305,35.056574538038184,33.46770231453773,33.46770231453773,7228990
2011-08-10,35.005855560302734,35.293205303903214,34.49876939578337,34.66779811728983,5126905
2011-08-11,34.81991958618164,35.242491314528586,34.58327758422867,34.60018091188222,6299073
2011-08-12,35.02275848388672,35.360815922970225,34.81992539599586,35.07346847530849,6421148
2011-08-16,35.02275848388672,35.46223361321502,34.85372976434497,35.174883872954545,4242848
2011-08-17,34.870635986328125,35.394625518877056,34.7185105846459,34.7185105846459,7430913
2011-08-18,34.70159912109375,35.10726752805179,34.36354173319565,34.98894881784649,5110388
2011-08-19,34.160709381103516,34.66779550744871,33.653623254758315,33.80575092674075,5245806
2011-08-22,34.88753128051758,35.02275331917064,33.72123374619016,34.143805482728965,3059716
2011-08-23,34.21142578125,35.293209261682726,34.143814743585274,34.93824844819412,2837432
2011-08-24,34.498779296875,34.73542140897894,33.90717860181401,34.61710035292697,6888368
2011-08-25,33.704341888427734,34.65090335892693,33.467699801353554,34.498775647922336,13758009
2011-08-26,32.94371032714844,33.80575736462097,32.65636055045791,33.704339661518496,9286925
2011-08-29,33.78886032104492,33.856471371497854,32.79158872961626,32.859202072668644,6345123
2011-08-30,33.87336730957031,34.17761811646212,33.552210878008026,34.143813744918,3821904
2011-09-02,33.58601760864258,35.496043699330336,33.24796013693844,34.887539791743094,8166250
2011-09-05,32.84230041503906,33.63673431050299,32.690174970597,33.518415539314525,7422597
2011-09-06,32.65393829345703,33.18475776283414,32.277227102936045,33.18475776283414,14848826
2011-09-07,33.15050506591797,33.47584522902787,32.73954894817486,32.773796259020706,11526455
2011-09-08,32.945045471191406,33.49298647513646,32.653950143561204,33.42449413995366,7049237
2011-09-09,32.91078567504883,33.20188089240593,32.68818508940992,32.91078567504883,6782680
2011-09-12,32.31147384643555,32.773800997288305,32.020378629605034,32.55119808957034,5271294
2011-09-13,32.397090911865234,32.65393882160699,32.27722762499302,32.48270688177915,4033213
2011-09-14,32.5169563293457,32.653940961190884,32.037505472923606,32.55120132606601,4248247
2011-09-15,32.876529693603516,33.0135165984512,32.15735715245744,32.60256052887043,8283475
2011-09-16,34.12653350830078,34.33201276231527,32.790923002170175,33.01352591443284,6853575
2011-09-19,33.54433822631836,34.33200543529696,33.40735131205005,33.69844647269908,3721222
2011-09-20,33.83543014526367,34.21214124616564,33.475842698490204,33.475842698490204,4399666
2011-09-21,33.98955154418945,34.14366216851808,33.61284261995161,33.664211279739725,2182138
2011-09-22,32.96215057373047,33.71557285700219,32.77379732539402,33.698449201022115,3792171
2011-09-23,32.8936653137207,33.28750019564347,32.43134043817917,32.70530970258216,3612112
2011-09-26,32.619686126708984,33.03064457252739,32.37996191496921,32.893657649760776,1880644
2011-09-27,33.09914016723633,33.32174074547694,32.72242899523349,33.03064786027627,1273121
2011-09-28,33.33885955810547,33.42447550998443,32.84228750170374,33.150503999475475,4398260
2011-09-29,33.373111724853516,33.886807510888765,32.927908245793304,33.15050882408257,9460952
2011-09-30,33.715572357177734,33.93817291417435,33.218997953524365,33.218997953524365,6946805
2011-10-03,33.33885955810547,33.61283106861442,32.94502710845476,33.544338771607514,7517061
2011-10-04,32.825164794921875,33.578584728721545,32.73954884057006,33.15050495696248,2740436
2011-10-05,32.842288970947266,33.23612143821659,32.70530204832383,32.89365761538016,3503641
2011-10-07,33.30461120605469,33.85255420992408,33.047763358456145,33.184750270664125,4435678
2011-10-10,33.57859420776367,33.698457506685486,33.082021996839984,33.082021996839984,8326437
2011-10-11,33.80119323730469,33.92105419988609,33.390234729934775,33.73269860442184,5044978
2011-10-12,33.938175201416016,34.17789943029492,33.59571135373712,34.143654439016,4905765
2011-10-13,34.0237922668457,34.212147853674445,33.66420475062387,33.93817630214915,3531871
2011-10-14,33.869686126708984,34.26351866010898,33.749822839596725,33.81831515116866,5039179
2011-10-17,33.51008987426758,33.97241692150301,33.32173432456124,33.83543001149785,1605713
2011-10-18,33.61282730102539,33.80118283854301,33.21899257303743,33.21899257303743,2025955
2011-10-19,34.229278564453125,34.417634190094745,33.715582670420794,33.90393597358025,5145909
2011-10-20,33.903926849365234,34.21214569632616,33.80118955619313,33.93817416207696,2881549
2011-10-21,33.903926849365234,34.28063799926808,33.6470789714719,33.81831089006746,2127672
2011-10-24,34.50324630737305,34.67447825286905,34.28064338473909,34.332014361877036,3334756
2011-10-25,35.582000732421875,35.873095920469005,34.45186961512565,34.520361917465706,7605862
2011-10-28,35.958717346191406,36.9861090049418,35.35940554525367,36.12994928931647,8504582
2011-10-31,35.90734100341797,36.16418887971969,35.41076890706427,35.95871197216723,4561310
2011-11-01,35.49638748168945,36.01008327214901,35.273786901482985,35.70186672686595,2155435
2011-11-02,35.30803680419922,35.59913205493399,35.06831253314342,35.273791806895254,2429706
2011-11-03,35.65049743652344,35.80460571643667,35.29090990173803,35.44502050413306,2676760
2011-11-04,35.564876556396484,35.958711353438126,35.41076829776345,35.958711353438126,2070811
2011-11-08,35.564876556396484,35.61624752426182,35.41076829776345,35.564876556396484,923114
2011-11-09,35.46213912963867,35.838850293952106,35.410770481087575,35.6162497202552,3342820
2011-11-11,36.11281967163086,36.215559285049494,35.27378375326141,35.44501566813197,7747315
2011-11-14,36.078582763671875,36.64364963918237,35.804611156377284,36.23269106699941,8136060
2011-11-15,35.47926330566406,36.18131467352829,35.35940234979756,35.633371576053364,2602442
2011-11-16,35.684749603271484,36.07858218574232,35.17105371875365,35.17105371875365,5559879
2011-11-17,35.325157165527344,36.07857722812846,35.205293879950936,35.44502045110375,4564324
2011-11-18,34.57173156738281,35.445014775732304,33.68132470348109,35.273782865172855,6971425
2011-11-21,33.92105484008789,34.58886126592681,33.6984542464628,34.07516312201924,5725408
2011-11-22,33.52721405029297,34.0751547314005,33.25324254849857,34.0751547314005,5742603
2011-11-23,32.55119705200195,33.45872766688139,32.242980509579006,33.33886438789376,4916261
2011-11-24,32.63681411743164,33.047770295354894,32.41421353178039,32.84229336763414,10127464
2011-11-25,33.013519287109375,33.28749079663615,32.46557626805582,32.75667143239327,7728058
2011-11-28,33.25324249267578,33.47584303111434,32.94502600522528,33.25324249267578,5436096
2011-11-29,32.602569580078125,33.49297425761934,32.53407494739806,33.35598963722278,5379923
2011-11-30,33.938175201416016,34.21214674405545,32.63681211573989,32.68818308638069,13613461
2011-12-01,34.24639129638672,34.93131893651594,34.07515706387299,34.24639129638672,4222484
2011-12-02,35.41077423095703,35.616253491884144,34.21215062800657,34.26351928199741,5707744
2011-12-05,35.1539192199707,35.4278907384098,34.879947701531606,34.999810966624146,2957969
2011-12-07,35.325157165527344,35.804605662869385,34.87995366229157,34.94844597298589,5975381
2011-12-08,34.040924072265625,35.41077983529699,33.903937102473144,35.25667152645241,5809203
2011-12-09,33.74982452392578,33.81831683891592,33.253252337144886,33.40736062649317,4296964
2011-12-12,33.082008361816406,34.040907390526556,32.77379189516865,33.903920487864475,8160604
2011-12-13,33.938175201416016,34.21214674405545,32.73955173453988,33.01352327717932,3981949
2011-12-14,32.99641036987305,34.07517091250765,32.87654705514371,33.886817592907775,5776327
2011-12-15,34.0237922668457,34.36625612563189,32.49982855974349,32.51695221717914,12973287
2011-12-16,33.59571838378906,34.69160246118378,33.0820225047776,33.98955096203835,12589918
2011-12-19,33.95529556274414,34.19501976835647,32.96214910737682,33.08201237142367,4820722
2011-12-20,33.40735626220703,34.05803897581395,33.13338471555578,34.05803897581395,6670657
2011-12-21,33.52721405029297,33.852554192588265,33.2189952398438,33.73269093477782,10259801
2011-12-22,34.46900177001953,34.5888650705293,33.39023903287787,33.475855012532826,3456402
2011-12-23,34.674468994140625,34.91419318932783,34.09227867692432,34.41762114447977,3249611
2011-12-26,34.53749084472656,34.62310681633858,34.31489024752806,34.45187487311454,1273482
2011-12-27,33.886810302734375,34.5203670975526,33.27037484420924,34.503245761259514,4187065
2011-12-28,34.31489944458008,34.57174742825632,33.69846381926059,33.97243546634508,3375709
2011-12-29,34.24639129638672,34.41762320641902,33.972419775838745,34.24639129638672,2924882
2011-12-30,34.28063201904297,34.52035619876078,34.0237841859565,34.246387034786785,2087779
2012-01-02,34.24639129638672,34.33200725140287,33.7498168993079,34.12652803037154,1861469
2012-01-03,34.55461502075195,34.70872330746388,34.24639844732811,34.36625941588987,3372939
2012-01-04,34.76008987426758,35.034059094779565,34.0237912073172,34.520363322597184,3739279
2012-01-05,34.69159698486328,35.0169395148652,34.4689964014236,34.7429679581444,5389056
2012-01-06,34.16077423095703,34.69159127681756,33.852555409428845,34.657346289413105,7340405
2012-01-09,34.72583770751953,34.8628222986319,33.93817050242022,33.93817050242022,2368495
2012-01-10,35.136802673339844,35.37652692954358,34.60598318443609,34.60598318443609,3215986
2012-01-11,34.31489944458008,35.17105939016757,34.21215978661308,35.17105939016757,4377469
2012-01-12,34.43473815917969,34.72583328129147,34.05802942039613,34.72583328129147,4082544
2012-01-13,34.9141960144043,34.99981197121885,34.417623929376184,34.45186891861312,5766505
2012-01-16,34.29776382446289,34.91419923488386,34.16077920991676,34.520364403720784,4899595
2012-01-17,34.417625427246094,34.67447330886788,34.280638496892195,34.417625427246094,10428799
2012-01-18,33.938175201416016,34.674473867414605,33.66420365877658,34.53748693485409,6295415
2012-01-19,34.229278564453125,34.65735847614673,33.93818329550861,34.09229159922187,8276461
2012-01-20,34.74296951293945,34.99981742339417,34.21215003350333,34.24639735055669,6881600
2012-01-23,34.58885955810547,35.35940325219856,34.468996276698306,34.931323422146846,18551268
2012-01-24,34.43473815917969,34.76008058594497,34.26350628087416,34.52035409833245,10219894
2012-01-25,34.53749084472656,34.76009376440693,34.09228732784769,34.62310681633858,13171474
2012-01-27,35.325157165527344,35.94159260673982,34.64022941362055,34.76009269919696,9816649
2012-01-30,34.845706939697266,35.44501869288742,34.674475010214366,34.931322904438716,4243234
2012-01-31,35.65049743652344,35.89022168555311,34.794337745359044,34.931324689434426,10322025
2012-02-01,35.256656646728516,35.75322868675761,35.15391704336495,35.75322868675761,10757718
2012-02-02,35.99296188354492,36.31830210684828,35.15392583739988,35.3422814369382,11556658
2012-02-03,36.62651824951172,37.088845384418455,36.078575150546826,36.14706745729702,11926606
2012-02-06,37.328575134277344,37.499807087691785,36.42104438769157,36.88337159090338,9084488
2012-02-07,36.90048599243164,37.75664554469396,36.59226948260977,37.49979767901526,6079363
2012-02-08,36.88337326049805,37.92788868810451,36.35255371638832,37.19159218408536,11508450
2012-02-09,37.26008605957031,37.84227428734176,36.95186712311563,37.68816598035553,11499785
2012-02-10,36.76350784301758,37.414188287902675,36.30118067469059,36.78062917908153,8590813
2012-02-13,37.83311080932617,38.12639160874827,36.69449440087232,36.69449440087232,15608851
2012-02-14,37.74685287475586,38.04013368077285,37.522580968921204,37.78135732484703,5735198
2012-02-15,38.19539260864258,39.02347821241941,37.71234442804528,37.78135097671362,15930040
2012-02-16,38.19539260864258,38.73019745568032,37.69509220589846,38.057379511305896,3862429
2012-02-17,38.540428161621094,39.16149178704331,38.298904068378825,38.64393915584462,8544515
2012-02-21,38.143646240234375,38.64394674735887,38.04013522567635,38.48868139548153,6934289
2012-02-22,37.93663024902344,38.885477076969345,37.8503714464829,38.074645737040164,5872252
2012-02-23,38.86820602416992,39.36850870853867,37.8158510147785,37.8158510147785,18016976
2012-02-24,39.43752670288086,39.74806209411529,38.91997629719482,39.006235088129074,10958004
2012-02-27,38.48868179321289,39.67905262313265,38.33341643973108,39.67905262313265,11266052
2012-02-28,38.57493591308594,39.12699069640351,38.21264857220679,38.64394246851074,9416477
2012-02-29,38.98897933959961,39.29951002294103,38.64394420703392,38.73020299017534,7991077
2012-03-01,38.816463470458984,39.196003068843254,38.4714283228076,38.59219156045332,2777389
2012-03-02,38.73019790649414,38.98897422195173,38.40241504156499,38.7647023511894,3172662
2012-03-05,38.0573844909668,38.76470697218525,37.66059268934707,38.60943929246667,3649302
2012-03-06,38.316162109375,38.57493846427176,37.81586162455845,38.05738575447823,4557989
2012-03-07,37.4708251953125,38.05738444491094,36.84976149694742,37.95387343853022,15488701
2012-03-09,38.00562286376953,38.21264484979644,37.6433378981008,37.6433378981008,3852720
2012-03-12,38.247161865234375,38.59219706207323,37.90212666839551,38.29891620879233,5124092
2012-03-13,38.419677734375,38.695704007486334,37.95387930364036,38.419677734375,9731037
2012-03-14,38.8509635925293,39.12698980796089,38.48867625987648,38.730200368338664,4398722
2012-03-15,38.074642181396484,39.092495488337484,37.86762013866428,38.74746031039684,4513645
2012-03-16,37.194801330566406,38.64394858347488,37.005031518179926,38.126395826013315,3682825
2012-03-19,37.2120475769043,37.41906724266775,36.366709670299656,37.33280846361986,3294232
2012-03-20,37.074039459228516,37.53983789418352,36.74625650199924,37.212054936954246,3413743
2012-03-21,37.52256774902344,37.74683957584296,36.815245490711774,37.0567695364986,3430274
2012-03-22,36.659996032714844,37.505331728015086,36.332210750526215,37.2638075779178,3948023
2012-03-23,37.16029357910156,37.33281114960949,36.47022329706984,36.78075398801639,3647743
2012-03-26,36.55648422241211,37.09128919027909,36.31496007754557,36.91877160967164,4778733
2012-03-27,36.48747253417969,36.9705207560778,36.1596873051212,36.91876642513126,5834802
2012-03-28,36.64273452758789,36.88425861652621,36.31495166832025,36.65998674963753,4875221
2012-03-29,36.50472640991211,36.746252887192774,36.22870016145312,36.64274187406097,12199593
2012-03-30,37.31555938720703,37.72960343349476,36.50472585979946,36.50472585979946,8544753
2012-04-02,37.4708251953125,37.72960154130468,37.14303995178703,37.29830763131771,8676278
2012-04-03,37.98837661743164,38.12638972804632,37.43631949513465,37.66059138486329,3566758
2012-04-04,38.247161865234375,38.40242723582792,37.69510461432432,37.97113323977935,3850338
2012-04-09,37.850364685058594,38.24715650981577,37.453575200220776,37.98838014842084,4475284
2012-04-10,38.091888427734375,38.40242146215357,37.64334461121665,37.85036429424345,4598397
2012-04-11,38.540428161621094,38.64393915584462,37.62608611580431,37.62608611580431,4023851
2012-04-12,38.55768966674805,39.265009894405225,38.333417741869354,38.52318521372694,5102969
2012-04-13,38.643951416015625,39.09249764001061,38.14365084844877,38.643951416015625,6602489
2012-04-16,38.592201232910156,38.90273200765775,38.385179156465135,38.62670335237103,4350870
2012-04-17,39.19599914550781,39.29950780750702,38.29890691544117,38.35066124644077,9477019
2012-04-18,39.282257080078125,39.765305292096514,39.05798285741889,39.23050041027104,4441325
2012-04-19,39.558284759521484,39.679047986963496,39.09248875350048,39.16149530921628,2496045
2012-04-20,39.282257080078125,39.79980973863457,39.09248730395695,39.403020303042254,2778756
2012-04-23,38.212646484375,39.506528102592796,38.02287671238592,39.14424078150801,3854809
2012-04-24,37.953880310058594,38.471433095745596,37.69510391721509,38.33341995553025,3169871
2012-04-25,37.4190673828125,38.109137617780135,37.16029104469964,37.884865727383314,3380361
2012-04-26,37.29830551147461,38.22989983611561,37.005024733384346,37.72959939694906,4377198
2012-04-27,37.350059509277344,37.95387094356651,37.1775419566233,37.33280728602813,1965594
2012-04-30,38.38517379760742,38.66120241435848,37.2983138978047,37.2983138978047,3199398
2012-05-02,37.81585693359375,38.592185901982326,37.64333938506296,38.229898582083855,3811572
2012-05-03,37.488075256347656,37.78135605248785,37.3155576915403,37.608838487680494,1452253
2012-05-04,36.832515716552734,37.47083175097695,36.60824144017034,37.298314156799556,5666533
2012-05-07,36.50472640991211,36.918770462439326,35.60763642258166,36.71174843617572,4565509
2012-05-08,36.48747253417969,36.9705207560778,36.245946083311516,36.50472241788246,2959419
2012-05-09,35.96992111206055,36.659991361506755,35.79740354969899,36.24594733990367,2412310
2012-05-10,35.36611557006836,36.34946443635672,35.19359797879817,35.93542268529217,3946438
2012-05-11,34.969322204589844,35.53863163528673,34.57253269767463,35.366114051424546,3389145
2012-05-14,34.934818267822266,35.124585728227316,34.57253089264282,34.84855948039475,2233766
2012-05-15,35.50412368774414,35.65938902995286,34.538024845228726,34.88305997899,3494080
2012-05-16,36.073421478271484,36.33219776227817,34.84854893924144,35.29709262625143,4435353
2012-05-17,36.14244079589844,36.84976331108281,35.831907761468564,36.2286995821424,4208594
2012-05-18,36.26320266723633,36.62549004718106,35.38336255591894,35.83190872442579,4935351
2012-05-21,35.86640930175781,36.53922731188487,35.62488518785568,36.19419219490493,1491370
2012-05-22,35.780155181884766,36.07343366555761,35.57313314877027,36.00442710115926,2362045
2012-05-23,35.745643615722656,36.2114419275686,35.27984764379569,35.84915461167942,3087547
2012-05-24,36.34946823120117,36.50473361156996,35.34886703334021,36.02168524155154,2135683
2012-05-25,35.91815948486328,36.22869245823079,35.79739861181942,36.05617491966624,1446600
2012-05-28,36.711753845214844,37.039539158414044,35.71115269732595,35.71115269732595,890739
2012-05-29,37.03953552246094,37.35006623720701,36.504728204994784,37.160296427120194,5201353
2012-05-30,36.60824203491211,37.143047053534474,36.3839700948058,37.005033911918225,4048557
2012-05-31,36.625484466552734,36.918765238944445,36.245944918742175,36.280449364877335,8033660
2012-06-01,35.76289749145508,36.53922648713698,35.53862560644794,36.40121337942783,3787828
2012-06-04,35.90091323852539,36.03892869630024,35.2280951941207,35.53862821917466,3267896
2012-06-05,36.55648422241211,36.98777817393073,36.0561837066344,36.19419683515258,12393979
2012-06-06,37.83311080932617,38.33341362480142,36.57373350810736,36.57373350810736,9494285
2012-06-07,37.28105926513672,38.21265373913508,37.0912894571194,37.83311412310045,4231838
2012-06-08,36.91876983642578,37.436322553389545,36.487475905622645,37.194798420123654,3997879
2012-06-11,37.005027770996094,37.436321691873935,36.918768986820524,37.263804123522796,2205393
2012-06-12,37.143043518066406,37.31556109862542,36.590986324309775,36.88426714722788,3376544
2012-06-13,37.125789642333984,37.35006153699222,36.798004402560764,37.09128519396232,2496726
2012-06-14,36.470218658447266,37.29830429551326,36.228694558439315,36.936016975541826,6671985
2012-06-15,36.59098434448242,36.832510816132334,36.38396466296447,36.64274101980139,10286920
2012-06-18,36.9360237121582,37.091289066201625,36.4702253101085,36.746253906140936,3027005
2012-06-19,37.52256774902344,37.91935708567905,36.78074105277716,36.93600868356443,9746993
2012-06-20,37.401824951171875,37.91937776289873,37.26381180401262,37.38457506271679,8882639
2012-06-21,37.86761474609375,37.91936907944691,36.88426369303004,37.091285706281106,4083003
2012-06-22,37.971126556396484,38.19539845889927,37.52258041147164,37.60883919549875,7332263
2012-06-25,37.2120475769043,38.10913747505088,37.00502557122171,37.8331089141138,5097127
2012-06-26,37.90211486816406,37.953869195609116,37.02227492216545,37.02227492216545,1992235
2012-06-27,37.88487243652344,38.43692731831103,37.643348279496394,37.95387900425695,5727518
2012-06-28,37.850364685058594,38.22990428440557,37.505329536532024,37.95387569760044,3083553
2012-06-29,39.17875289916992,39.54104029119683,38.057388610465374,38.07464083673703,7486892
2012-07-02,38.8509635925293,39.31676192592851,38.74745259178291,39.19599870173787,2634447
2012-07-03,38.52317428588867,39.161490106272105,38.333406867862266,39.09248355972442,4091332
2012-07-04,38.98897933959961,39.126992456658186,38.40242008222179,38.57493764850463,3061761
2012-07-05,39.43752670288086,39.61004428474936,38.81646528008984,38.988982861958334,2830305
2012-07-06,38.98897933959961,39.506532038448135,38.661196431646054,39.33401447216529,3797719
2012-07-09,38.919979095458984,38.98898566518392,38.6784549314619,38.93723132287012,2397364
2012-07-10,39.04072952270508,39.24775151620161,38.55768132443852,38.60943565285315,3199920
2012-07-11,39.213253021240234,39.50653383321239,38.88547009839565,38.88547009839565,2903254
2012-07-12,38.799217224121094,39.19600910901814,38.67845630778525,39.19600910901814,2728401
2012-07-13,38.661197662353516,38.98898058074143,38.55768665130488,38.850967459289464,1672753
2012-07-16,38.86820602416992,39.05797576583545,38.333403579365225,38.55767542138535,3148848
2012-07-17,38.73019790649414,39.00622644429935,38.60943468997969,38.919967672480155,2407572
2012-07-18,38.367923736572266,38.833722199883546,38.21265836210842,38.6784568254197,2516255
2012-07-19,38.643951416015625,38.919980041544825,38.47143381754984,38.62669918818511,2171498
2012-07-20,38.38517379760742,38.816467780056065,38.229908431909834,38.40242602488929,1581366
2012-07-23,37.71235656738281,38.29891592975134,37.626097768801564,38.17815267576973,2728477
2012-07-24,38.28166580200195,38.764716504506595,37.57434314685145,37.66060195016444,8366909
2012-07-25,38.212646484375,38.436918362231815,37.4535697363377,38.178142038588256,6131518
2012-07-26,38.55768966674805,38.816466044647846,38.0228846844379,38.2816610623377,10181302
2012-07-27,39.45478439331055,39.67905633153143,38.678455213426474,39.09249697471405,4785341
2012-07-30,40.76592254638672,40.88668581788529,39.33402721820661,39.48929495011048,10354713
2012-07-31,41.04195022583008,41.64576185458061,40.7659192447832,40.78317381350842,13034800
2012-08-01,41.05919647216797,41.23171406507758,40.576148147988874,40.88667887925835,5116745
2012-08-02,40.748661041259766,41.145450523221385,40.67965214011919,40.748661041259766,5172210
2012-08-03,40.81766891479492,41.07644529746854,40.26561637562914,40.48988830464513,3992386
2012-08-06,41.55949783325195,41.78376975980855,40.92118182702237,41.041945073580244,3989076
2012-08-07,40.9039192199707,41.697502770042526,40.64514289100257,41.49048077090039,5499481
2012-08-08,41.04195022583008,41.162708807708476,40.8176735912796,40.97294131060845,5783459
2012-08-09,41.076454162597656,41.49049833617019,40.8349322945471,41.09370873306991,4304923
2012-08-10,41.24896240234375,41.93903742788922,40.783168662863154,41.04194504250306,4906011
2012-08-13,41.36972427368164,41.4904875161339,40.748662855125545,41.05919356440359,2775124
2012-08-14,41.42147445678711,41.714755250511466,40.93842621527321,40.93842621527321,3520379
2012-08-16,41.43872833251953,42.26681168704729,40.97292998314819,41.40422388444789,3368688
2012-08-17,40.593387603759766,41.749256115189944,40.110339403713155,41.52498423800809,4100386
2012-08-21,41.24896240234375,41.49048889527662,40.213856883784125,40.386374470210725,2904667
2012-08-22,41.04195022583008,41.26622218054092,40.78317381350842,40.90393239538682,1988035
2012-08-23,40.52439880371094,41.145460342841616,40.300122161398384,41.145460342841616,4652302
2012-08-24,40.40363311767578,40.83492712730461,40.09310236671092,40.36912866093757,5080546
2012-08-27,40.81766891479492,40.95568672942546,40.28286626253841,40.30011614944768,1296282
2012-08-28,41.921783447265625,42.43933621377905,40.783169232871735,40.886677914238774,4356311
2012-08-29,41.076454162597656,42.40484081631609,40.817677724074855,42.09431002605674,6345767
2012-08-30,42.00804138183594,42.43933534510245,40.78316839809466,41.041944776054564,9698034
2012-08-31,41.214454650878906,41.990783639521446,40.99017808806722,41.990783639521446,6414695
2012-09-03,41.939029693603516,42.09429268485084,41.42147234993122,41.43872691329527,3891463
2012-09-04,42.767112731933594,43.025889062109,41.74925729464174,41.74925729464174,8607402
2012-09-05,42.78803253173828,43.39829363251474,42.63110635675098,42.89264682851232,5181748
2012-09-06,42.23008346557617,42.77059861115936,41.60238342282524,42.77059861115936,2059057
2012-09-07,42.509063720703125,42.840350292262166,42.369576380509415,42.718297095907396,1292419
2012-09-10,42.52649688720703,42.892651697305055,42.19521036010747,42.3172635400824,2343064
2012-09-11,42.17778015136719,42.5090619795295,41.91623962553142,42.28239446977061,1345773
2012-09-12,42.33469772338867,42.50905805786025,41.89879688720971,42.36957073624834,2846913
2012-09-13,42.24753189086914,42.753178924335025,42.02086432511244,42.09061037449683,2572173
2012-09-14,41.84648895263672,42.84034378656041,41.462895277985695,42.54393027751977,13519349
2012-09-17,41.00955581665039,42.230078001502555,40.78288835685736,42.1254589763338,12665195
2012-09-18,41.02699661254883,41.77674513035352,40.800329115979075,41.04443548448616,8408810
2012-09-20,40.7131462097168,41.21879305486023,40.45160571667571,40.45160571667571,6301939
2012-09-21,41.933677673339844,42.19521822352914,40.887515472582635,40.887515472582635,8707245
2012-09-24,41.18392562866211,42.369575078618276,40.97469225988696,41.916240054461504,7593484
2012-09-25,40.93980407714844,41.5849380877848,40.31210893318229,41.42801193688051,11733607
2012-09-26,40.80033493041992,41.13162151634435,40.55622852712533,40.80033493041992,9302273
2012-09-27,40.7131462097168,41.271100207503125,40.46903985761446,40.835199385767964,12478679
2012-09-28,42.02085876464844,42.09060480480359,40.974696541287614,40.974696541287614,8847242
2012-10-01,41.86392593383789,42.195212477562194,41.42802507621487,41.86392593383789,5138030
2012-10-03,41.02699661254883,42.19521183927225,40.90494342829529,41.846491158448956,12133968
2012-10-04,41.14905548095703,41.49777620995112,40.62597438746591,41.25366980772422,7257841
2012-10-05,41.21879577636719,41.53264344277324,41.149049748353875,41.410590258663404,11584935
2012-10-08,41.393157958984375,41.65469848093509,40.81776502683109,41.14905157989952,6807880
2012-10-09,41.916236877441406,42.020851188986164,41.09674233758448,41.53264318539913,5205666
2012-10-10,41.65469741821289,42.07315940476166,41.14905053007772,41.77674587481439,7436554
2012-10-11,41.550079345703125,42.05572624566101,41.3582848552789,41.846492882580954,5476615
2012-10-12,41.82905578613281,41.985977249992025,40.10288657489392,41.49776925716315,2847441
2012-10-15,41.44546127319336,42.177775612695996,41.30597395372303,41.70700177088525,7208908
2012-10-16,41.3582878112793,41.74188154937148,41.23623461327349,41.53264817133688,4006297
2012-10-17,41.759315490722656,41.846495670328224,41.32341459269481,41.63726229330937,2639928
2012-10-18,42.05572509765625,42.16033941142703,41.637258382919114,41.84649174028768,2525746
2012-10-19,41.63726043701172,42.02085415614011,41.49777310182701,41.846493804702405,3153069
2012-10-22,41.3582878112793,41.567521189313894,41.13162028916993,41.305980649227514,4657141
2012-10-23,40.95725631713867,41.3757183064767,40.90494442987274,41.20135796179576,3935245
2012-10-25,40.69572067260742,41.14905573112477,40.48648728797341,41.07930969297089,12050023
2012-10-29,40.085453033447266,40.29468165505873,39.80647365492052,39.80647365492052,2123473
2012-10-30,39.47519302368164,40.224943962767384,39.33570568683081,40.137763786007206,2570824
2012-10-31,39.75416564941406,39.928525983579675,39.422881487482066,39.63211246953278,1852024
2012-11-01,40.782894134521484,40.93981559976622,40.20750123914358,40.20750123914358,4524439
2012-11-02,41.14905548095703,41.25366980772422,40.83520777082788,41.00956813532492,4726469
2012-11-05,40.8177604675293,41.149046983593365,40.73058030328366,41.11417397192978,3632141
2012-11-06,41.72444152832031,41.81162170595222,40.625972236123744,41.044438980687836,4718509
2012-11-07,41.84648895263672,42.055722296066975,41.49776829019519,41.67212862141595,4694784
2012-11-08,41.44546127319336,41.60238273391247,41.21879378782573,41.48033428551762,3005197
2012-11-09,41.689571380615234,42.160345318194345,41.288543481872914,41.39316254012809,5518512
2012-11-12,41.84648895263672,42.108029449467864,41.72443577481684,41.72443577481684,5986709
2012-11-15,41.811614990234375,41.95110230607572,41.375714172088564,41.53264035855169,11277862
2012-11-16,41.53264617919922,41.82905972304496,41.25366677859201,41.776747833674875,7952790
2012-11-19,41.86392593383789,41.98597911993774,41.393156791466645,41.532644119940606,4682624
2012-11-20,42.57881546020508,42.700868672911916,41.88137393596948,41.89880808214415,5826060
2012-11-21,41.88136291503906,42.70085743633446,41.619822412274154,42.578804255745474,8050611
2012-11-22,41.53264617919922,42.07316137752061,41.39315884380924,41.93367404213063,3266009
2012-11-23,41.759315490722656,42.1952163887505,41.4454677901081,41.67213531111709,2809752
2012-11-26,41.985984802246094,42.055730840835885,41.51521086633412,41.84649745489416,2935121
2012-11-27,41.34083938598633,42.17777270475957,41.23622508605286,42.020846525032994,7105541
2012-11-29,41.11417770385742,41.51520554982326,40.76545701522156,41.32341106300435,15583782
2012-11-30,41.11417770385742,41.44546424999231,40.90494434471049,41.21879674834441,9986088
2012-12-03,41.480342864990234,41.53265002938208,40.992130051125855,41.20136343852092,5791740
2012-12-04,42.003421783447266,42.19521628618232,41.393160527691705,41.48034070708536,8486828
2012-12-05,41.898807525634766,42.28240130483498,41.49777960049145,42.10804092609197,7991825
2012-12-06,41.86392593383789,42.055725149088225,41.37571791926551,42.020852134512985,3888336
2012-12-07,41.393157958984375,42.00341917686937,41.18392459545838,41.95110728861751,3172271
2012-12-10,41.34083938598633,41.55007271567964,41.149044926166184,41.428019545873006,2674532
2012-12-11,40.97469711303711,41.56752427314482,40.904951071908734,41.497778232016444,5034484
2012-12-12,40.887516021728516,41.27110977979027,40.73058979757625,41.131622430448104,6283865
2012-12-13,41.23624038696289,41.41060077143353,41.009572833116685,41.11418717186781,7727857
2012-12-14,40.53879165649414,41.218798927210756,40.364431302959346,41.218798927210756,6097530
2012-12-17,40.57366180419922,40.8700753302144,40.25981413599425,40.556222932182465,3910978
2012-12-18,40.83521270751953,41.11418743250985,40.48649193636754,40.8003396844387,4553554
2012-12-19,40.5213508605957,41.04443183532477,40.19006435133668,40.992119953990645,6136261
2012-12-20,40.381858825683594,40.765452486534535,40.27724452264539,40.765452486534535,2121800
2012-12-21,39.99827575683594,40.36443060096009,39.92852972470409,40.312123441774816,3053451
2012-12-24,39.89365768432617,40.43417762199956,39.701863186013654,40.03314502217412,2156093
2012-12-26,40.20751190185547,40.52136437522981,39.96341020346532,40.033151518793325,2963625
2012-12-27,39.5623779296875,40.451616311922706,39.440327086581604,40.22494877121609,7464142
2012-12-28,39.579811096191406,40.24237951682873,39.16134670605659,39.893658797564086,6441596
2012-12-31,40.01570510864258,40.10288527345519,39.54493127268914,39.57980428457952,1528669
2013-01-01,39.70185470581055,40.3121158171442,39.649545191605476,40.15518963944216,6397127
2013-01-02,39.44032669067383,40.033149119661225,39.370580649697516,39.78904743589976,10823940
2013-01-03,39.80647277832031,40.01570612515101,39.4577521102114,39.68441959851684,7768126
2013-01-04,40.085453033447266,40.155194330708795,39.59724266839561,39.92852683741179,7374977
2013-01-07,39.89365768432617,40.15519821647633,39.59724650017086,40.102891056011764,5751436
2013-01-08,40.6085319519043,40.71314625731239,39.75416444837395,39.77159858933309,7147399
2013-01-09,40.294681549072266,40.78289427775322,40.13776008327642,40.71314825084827,8208348
2013-01-10,39.71928787231445,40.69570846441699,39.57980056767872,40.346987837914554,5482985
2013-01-11,39.45775604248047,39.823915618381506,39.35314172355288,39.789042602129896,7053838
2013-01-14,39.07416534423828,39.85878457393508,38.969548658640825,39.44032256137256,10369465
2013-01-15,38.7254524230957,39.44033049270559,38.65570874031003,39.231097079434456,7333310
2013-01-16,39.07416534423828,39.1962161733406,38.49877475590908,38.708008127104,12729863
2013-01-17,39.283390045166016,39.42287972521111,38.795182077291386,39.09159557808809,8720890
2013-01-18,40.085453033447266,40.2598133713414,39.05672514794109,39.300829148010195,11437257
2013-01-21,39.71928787231445,40.137754516047856,39.475183906745364,39.87621404617103,5767870
2013-01-22,39.579811096191406,40.19007235490452,39.33570706568891,39.789044473715684,5102821
2013-01-23,39.109031677246094,39.96339921118053,38.89980069407078,39.75416586309181,4125262
2013-01-24,38.69057846069336,39.24853263927217,38.60339826809755,39.1264794236724,7597320
2013-01-25,38.708003997802734,38.934671488322024,38.46390000072502,38.46390000072502,5876853
2013-01-28,39.021854400634766,39.14390759021441,38.27210585011285,38.742879735733126,4530765
2013-01-29,39.09160232543945,39.54493736032175,38.7777522648513,38.93467611268853,8933771
2013-01-30,38.88236999511719,39.33570740707842,38.65570247159344,39.056730356262754,6691139
2013-01-31,38.42903518676758,39.039296492122986,38.2198041581655,38.777755932684954,10621030
2013-02-01,38.51621627807617,38.77775684365836,38.32441939033311,38.4115995788605,6533829
2013-02-04,38.77775573730469,38.95211610938487,38.53365168937522,38.55108819956602,4150438
2013-02-05,38.21979904174805,38.6905705667668,38.080309343105995,38.62082689990257,2184943
2013-02-06,38.13261413574219,38.58594909657022,38.01056096018799,38.37671812193727,2852740
2013-02-07,38.917236328125,39.178776824916035,38.18492199114476,38.18492199114476,5059086
2013-02-08,38.795188903808594,39.3357064836537,38.56852138560598,39.05672943938716,5162866
2013-02-11,39.24851989746094,39.31826355591288,38.481334924662924,38.88236273444659,3760946
2013-02-12,39.353145599365234,40.224947442381286,38.84749863848485,38.952115332629546,9796530
2013-02-13,38.32440948486328,40.102885817116096,38.11517850542453,40.102885817116096,7821046
2013-02-14,36.85978698730469,38.49877380479477,36.21465274615315,38.35928647071997,14843823
2013-02-15,37.412200927734375,37.624670561965175,36.65085580780999,37.040380268576655,8479053
2013-02-18,38.33290481567383,38.740135536288385,37.270561299469584,37.270561299469584,8321446
2013-02-19,38.386016845703125,38.4745454624013,37.961079965850345,38.33290063628118,8484570
2013-02-20,38.29749298095703,38.828664747053885,38.0319070979086,38.42143402031005,7964693
2013-02-21,37.83713912963867,38.58077802549999,37.66007950510908,38.1735473731111,6464828
2013-02-22,38.61619186401367,38.77554289036339,37.89025674231787,38.10272637844574,14054231
2013-02-25,39.67854309082031,39.74936551637547,38.68702192856957,38.77555056088673,15983553
2013-02-26,39.28902053833008,39.62542889842824,39.023434611701035,39.62542889842824,17614848
2013-02-27,38.56307601928711,39.60771567007753,38.45684359509846,39.48377463986738,9561570
2013-02-28,36.93415069580078,38.95260530311994,36.137393056540915,38.81096046118193,11505348
2013-03-01,38.22666549682617,38.59848616415302,36.934146262927335,37.42990795319395,9664596
2013-03-04,38.40372085571289,38.775541504905256,37.64237335470143,38.244369835056816,5835406
2013-03-05,38.45684814453125,38.59849299453435,37.7132066782829,38.43914193790766,4342564
2013-03-06,38.12042999267578,38.59848547086548,38.01419757662684,38.456840648471974,2348098
2013-03-07,38.3151969909668,38.527666645826095,37.943376295709314,37.943376295709314,3784471
2013-03-08,38.952606201171875,39.00572241775005,38.26208337819187,38.563079274622766,5865486
2013-03-11,39.0942497253418,39.21819076182644,38.59849038238854,38.934898679499156,3872022
2013-03-12,38.68701934814453,39.16507489136801,38.27978862724504,39.16507489136801,5729772
2013-03-13,38.88178253173828,39.041133577855604,38.52766802859193,38.63390285983437,4784709
2013-03-14,38.82866287231445,38.952603905683304,38.509960788641116,38.81095906882685,4923712
2013-03-15,38.59849166870117,38.97031238905354,38.40372820551728,38.74013651383886,4917271
2013-03-18,38.509952545166016,38.59848114962394,38.42142394070809,38.56306874724394,3593844
2013-03-19,37.925682067871094,38.74014368031792,37.199744297398894,38.580792599686724,5195989
2013-03-20,36.95185470581055,37.85484712361625,36.75709125859871,37.73090609316531,5025753
2013-03-21,35.97803497314453,37.28825791006915,35.712449145329046,36.82791106304941,4921271
2013-03-22,36.27904510498047,36.54463101990951,35.71246085920131,35.99575298209089,8653798
2013-03-25,36.792510986328125,37.02268448695921,36.473808846763085,36.61545370846021,4166875
2013-03-26,37.18203353881836,37.28826597171801,36.65086176834911,36.65086176834911,3767435
2013-03-28,37.46532440185547,37.67779407729425,36.86333019010267,37.16432849672548,4534130
2013-04-01,37.35908508300781,37.695493339232435,37.09349923838432,37.270556468133314,1691135
2013-04-02,37.71320343017578,38.12043413998095,37.21744169487751,37.5184399770762,4652635
2013-04-03,37.60696792602539,37.748612761286566,37.37679206686026,37.48302689405243,2361750
2013-04-04,37.00497817993164,37.695501036659124,36.75709608647159,37.44762134469193,3713922
2013-04-05,37.05808639526367,37.182027415224795,36.73938434606699,36.73938434606699,8205260
2013-04-08,36.88103103637695,37.53614377252226,36.65085758934886,37.182029299252896,3096875
2013-04-09,36.58003616333008,37.60696967187143,36.40297891028771,37.022679295936,2293912
2013-04-10,37.04038619995117,37.11120862220497,36.4383920085548,36.66856548125282,1905585
2013-04-11,36.66856384277344,37.11120696394675,36.52691900459503,37.11120696394675,3329986
2013-04-12,37.35908508300781,37.483023702936684,36.49150273604383,36.49150273604383,1819318
2013-04-15,36.84562301635742,37.182033727220066,36.703978170778335,37.182033727220066,2619515
2013-04-16,37.8548469543457,38.2089614380592,36.82791591217359,36.845619715165235,2546545
2013-04-17,37.8548469543457,38.29749005898758,37.62467350052895,37.8548469543457,3775629
2013-04-18,37.89026641845703,38.20896855254429,37.27056595657059,37.58926809065785,5080676
2013-04-22,38.74011993408203,39.16505909061777,37.624660651905025,37.624660651905025,5577118
2013-04-23,38.84636306762695,38.95259787958071,38.49224862877594,38.59848344072969,2951714
2013-04-25,38.89948272705078,39.76706264541584,38.244370036850796,38.63389689072522,7103973
2013-04-26,39.058837890625,39.20048272442274,38.77554582153696,39.04113168602714,3417359
2013-04-29,39.11195755004883,39.44836586108715,38.793255445168896,38.793255445168896,5263605
2013-04-30,39.731651306152344,40.0680595608936,38.77554275002212,39.02342239027924,5652599
2013-05-02,40.68776321411133,40.900232866973305,39.39524629676323,39.41295250141716,7787838
2013-05-03,39.66083908081055,40.794007558428895,39.53689802810449,40.333655763090086,3489204
2013-05-06,39.696250915527344,39.99724683677801,39.235901528416576,39.50148743619283,1570856
2013-05-07,39.90871047973633,40.28053115898574,39.09424670649773,39.62541841928475,4295563
2013-05-08,40.63465118408203,40.77629603290752,39.891009724016214,39.891009724016214,4623152
2013-05-09,40.1920051574707,40.794001725691686,39.94412548899346,40.72317690484736,3439496
2013-05-10,39.78477096557617,40.56381991180325,39.66082994143089,39.961828199216626,3388720
2013-05-13,39.731651306152344,40.01494335280006,39.44835925950463,39.51918407228583,3486486
2013-05-14,40.49300003051758,40.7762896840605,39.76706488995587,39.76706488995587,5187764
2013-05-15,40.280540466308594,40.93565335738161,40.01495454854813,40.58153880036766,7598979
2013-05-16,40.33366012573242,40.81171577902929,40.08578039500166,40.10348660465955,7843384
2013-05-17,41.094993591308594,41.395991863586374,40.280532198542915,40.369060819625496,4225774
2013-05-20,40.47529602050781,41.112705017822385,40.36906358911476,41.077292606362896,6051683
2013-05-21,39.90871047973633,40.68776184485879,39.60771461671917,40.4044721858997,3901355
2013-05-22,39.8910026550293,40.05035608358534,39.62541680942572,40.01494367690792,4300192
2013-05-23,38.81096649169922,39.96183881612141,38.59849679428559,39.71395670197448,5416658
2013-05-24,38.59849166870117,39.235898274806274,38.27978956639499,39.235898274806274,4295474
2013-05-27,39.713951110839844,39.90871457246703,38.598491360191126,38.6693137821939,1976291
2013-05-28,39.837886810302734,40.262823686850474,39.62541717128266,39.78477060129392,3947350
2013-05-29,40.1920051574707,40.35135860287781,39.73165582944574,39.997241703134065,4123634
2013-05-30,40.51070022583008,40.723169848562236,39.713942742822816,40.08576338185798,4814631
2013-05-31,40.121185302734375,40.72317950794323,39.89100942326233,40.70547570309313,8210037
2013-06-03,39.4483642578125,40.15659326342182,39.18277838070901,40.13888945947572,2337051
2013-06-04,40.08576583862305,40.31594167760521,39.377536921433084,39.377536921433084,6339450
2013-06-05,39.8201904296875,39.979541497515235,39.64313315399158,39.85560284542389,2941759
2013-06-06,39.67854309082031,39.87330656221663,39.55460204497915,39.55460204497915,3741327
2013-06-07,39.18277359008789,39.908708712380644,39.11195117848449,39.32442081478708,3373193
2013-06-10,38.952606201171875,39.483777972924614,38.88178377857006,39.306720715673706,4178032
2013-06-11,38.19124984741211,39.60770749343333,37.99648644078579,38.72242146467007,4988953
2013-06-12,38.24437713623047,38.74013649547007,37.961085044596665,38.24437713623047,1985386
2013-06-13,37.44762420654297,38.38602682695296,37.30597694209888,37.978796044848934,3320850
2013-06-14,38.6338996887207,38.77554451775581,37.53614385847498,37.62467247699504,5440747
2013-06-17,38.3151969909668,38.75784010401318,37.89026008274078,38.61619526843537,1761508
2013-06-18,38.386016845703125,38.84636613283214,38.01419857676471,38.244372019583004,2599492
2013-06-19,38.06731414794922,38.31519379024968,37.83714070899001,38.22666517503577,3158484
2013-06-20,37.48302459716797,37.99649249688375,37.37678977648566,37.961080089492164,3936637
2013-06-21,37.961082458496094,38.12043349871783,37.18203106069561,37.412204518627824,8100913
2013-06-24,37.500736236572266,38.421434947283785,37.199737934591596,37.74861591976605,7726193
2013-06-25,36.50922393798828,37.89027233828636,36.137403122465976,37.606980174007774,5865050
2013-06-26,37.536155700683594,37.677800574405964,36.27904844079794,36.40298710493171,9917951
2013-06-27,37.73090744018555,38.24437538339132,37.483027771926714,37.7132036364827,10124040
2013-06-28,39.41295623779297,39.69624833463437,37.89026331857662,37.89026331857662,13955319
2013-07-01,39.97952651977539,40.12117372816189,39.12965287542476,39.12965287542476,4880398
2013-07-02,39.430660247802734,39.94412579388759,39.16507437208718,39.69624612351828,4836103
2013-07-03,38.35061264038086,39.218192734944466,38.17355538020491,39.218192734944466,3203552
2013-07-04,38.12042999267578,38.775542699603534,37.62467071280617,38.42142824212742,5239017
2013-07-05,38.10272216796875,38.563068992888674,37.819430151600415,38.24436697540686,2878063
2013-07-08,37.28825759887695,38.06731127516116,37.11120038181094,38.06731127516116,5074736
2013-07-09,38.89948272705078,38.952598933718974,37.48302253182213,37.64237355331901,5626482
2013-07-10,38.29749298095703,39.34213270880836,38.19126054893184,39.11195683593742,6811029
2013-07-11,39.07654571533203,39.448364019839794,38.65160639333576,38.93489847416906,5779104
2013-07-12,39.058837890625,39.2181889290206,38.26208029715445,39.20048272442274,3580274
2013-07-15,38.970314025878906,39.28901614157117,38.61619949666847,38.934901612360726,2918182
2013-07-16,39.0234375,39.27131723623517,38.3506207300055,38.3506207300055,2477162
2013-07-17,39.27130889892578,39.731658255054974,38.88178436796476,38.98801920422424,9890923
2013-07-18,39.306724548339844,39.55460425236249,39.04113863656709,39.14737348157479,5820812
2013-07-19,39.430660247802734,39.59001129293353,39.16507437208718,39.59001129293353,4552788
2013-07-22,39.359825134277344,39.59000094060476,39.05882932806892,39.200474130814996,2515956
2013-07-23,39.00571823120117,39.74935959243584,38.66930995883025,39.74935959243584,5415186
2013-07-24,38.952606201171875,39.182779675000965,38.50996305804459,38.63390409871733,2594203
2013-07-25,39.00571823120117,39.57230235418877,37.64237653610178,39.16507166681752,4206471
2013-07-26,38.36831283569336,39.21818659079464,38.2620780159326,39.12965797457607,5399927
2013-07-29,38.27978515625,38.82866066904315,38.01419930109493,38.66930963624861,2056881
2013-07-30,37.376792907714844,38.315197767282015,37.05809082046116,38.279787758416404,1322467
2013-07-31,35.80097961425781,37.18202743153123,34.79175245553848,36.863322980702435,6050144
2013-08-01,36.42069625854492,36.81022329500825,35.05735403241669,35.69476081867786,4448345
2013-08-02,32.3483772277832,35.53540866253254,30.64862664895155,35.0573529867228,31014744
2013-08-05,33.03889083862305,33.57006259350804,31.055848659788676,32.560835298629485,15799229
2013-08-06,33.127418518066406,33.817941299391784,32.73789401650746,32.93265506654063,14382559
2013-08-07,33.03889083862305,33.623181209892145,32.77330496118055,33.28677051060418,5717703
2013-08-08,33.994998931884766,34.349113429045254,33.10971268898355,33.21594751843022,6778874
2013-08-12,33.67629623413086,34.490760043123686,33.49923898876253,34.17205556056515,9452703
2013-08-13,34.04811096191406,34.17204957105298,33.286763499380015,33.62317412780948,2256717
2013-08-14,34.384521484375,34.756342139598964,33.83564360299603,33.994994626237066,9066232
2013-08-16,34.70322799682617,35.07504869989986,33.81794175212341,34.38452590933023,16654810
2013-08-19,34.17206573486328,34.59700517146165,33.552365191566174,34.38453545316247,5042098
2013-08-20,34.15435028076172,34.34911132105347,33.58776615947894,34.17205408333916,5439143
2013-08-21,34.56157684326172,35.00421988473442,34.2251686120409,34.331403422292794,17512680
2013-08-22,34.73863983154297,34.96881329075433,34.01270464261795,34.34911292973171,11299648
2013-08-23,34.63241195678711,34.77405922292635,34.20747496135555,34.63241195678711,19297499
2013-08-26,34.68552017211914,34.86257740053389,34.419934329497025,34.59699155791177,24410353
2013-08-27,33.888763427734375,36.56232811890618,33.570058968324226,34.70322477607802,13466053
2013-08-28,33.2336540222168,34.278291317928584,32.63165985193311,33.640884737013586,11398478
2013-08-29,34.45534896850586,34.880285893556504,33.19824199738267,33.19824199738267,15533827
2013-08-30,34.57929229736328,34.827171986613024,33.21595040425045,34.31370640141866,8242572
2013-09-02,35.05734634399414,35.23440361237553,34.41994209901545,34.59699936739684,15403306
2013-09-03,33.87105941772461,35.41145840090113,33.33988768580065,35.23439875543391,4877060
2013-09-04,34.11894607543945,34.31370956404839,33.33989452249677,33.49924559445206,4850453
2013-09-05,34.47372055053711,35.99672754732801,34.04369310136279,34.95749778548685,9746210
2013-09-06,35.45918655395508,35.978800086223764,34.07952077459794,34.38412306777974,7041237
2013-09-10,36.641761779785156,37.10762074195833,35.56669571945095,35.56669571945095,8723482
2013-09-11,35.477115631103516,36.874700145084596,35.136679218937516,36.51634551538399,5150080
2013-09-12,35.477115631103516,36.068402228258236,35.20834965882806,35.656292945953815,5409563
2013-09-13,35.745872497558594,35.90713154283205,35.280011143243094,35.29792692474797,6331674
2013-09-16,36.749267578125,37.250965415813816,35.54878127094464,35.74587676324212,14084730
2013-09-17,36.39090347290039,36.749257935688284,35.3158400845367,36.570080704294334,5923058
2013-09-18,35.978790283203125,36.372981092829015,35.44125868657489,36.01462669507686,4635243
2013-09-19,35.978790283203125,37.322619274773714,35.56668126764037,36.83883986570978,10203659
2013-09-20,36.40882873535156,36.749265054901386,36.01464020806915,36.104228841121596,15290056
2013-09-23,35.56669235229492,36.15797875101306,35.423351520619214,35.8712946574146,3730187
2013-09-24,35.53085708618164,35.78170474774803,35.13666616782948,35.31584341612647,8304198
2013-09-25,36.01464080810547,36.14006343832021,35.190424884241416,35.47710657058783,5150528
2013-09-26,35.58461380004883,35.925052559172066,35.315847893528755,35.83546392366538,6791644
2013-09-27,35.45918655395508,35.978800086223764,35.31584329765019,35.584609169194025,4575709
2013-09-30,35.13666915893555,35.45918969147376,34.67080778765625,35.190423796148835,5763141
2013-10-01,35.477115631103516,35.54878850124193,35.08292699658157,35.20834965882806,4024187
2013-10-03,35.79962921142578,35.925054279239326,35.333767798436405,35.835465639443186,11166670
2013-10-04,35.100826263427734,35.65627369538323,35.011237654370845,35.65627369538323,16408671
2013-10-07,35.13666915893555,35.190423796148835,34.59913736828571,34.9574918953856,3643908
2013-10-08,35.20833969116211,35.40543516774825,35.011246644823146,35.33376474814797,7001377
2013-10-09,35.495018005371094,35.62044304188176,34.93956809121168,34.93956809121168,5815351
2013-10-10,35.56669235229492,35.67419919117522,35.20833784285861,35.495021936457064,4045318
2013-10-11,35.45918655395508,35.799622838527874,35.35167971928815,35.67419779304197,2594571
2013-10-14,35.674198150634766,35.79962319737791,35.22625502690492,35.477102690144235,3588795
2013-10-15,35.45918655395508,35.88921146237582,35.20833646298327,35.71003421467993,6566169
2013-10-17,34.97540283203125,35.763782141598966,34.778307397077654,35.38750948036877,7117518
2013-10-18,35.65627670288086,35.83545636635446,34.77830874611871,35.29792223642718,15690831
2013-10-21,35.65627670288086,35.81753815698242,35.495017679026056,35.65627670288086,2023039
2013-10-22,36.53425216674805,37.12553614646367,35.58461124053413,35.58461124053413,9232804
2013-10-23,36.050472259521484,37.01802895827365,35.94296541960522,36.87468812521669,3579487
2013-10-24,35.477115631103516,36.39092042288963,35.19043387154132,36.19382732075259,7207079
2013-10-25,35.907142639160156,36.104238168845654,35.226267393905516,35.692128892185465,5281406
2013-10-28,35.38752365112305,36.15798749078877,35.22626456894806,35.942973761057026,5287076
2013-10-29,35.978790283203125,36.17588568801607,35.11873827045017,35.33375188119999,7086272
2013-10-30,35.88921356201172,36.10422724392457,35.835461356657056,36.06839082019006,3289474
2013-10-31,36.30132293701172,36.73135033226842,35.42335479381596,36.175900305267916,8249061
2013-11-01,35.082908630371094,36.516326398766736,34.9754018116921,36.30131276140875,9616570
2013-11-05,34.097442626953125,35.13666980247781,33.882428934656254,35.02916295632937,17767298
2013-11-06,34.49163055419922,34.67080781790549,34.15119423920674,34.15119423920674,9564186
2013-11-07,34.061607360839844,34.491632329823084,33.88243008790955,34.36620969692026,9949028
2013-11-08,34.419960021972656,34.56330329061625,33.55991013109978,33.774921388694416,6427427
2013-11-11,34.384124755859375,34.545383800653255,33.75700435813545,34.366206544160704,7123880
2013-11-12,34.169105529785156,34.47370778847958,33.97201009358563,34.384119174774945,5714533
2013-11-13,34.402034759521484,34.491623372721435,33.8824212890111,33.98992811090037,4914428
2013-11-14,34.402034759521484,34.652884820678686,34.312446146321534,34.43787117690013,2329910
2013-11-18,34.5274658203125,34.65289087279655,34.29453635741022,34.50954760849376,4220710
2013-11-19,34.061607360839844,34.52746875650806,33.81075966478689,34.25870284711262,6280476
2013-11-20,33.59574508666992,34.20494974290054,33.52407466542139,33.90034741478523,5017948
2013-11-21,33.47031021118164,33.75699422153322,33.21946261346639,33.68532139626056,4281191
2013-11-22,33.649505615234375,33.757012481048584,33.398657881833,33.398657881833,7516975
2013-11-25,33.73909378051758,33.90035286179925,33.577834699235915,33.577834699235915,8325845
2013-11-26,33.77491760253906,33.918260855113935,33.452399537177676,33.595740359505655,7679212
2013-11-27,33.02238082885742,33.93618542563848,32.91487397683953,33.59574665587393,4670852
2013-11-28,33.936180114746094,34.043684519692576,32.84319841239878,33.058209652538714,21937834
2013-11-29,34.07952117919922,34.25869842902235,33.470319015849974,33.81075530446452,19972565
2013-12-02,33.54199981689453,33.936190860675865,33.00446790096421,33.00446790096421,12138526
2013-12-03,33.59574508666992,33.68533372079239,33.398652035798264,33.506156452547444,10819239
2013-12-04,34.258697509765625,34.36620434282419,33.43448169664584,33.541988529704405,21813713
2013-12-05,34.509552001953125,34.63497707040521,34.0974452288918,34.581222428105434,14177075
2013-12-06,35.45918655395508,35.799622838527874,34.38412306777974,34.38412306777974,25973812
2013-12-09,36.30132293701172,36.498418421463164,35.29792973182488,35.656284274373945,30640399
2013-12-10,35.2620964050293,36.37299648011634,34.760398577789495,36.30132362604829,28724268
2013-12-11,35.118751525878906,35.29792879238471,34.814151630967366,34.9395742593731,7491141
2013-12-12,35.100826263427734,35.19041487248463,34.90373083745326,35.011237654370845,9916532
2013-12-13,34.939571380615234,35.172503266029274,34.77831234009599,34.83206697376708,12252500
2013-12-16,35.477115631103516,35.620458941132476,34.688735931811756,34.7604063717023,21800566
2013-12-17,35.369598388671875,35.566691419495086,35.06499609154093,35.26209155261113,18137305
2013-12-18,35.83545684814453,36.44465896325685,33.95409344372197,34.04368206153987,156704650
2013-12-19,35.56669235229492,36.193815174055516,34.49162882398599,34.93957196078138,508752991
2013-12-20,35.62044143676758,35.925043694426584,35.20833235697912,35.40542779250867,55032517
2013-12-23,35.72795867919922,35.79962910477313,35.315849479216304,35.47710854431945,27772323
2013-12-24,35.31584548950195,35.727954642927926,35.28001149588694,35.65628179520368,16656973
2013-12-26,35.477115631103516,35.69212938102302,34.88583146419666,35.154597436472116,58569185
2013-12-27,35.76378631591797,35.87129315028137,35.19042058305808,35.477102234364544,17259233
2013-12-30,35.477115631103516,35.907143130942536,35.33377475132242,35.620458941132476,10546799
2013-12-31,35.79962921142578,35.835465639443186,35.42335643823254,35.51294507802867,12881038
2014-01-01,35.65627670288086,35.79961994761038,35.53085409777013,35.78170173823835,3186233
2014-01-02,36.516326904296875,36.695504127826844,35.83545442698162,35.87128841353963,29730385
2014-01-03,36.08631896972656,36.82094641661335,35.88922344540361,36.516344021728074,10720086
2014-01-06,35.79962921142578,36.193820198627726,35.51294507802867,36.193820198627726,6603244
2014-01-07,35.405426025390625,35.83545329244537,35.315837416461974,35.799616876775296,12753362
2014-01-08,35.38752365112305,35.65628959816391,35.297935002109426,35.31585321796168,10653844
2014-01-09,35.42334747314453,35.65627690556477,35.29792243707408,35.38751105419675,12969982
2014-01-10,34.92164993286133,35.65627460160138,34.599129473911596,35.65627460160138,21668655
2014-01-13,35.118751525878906,35.262094797231875,34.68872657231442,34.68872657231442,11775173
2014-01-14,34.92164993286133,35.297920156266095,34.81414311321142,35.082908947212886,6262293
2014-01-15,34.939571380615234,35.65628038758702,34.79623055131969,34.957489591838936,8229009
2014-01-16,35.20833969116211,35.351682960609836,34.99332843236128,35.08291706442342,15169976
2014-01-17,34.84998321533203,35.208337723554045,34.65289018000756,35.11874909649855,11229974
2014-01-20,35.29793167114258,35.441274954186056,34.76039982778623,34.76039982778623,13050752
2014-01-21,35.064998626708984,35.387516727962,35.01124641991587,35.17250547054238,11629511
2014-01-22,35.15458297729492,35.441267049191026,35.06499435671782,35.08291256688261,12315468
2014-01-23,35.13666915893555,35.28001242792381,34.97541010779003,35.11875094653112,5617086
2014-01-24,35.15458297729492,35.36959663877872,35.02915793638823,35.047076146553025,11973294
2014-01-27,34.599143981933594,35.441278253691706,34.3482962510634,34.90374636029231,12637443
2014-01-28,34.61705017089844,34.760390987238885,34.5095433435197,34.599131961294184,7516995
2014-01-29,34.2945442199707,34.7424874669016,34.18703735465776,34.65289881751542,5177129
2014-01-30,34.258697509765625,34.50954516673767,34.04368384364849,34.29453393086745,28308126
2014-01-31,34.222862243652344,34.40203949471471,34.11535783721253,34.40203949471471,15088682
2014-02-03,34.115360260009766,34.634973838943026,34.025771628116196,34.097442047581616,4482727
2014-02-04,34.169105529785156,34.47370778847958,33.97201009358563,34.061598707290266,8237100
2014-02-05,34.67080307006836,34.706639490001024,33.936178333670256,33.936178333670256,8121381
2014-02-06,34.47372055053711,34.58122498258311,34.13328174823285,34.402047688843005,8396200
2014-02-07,34.939571380615234,35.0649964289341,34.330369210738624,34.47371247028119,6497909
2014-02-10,34.76038360595703,35.11873800095928,34.65287923165338,34.885808616306335,3792896
2014-02-11,34.258697509765625,34.9037360778701,34.22286108866379,34.796229244811535,5013980
2014-02-12,34.2945442199707,34.52747373627571,34.16911913873099,34.36621465343012,5538187
2014-02-13,34.04368209838867,34.36620258103026,34.007848109370805,34.24077754385073,6549052
2014-02-14,34.133270263671875,34.169106682461326,34.02576586779706,34.11535448452392,14754417
2014-02-17,34.24077606201172,34.34828288490634,34.079517042793135,34.079517042793135,4752663
2014-02-18,34.31245040893555,34.43787545509562,34.22286178460605,34.27661641735193,4866082
2014-02-19,34.00785446166992,34.348290787286864,33.882429401062346,34.240783939658556,2804777
2014-02-20,34.07952117919922,34.27661664005406,33.7749188824011,33.90034392937609,5141168
2014-02-21,34.15119552612305,34.29453880063796,34.07952510398922,34.13327731302777,4456386
2014-02-24,34.061607360839844,34.1332777839625,33.70325281497926,34.1332777839625,5118446
2014-02-25,34.15119552612305,34.25870237444742,34.0078546818554,34.07952510398922,4052135
2014-02-26,34.115360260009766,34.473714787584036,33.989935203259904,34.222864674084306,21051173
2014-02-28,33.86450958251953,34.18703011011332,33.416566430511885,34.061605055452326,27401493
2014-03-03,33.936180114746094,34.15119135488603,33.63157782007247,33.72116644435919,15373777
2014-03-04,34.92415237426758,35.08760341128269,34.10689472591061,34.21586290501448,9410466
2014-03-05,34.99679946899414,35.10576765576723,34.65173559694735,34.94231660724839,5385763
2014-03-06,35.450828552246094,35.7050859911878,34.92415190087798,34.996796531535416,7952223
2014-03-07,35.959346771240234,36.122800284508216,35.323701883185265,35.323701883185265,13092149
2014-03-10,35.92302703857422,36.06831631886624,35.48715673441648,35.86854171100345,11546535
2014-03-11,35.90486526489258,35.99567168090101,35.650607792725296,35.74141420873373,7773473
2014-03-12,35.77773666381836,35.86854308329545,35.52347918193887,35.72325379744482,15253272
2014-03-13,35.88669204711914,36.32256467561374,35.632434656017885,35.795885660062915,12326297
2014-03-14,35.72325134277344,36.32257514810963,35.59612137892835,35.70508956746963,11859122
2014-03-18,36.849246978759766,37.03085978121561,35.77772947364525,35.77772947364525,15512927
2014-03-19,37.157989501953125,37.57570045071739,36.81292564916972,36.81292564916972,12921191
2014-03-20,36.068321228027344,37.1216772749998,35.95935302133612,36.94006441827511,6054665
2014-03-21,36.63131332397461,37.35776458721343,36.15911951021308,36.24992591811793,21508819
2014-03-24,37.48488998413086,37.84811557156945,36.6857941844222,36.6857941844222,9956813
2014-03-25,38.35663604736328,38.48376600696824,37.26695912485742,37.26695912485742,14139614
2014-03-26,37.775474548339844,38.68353860351326,37.63018282154326,38.50192579247858,6805235
2014-03-27,38.3203125,38.64721457044278,37.77547407374112,37.77547407374112,20892387
2014-03-28,39.02861022949219,39.31919127771131,38.066060661221464,38.26583528582723,6967406
2014-03-31,38.138702392578125,39.337347507902926,37.9752488824981,38.937798315034144,6602071
2014-04-01,39.2283821105957,39.75505883806278,38.175026192379825,38.32031793796911,13292951
2014-04-02,39.37367248535156,39.62793243136699,38.955963939666425,39.28286606556942,8823613
2014-04-03,39.48263931274414,39.80954389059399,38.82883262032614,39.26470539079261,6355761
2014-04-04,38.71986770629883,39.500804433442006,38.62906128197627,39.500804433442006,7240495
2014-04-07,38.82883071899414,39.319186330116814,38.42928152005851,38.75618608190082,6247841
2014-04-09,38.774349212646484,39.01044490727469,38.33847644828416,38.88331740373707,6654828
2014-04-10,39.155731201171875,39.30102046022072,38.574569238413844,38.82882667338999,9464658
2014-04-11,39.10124588012695,39.21021405605023,38.919633074681926,38.93779484788269,6290384
2014-04-15,39.173892974853516,39.30102046070248,38.79250559074397,38.955956622996254,9004170
2014-04-16,39.11941146850586,39.30102429166294,38.392960175877526,39.13757324347788,10220793
2014-04-17,38.93779373168945,39.046761904489045,38.556406358531504,39.0286001318089,10918544
2014-04-21,38.4837646484375,39.301022311466554,38.41112001549121,38.79250741756105,4950498
2014-04-22,38.4837646484375,38.68353923650089,37.90260265830427,38.57457105544073,8749084
2014-04-23,38.35663604736328,38.84699164780353,38.21134677634178,38.465604232270174,11101407
2014-04-24,38.35663604736328,38.35663604736328,38.35663604736328,38.35663604736328,0
2014-04-25,38.3203125,38.610891023379644,37.99340796627585,38.28398895293686,5635586
2014-04-28,38.538246154785156,38.683537878860015,38.06605236228424,38.22950585977863,4189566
2014-04-29,38.35663604736328,39.010442693523096,38.193185001643705,38.792508786990844,8984063
2014-04-30,38.42927932739258,39.19205413155461,38.10237724748395,38.41112001661655,9560866
2014-05-02,37.975242614746094,38.66537270095264,37.811791594924934,38.35662996984956,2642603
2014-05-05,38.17502975463867,38.35664260611098,37.75732118156513,37.88444869962658,1955739
2014-05-06,37.230628967285156,38.19317569565599,37.04901619111852,38.102369307572665,4306301
2014-05-07,37.230628967285156,37.64833736715606,37.04901619111852,37.30327358509563,6851875
2014-05-08,37.61201477050781,38.02972564414236,37.23062990161151,37.55753192160291,6511390
2014-05-09,38.8106689453125,38.95595821028303,37.61202142453918,37.702827830966115,19808139
2014-05-12,40.49966812133789,41.044506573376616,38.66537817348455,38.66537817348455,8560913
2014-05-13,40.99002456665039,41.87992443423155,40.71760533496091,40.82657105701147,14210275
2014-05-14,40.68128967285156,41.407741098203765,40.49967681651351,41.02635360723745,8786547
2014-05-15,41.571189880371094,41.9888984168156,39.31918874896776,40.517833956231726,17562208
2014-05-16,43.405479431152344,45.6393164199388,42.51557452775565,42.51557452775565,35379329
2014-05-19,44.40434265136719,45.47586021916871,43.69605070972715,43.69605070972715,25035487
2014-05-20,45.366886138916016,46.34759722588993,44.6585991774904,45.021824776138146,22538200
2014-05-21,45.20343780517578,45.71195266055429,44.67675871383509,45.03998431432867,10213784
2014-05-22,45.54850769042969,46.111510432452704,44.73124993643539,45.07631629208058,17055437
2014-05-23,47.5280876159668,47.94579613232902,43.60524760082137,45.76644221054708,22941667
2014-05-26,46.5473747253418,48.962823995128225,44.67675893239861,47.83682364277712,23747350
2014-05-27,46.09334182739258,46.67450382716795,45.039988473991386,45.621150473766754,11091241
2014-05-28,45.348731994628906,46.129666135354015,45.14895986324447,46.129666135354015,13246147
2014-05-29,45.42137145996094,46.12965838302603,45.18527089237702,45.711949952516534,14803509
2014-05-30,44.31352996826172,45.948045054475806,43.64156166972794,45.58481947976156,69911271
2014-06-02,45.475860595703125,45.893569083934835,44.386183708196285,44.42250725642576,13367356
2014-06-03,45.494022369384766,45.966218668804785,44.87654172230758,45.40321595717666,18372713
2014-06-04,45.13078689575195,45.73010810054284,44.9673383452974,45.49401246551153,23251745
2014-06-05,46.09334182739258,46.67450382716795,45.58482692505024,45.65747402248327,19424103
2014-06-06,46.52920150756836,46.63817212315199,45.784591137274006,46.45655443051261,14951210
2014-06-09,49.88904571533203,51.795980066287235,46.547373237214615,46.80162819473788,41900147
2014-06-10,49.38053894042969,51.21482650227389,48.85385977731318,50.63366940353411,22963428
2014-06-11,48.58143997192383,49.81641110871759,47.782346507216054,49.38053836319472,14529763
2014-06-12,49.56215286254883,49.96170207169935,48.01844381590253,48.526958751838066,15766959
2014-06-13,48.45431137084961,50.306758086571044,47.21934032495164,49.87089029969184,10439654
2014-06-16,47.8731575012207,48.30902536190308,47.09222327342163,48.30902536190308,11540459
2014-06-17,48.490631103515625,48.96282737500021,47.60073127246117,47.60073127246117,16756330
2014-06-18,48.65408706665039,49.580310492586484,47.76418226403483,48.67224637831066,13262126
2014-06-19,47.65522003173828,49.03547561591736,47.4736071955798,48.6722499436004,4904553
2014-06-20,48.054771423339844,48.43615642584352,47.455450022306756,47.909482133174805,9100975
2014-06-23,47.72785949707031,48.490629345589255,47.49175890660592,47.945790924325614,9955400
2014-06-24,48.091102600097656,48.50881122299152,47.90948972696428,48.290874789918576,10866416
2014-06-25,48.091102600097656,48.39984054317281,47.727876853830914,47.94580836033937,14393130
2014-06-26,48.145565032958984,48.490626389452345,47.800498749903234,48.327177828975195,19577916
2014-06-27,49.59846496582031,49.90720768920118,47.76417286018231,48.30901122147955,21315448
2014-06-30,50.56101608276367,50.92424168807268,49.87088841798907,50.05250122064358,33365772
2014-07-01,50.851600646972656,51.45092690829352,50.28860286238034,50.851600646972656,17681327
2014-07-02,51.323795318603516,51.850474462893494,51.06953540207119,51.06953540207119,15633096
2014-07-03,51.03322219848633,51.578060764451,50.54287143036932,51.48725433679023,10773481
2014-07-04,52.37714767456055,53.13992248294317,50.68814948021803,50.996892251058966,11771805
2014-07-07,53.04911422729492,53.37601629762366,52.32266299253653,52.84934210836146,13259170
2014-07-08,50.03435134887695,53.17625767806447,49.39870635709793,53.03096837954206,14948074
2014-07-09,49.471351623535156,50.63367582146833,48.59961093836718,50.12515590577019,8629784
2014-07-10,49.96169662475586,50.76079002937454,47.21934024963624,49.76191957867913,17933570
2014-07-11,48.20004653930664,50.433882882559956,47.47359537554542,49.87088520126991,11319671
2014-07-14,48.65408706665039,49.6529575923538,47.854988675462415,48.200055009512475,7915363
2014-07-15,49.08995819091797,49.36237741620399,48.345342685865056,48.8356982766925,9737615
2014-07-16,49.489505767822266,49.83457211363262,48.41799303239619,49.162603660854366,6411041
2014-07-17,50.379398345947266,50.63365821538637,49.289721636743266,49.416851571462814,8924449
2014-07-18,49.798248291015625,50.17963818586828,49.36238045962249,50.07066753309755,5148178
2014-07-21,49.72560501098633,50.12514928257927,49.54399218696657,49.79824718465634,4656631
2014-07-22,49.30788040161133,50.05249576730471,48.908336220552776,49.761912358779725,6944595
2014-07-23,49.507667541503906,50.19779527219743,49.108118352187745,49.56215040219178,7269605
2014-07-24,48.90835189819336,49.58031546895181,48.67225126353378,49.471349734927095,5942240
2014-07-25,48.96283721923828,49.253415808910496,47.982125857607805,48.853866553188304,8230977
2014-07-28,48.38166809082031,49.25340865986928,48.01844244316965,49.03547228596625,5386124
2014-07-30,48.92650604248047,49.38053809721997,48.309020477409504,48.309020477409504,8577572
2014-07-31,48.34535217285156,48.90835497152723,48.09109713529564,48.74490143365534,19081582
2014-08-01,47.146697998046875,48.30901701903333,46.9469209523254,48.30901701903333,10682255
2014-08-04,48.1092529296875,48.92651070611901,46.620026662877365,47.58257372536177,23311942
2014-08-05,48.1092529296875,48.69041500046262,47.58257372536177,48.30902508218978,16126934
2014-08-06,48.69040298461914,48.99914572039206,47.709691924296294,47.89130471868479,9867110
2014-08-07,48.85386276245117,49.5258312413122,48.61776706084149,48.944669180498245,11406313
2014-08-08,47.90947341918945,48.72673107010553,47.382794295751744,48.58143687980354,5755079
2014-08-11,47.92763900756836,48.59960748276403,47.21934698003929,48.59960748276403,7165189
2014-08-12,48.03659439086914,48.272694966898136,47.618885945418626,47.982111537386444,4457748
2014-08-13,48.054771423339844,48.76305856035577,47.52809220410742,47.94580076079329,7838517
2014-08-14,48.38166809082031,48.672246638315585,48.14557240516001,48.49063381449025,4598772
2014-08-18,48.96283721923828,49.14445006942438,48.072932282700855,48.163738707793904,5649943
2014-08-19,49.59846496582031,50.088820476300256,48.454305392408536,49.07178591260812,7522151
2014-08-20,49.798248291015625,49.97986111907024,49.507669736753535,49.652959013884576,11632976
2014-08-21,49.56215286254883,49.79824855495855,49.25341006790691,49.652959277057434,5097954
2014-08-22,48.72673797607422,49.72560857987344,48.63593155754702,49.58031436897911,3969492
2014-08-25,48.1092529296875,48.85386359981078,47.94579940377577,48.744897866912005,7109144
2014-08-26,47.58256149291992,48.30901266299313,47.364630083147794,47.92762776932962,7855848
2014-08-27,47.03773880004883,48.01845017728974,46.438417370207794,47.473611618058996,14179712
2014-08-28,46.92876434326172,47.32831353113981,46.29311947554389,47.05589430211789,24486863
2014-09-01,48.091102600097656,48.236391913291456,46.202326748884786,46.49290537527239,7250215
2014-09-02,48.12740707397461,48.39982630352658,47.673375024721324,47.87315208233059,8985537
2014-09-03,48.21822738647461,48.49064669457261,47.72787657314978,48.36352162537844,8220774
2014-09-04,49.212371826171875,49.3407638595282,47.89172611676755,48.46033504514664,8542895
2014-09-05,49.322418212890625,49.707604222512664,48.79048993706643,49.395789345991695,5566453
2014-09-08,48.82718276977539,49.78098276371076,48.33193998680278,49.52418873530595,6820385
2014-09-09,49.1756706237793,49.524170993866406,48.973902537838164,49.01058809670586,6490318
2014-09-10,49.9460563659668,50.11113394682185,49.06562269875337,49.06562269875337,5594235
2014-09-11,50.569698333740234,50.69809534327672,49.63424364763614,50.09280084193501,6309287
2014-09-12,49.5792121887207,50.58803790241936,49.39578933168458,50.36792947884333,7528757
2014-09-15,50.16617202758789,50.367940198668066,49.10232022549117,49.1756913741866,3929071
2014-09-16,49.872684478759766,50.5513500137509,49.340756227524324,49.98273619766073,6434969
2014-09-17,49.9460563659668,50.11113394682185,49.08396796929057,50.07444838141075,5122756
2014-09-18,50.09278869628906,50.58803134118665,49.57920575833197,49.81765444641961,16935401
2014-09-19,50.202857971191406,51.046606284736846,49.799326601727465,49.799326601727465,17128011
2014-09-22,50.25785446166992,50.40459667434622,49.68924580236496,50.1844883309934,7010679
2014-09-23,50.074462890625,50.77147390840705,49.79932853381568,50.44130869970409,10349414
2014-09-24,49.835994720458984,50.4046084887032,49.65257188728268,49.92770613704714,6457902
2014-09-25,49.89103317260742,50.27622420493485,49.61589885337243,49.89103317260742,16106351
2014-09-26,50.25785446166992,50.40459667434622,49.54250856535029,49.90935414571778,5236288
2014-09-29,51.19332504272461,51.39508816645665,50.07444278879738,50.257865619703864,8073293
2014-09-30,49.61588668823242,51.00990321596096,49.19401516397539,50.97321765392495,12952693
2014-10-01,49.872684478759766,50.62471616779713,49.41412735723377,49.891024773355525,7924373
2014-10-07,50.34959411621094,50.533017009343475,49.50585079806702,49.872696584332104,8847590
2014-10-08,50.58804702758789,50.91820723467515,50.18451567418599,50.2578818448363,4593053
2014-10-09,50.64307403564453,50.95489395098082,50.36793969428859,50.679759609624874,9248781
2014-10-10,49.90937423706055,50.569694557273614,49.78097723711255,50.44129755732562,11619666
2014-10-13,49.46915817260742,50.01942677356568,49.35910644268125,49.46915817260742,10406480
2014-10-14,49.90937423706055,50.129482669019445,49.28573450912093,49.57921407695401,14165351
2014-10-15,49.90937423706055,49.90937423706055,49.90937423706055,49.90937423706055,0
2014-10-16,49.13899612426758,49.94605869834698,48.60706784012476,49.89102785982885,11263977
2014-10-17,49.194034576416016,49.70761772059651,48.97392609300586,49.505854513275,5532569
2014-10-20,49.56086349487305,50.0744464639727,48.973909397760686,48.973909397760686,7878465
2014-10-21,51.34006881713867,51.67022895946932,49.57921140759963,49.79931485204449,6706899
2014-10-22,51.285057067871094,51.90869195817285,50.97323713488785,51.725269053555024,11612786
2014-10-27,52.1104621887207,53.339396693140365,51.41345611888512,51.688590486635874,11023074
2014-10-28,52.27552795410156,52.422265241150264,51.285042559112014,52.00038869934818,7011349
2014-10-29,52.29386901855469,52.825797289554195,51.358409470486244,52.605688867910835,13392055
2014-10-30,52.990882873535156,53.26601719820775,51.945371444646476,52.09210875600569,15543181
2014-10-31,53.48611831665039,53.68788147013644,52.7707671803572,52.99087560503691,12145111
2014-11-03,53.13761520385742,55.026874703377636,53.027563474570115,53.742914641928614,13632949
2014-11-05,52.257171630859375,53.52279103725613,52.11043437484611,53.08257429355405,5298871
2014-11-07,53.15596008300781,53.37606851561942,52.12878905604152,52.12878905604152,4488647
2014-11-10,54.329864501953125,54.806766944624435,52.36724379293728,53.19264669975605,10354057
2014-11-11,54.16477584838867,55.357024248176906,53.8896416022837,54.66001848651018,8362310
2014-11-12,52.44060134887695,54.146432747895325,52.110441235464194,53.90798405352294,6309241
2014-11-13,53.06425476074219,53.32104381530368,52.458960233112116,52.807460730516475,10971261
2014-11-14,52.86249542236328,53.52282090642032,52.45896898704875,52.770783964216335,6123081
2014-11-17,53.834632873535156,53.94468461672062,52.7157502647161,52.972544299701276,4923950
2014-11-18,54.42156982421875,54.95349807247359,53.559486421111046,53.90798684612009,6475424
2014-11-19,53.79792022705078,55.02685396060055,53.28433739120273,54.568296968653755,5431984
2014-11-20,53.61452102661133,53.92634091350286,52.917515087224594,53.63286132409624,3590544
2014-11-21,53.76124954223633,53.926332095261614,53.35771828257921,53.35771828257921,5424821
2014-11-24,52.257171630859375,53.37605378124286,51.798614596029,53.11925985147294,6633290
2014-11-25,51.02825927734375,51.725265268757795,49.83601048456613,51.725265268757795,55543705
2014-11-26,51.04659652709961,51.541834274945145,50.643065234771306,50.80814282549862,5741991
2014-11-27,51.633541107177734,52.20215491525107,51.11995813344222,51.11995813344222,4482174
2014-11-28,52.348899841308594,52.67906001723219,51.156651168049486,51.688579489461404,4619433
2014-12-01,50.75310516357422,52.422255808443175,50.55134205214483,52.07375046070613,2477146
2014-12-02,50.64307403564453,51.064945697257414,50.53301731370348,50.62472876082213,2350906
2014-12-03,50.331241607666016,51.00990714275666,50.221189888748924,50.62471617522041,8617759
2014-12-04,50.074462890625,50.5146798517858,49.780988233627625,50.2945713712054,4516507
2014-12-05,50.16617202758789,50.6981004164685,49.89103768347678,50.001094406519925,5700055
2014-12-08,49.835994720458984,50.734768593287974,49.68925744905051,50.16615482504377,3081176
2014-12-09,49.5058479309082,50.202853889311484,49.37745091801873,49.67093051543241,4817465
2014-12-10,50.34959411621094,50.55136228405538,49.267402032127606,49.377453777741366,3714413
2014-12-11,49.872684478759766,50.62471616779713,49.43246765182952,50.58803557860562,3222482
2014-12-12,49.45082092285156,50.019429855275085,48.99226372713453,49.927718416131675,4812683
2014-12-15,49.322418212890625,49.59755249852449,48.77214964162288,49.0656242227003,2791969
2014-12-16,48.808841705322266,49.46916208847618,48.47868151374531,48.992264586827694,4811157
2014-12-17,48.056793212890625,49.28572721509376,47.54321026476984,48.64374728602705,6760384
2014-12-18,48.276912689208984,48.91889276557532,47.524880875731185,48.44199527054023,5750448
2014-12-19,49.817657470703125,49.9460544569027,47.87337233486278,48.662094546233135,4845177
2014-12-22,50.202857971191406,50.34959529399706,49.43248080688107,49.85435745148605,3767407
2014-12-23,51.00990295410156,51.26669193570974,50.05610322437581,50.1845002030113,6644017
2014-12-24,50.0010871887207,50.97322740244919,49.194024572230774,50.97322740244919,8715919
2014-12-26,50.29456329345703,51.266703536249416,50.07445484822798,50.80814634854886,2310253
2014-12-29,50.25785446166992,51.083257017496784,50.147802777824324,50.62470004203742,1421574
2014-12-30,50.49631881713867,50.80813364628881,50.34957657322957,50.624710817065115,2146065
2014-12-31,50.62471008300781,51.41343221776339,50.422946964052386,50.734766764343824,3960548
2015-01-01,50.29456329345703,50.6980946137663,50.2211971288233,50.62472347346864,778837
2015-01-02,50.89985275268555,51.119961176148436,50.31290359100243,50.31290359100243,3612848
2015-01-05,50.95488739013672,51.395099294226796,49.94606160172589,50.80814511310955,7291352
2015-01-06,49.817657470703125,50.734771692609954,49.21236307937723,50.64306027041927,8288963
2015-01-07,50.533016204833984,50.808150540152525,48.97392163802892,49.524190308666,3256180
2015-01-08,50.75310516357422,50.95487325066603,49.98272832560873,50.624708194636234,2436600
2015-01-09,50.7898063659668,51.174992415756044,50.23953773731703,50.734780498234606,2079643
2015-01-12,50.074462890625,51.06494856540443,49.70761708154591,50.47799427574494,3660975
2015-01-13,49.835994720458984,50.55134576011167,49.615886325514865,50.09278867717092,2850708
2015-01-14,49.90937423706055,50.22119410103035,49.450817077006015,49.817662805049636,3939014
2015-01-15,52.44060134887695,52.71573560599808,50.07444474737013,50.07444474737013,6425406
2015-01-16,54.05473709106445,54.641691339209636,51.65189920181104,52.38559076807643,8222495
2015-01-19,54.23815155029297,54.62334254809576,52.972536780647346,53.98136252742138,5082702
2015-01-20,54.07307052612305,55.026870348562966,53.852962109304094,54.66002464575248,6145107
2015-01-21,53.889644622802734,54.31151616201043,53.57782479794036,54.03638190048415,2865190
2015-01-22,54.42156982421875,55.54045217987057,53.7979351278358,53.96301270526224,7016755
2015-01-23,54.861785888671875,55.026868439474576,53.99969752184365,54.586651621109446,4549463
2015-01-27,55.008522033691406,55.393712985722786,53.99969640679393,54.38488735882532,6048058
2015-01-28,54.825103759765625,55.65050661417105,54.6600261742826,55.19194947283471,5448999
2015-01-29,54.58665084838867,55.00852239087982,54.146434036255194,54.97184180292123,6923717
2015-01-30,54.293182373046875,55.21029668801403,53.55949092107314,54.47660523604031,3094145
2015-02-02,54.23815155029297,54.5499714126104,53.55949093753951,54.01804809516406,2427202
2015-02-03,53.99970245361328,54.80676503577032,53.74291343250045,54.62334217397677,1320013
2015-02-04,53.651206970214844,54.751744242896336,53.52280995993586,54.109764167165466,1740828
2015-02-05,52.69740295410156,53.8896515745143,52.34889752094622,53.651202845564484,2453418
2015-02-06,52.624046325683594,53.19266034834531,51.94538054414026,52.23886019393293,2422833
2015-02-09,51.890350341796875,52.624041941658334,51.35842194163148,52.458964317088274,2511094
2015-02-10,53.22932815551758,53.63285946719041,51.35841387460817,51.43178501333553,3982617
2015-02-11,53.4677848815918,54.60500276630414,53.192650559355435,53.55949632233725,5670681
2015-02-12,55.11857986450195,55.76055982217681,53.577825975817056,54.58665162359183,7776840
2015-02-13,55.57713317871094,56.01734499134672,54.78841599403356,55.6688445949679,8270115
2015-02-16,56.03570556640625,56.64100008390866,55.760571242481134,55.760571242481134,3789682
2015-02-18,56.7693977355957,56.86110917793593,55.485437542832464,55.797257441922085,4034642
2015-02-19,56.60430908203125,56.8794433795619,55.44874602753525,56.78773194705168,2708022
2015-02-20,56.21913146972656,56.78774044612466,55.870625983763595,56.45758023480756,4586215
2015-02-23,57.191261291503906,57.77821543465093,55.94398684710615,56.127409705860636,5857600
2015-02-24,57.50307083129883,57.8515712150183,57.06285405899121,57.19125103221948,3786009
2015-02-25,56.6960334777832,57.86994207258729,55.98068712604162,57.81491619563253,3842514
2015-02-26,56.03570556640625,57.39303191237164,55.32035433393531,56.53094834460427,7368101
2015-02-27,57.63148498535156,57.77822229464453,55.797256180029265,56.10907109640279,4870174
2015-03-02,57.48473358154297,58.3284816835452,57.00783615807544,57.86992455495593,3288237
2015-03-03,57.062870025634766,57.374689911963785,56.54928696467967,57.301318770828495,3773373
2015-03-04,56.6593132019043,57.723169391270964,56.164075636940474,57.28295269390119,4927543
2015-03-05,56.916133880615234,57.2829796424506,55.61383341636535,56.494262249637394,2511965
2015-03-09,55.36480712890625,56.875594469612224,55.162137669776726,56.48868277375979,2904210
2015-03-10,54.71995544433594,55.40165267175055,54.05668044013922,55.36480322742459,4007085
2015-03-11,54.49885940551758,55.272677682742554,54.33303941829444,55.05158603240831,3350372
2015-03-12,55.143714904785156,56.15704719682928,54.5541387534723,54.5541387534723,4034334
2015-03-13,54.019832611083984,55.42007655210847,53.798745934297784,55.36480488291192,3743353
2015-03-16,54.07510757446289,54.42516480027224,53.632924239041394,53.632924239041394,1546607
2015-03-17,54.40673065185547,54.904185545696635,53.81715466648405,54.20406125175547,4288235
2015-03-18,54.03824996948242,54.62782599504481,53.761886676052185,54.35146270161457,3493449
2015-03-19,53.835594177246094,54.99632430165681,53.43026524263547,54.0382636424421,2641643
2015-03-20,54.60941696166992,55.217420407992954,53.28287171188771,53.79875402972435,3763675
2015-03-23,54.977901458740234,55.972811645244285,54.73838752432736,55.08844981162462,4249360
2015-03-24,54.51728439331055,55.58589325782931,54.351469395564216,54.90419605049873,5170910
2015-03-25,53.98298645019531,54.738377566983786,53.87243811742054,54.44359200869808,6008163
2015-03-26,53.46711730957031,55.08845327054725,53.08021054490937,54.130392474849444,11848617
2015-03-27,53.338138580322266,53.78031691702155,52.766984689986714,53.4671041381782,3479176
2015-03-30,53.43026351928711,53.65135020452896,52.914381259348055,53.44868574376042,4359504
2015-03-31,53.52238845825195,53.96456685819209,53.24602508408029,53.61450958297584,4797950
2015-04-01,53.96455383300781,54.11194659741233,53.46709887998913,53.46709887998913,2808077
2015-04-06,54.51728439331055,55.070011048245064,53.74346607682422,53.946135515700895,5315447
2015-04-07,54.51728439331055,54.6094055024663,53.7987427406297,54.24092106584329,2457023
2015-04-08,54.27775955200195,55.19897045759412,54.16721624248651,54.36988064256117,4009038
2015-04-09,55.64118576049805,55.86227750484526,54.314640292306684,54.36991197892051,2422269
2015-04-10,56.26759338378906,56.396563954330524,55.38323161104735,55.82541499636358,2200148
2015-04-13,56.87559127807617,57.37304129100153,55.549046248531305,56.304437377550755,2208671
2015-04-15,55.84383773803711,57.4835957260332,55.64117326666266,57.09668401083091,2330815
2015-04-16,55.5306282043457,56.10178219926205,54.35148075935041,55.69644823465166,2492100
2015-04-17,55.30955123901367,55.86227810689268,54.94106166253571,55.53063798785171,3666806
2015-04-20,55.19899368286133,56.230753329976274,54.775237487569086,55.34638649019457,2278982
2015-04-21,54.84891128540039,56.009641087632815,54.57254799875254,55.272672323238545,2312891
2015-04-22,54.1856575012207,55.10686873050844,54.019837480792596,54.904204259221444,4849646
2015-04-23,54.03824996948242,54.885762070179375,53.761886676052185,54.53570489723473,3515131
2015-04-24,53.74346160888672,54.51727986104203,53.08019167726195,53.7987382680968,2613457
2015-04-27,53.41184997558594,54.443609761805035,53.24603491918966,53.83560622800994,2052351
2015-04-28,53.22759246826172,53.982988613207894,52.877535228507476,53.17232079860477,3429520
2015-04-29,52.71172332763672,53.35657123454311,52.50905884176545,53.190751202182156,2061972
2015-04-30,52.39850616455078,53.356566832490344,51.73523608561071,52.3616567161895,4099911
2015-05-04,53.11704635620117,53.28286135651635,51.95631636454435,52.693290247097785,3652050
2015-05-05,52.74857711791992,54.03827303781781,52.15900084067401,52.71172766348739,7999174
2015-05-06,51.808921813964844,52.60116733617442,51.60625737677492,52.60116733617442,6031578
2015-05-07,51.698387145996094,51.974750514589175,50.86929704021683,51.58783879982439,5448071
2015-05-08,51.587833404541016,52.3985012001205,51.47729006782121,51.95631785746074,2987105
2015-05-11,52.69329071044922,52.82225626808725,51.51413848546314,51.86419571002234,3927933
2015-05-12,51.32990646362305,52.711723409130215,51.071965301305255,52.65645173088816,4551824
2015-05-13,51.901058197021484,52.14057214725562,50.869303489293785,51.40360307090972,4097879
2015-05-14,51.36675262451172,51.882629918208906,50.94299145672287,51.882629918208906,3467677
2015-05-15,51.606266021728516,52.214264433038615,51.329902653142945,51.66153769586747,6305129
2015-05-18,51.606266021728516,51.937901064453044,51.12723318411239,51.40359655269796,14967798
2015-05-19,51.12723159790039,53.02493066829155,50.887717685468594,51.587837197919484,6595326
2015-05-20,51.88263702392578,52.10372875090213,51.23778906901482,51.256211297141384,5168468
2015-05-21,51.403602600097656,51.93790717471124,51.10881697141584,51.772087134895614,2628801
2015-05-22,51.93790054321289,52.306385030962275,50.62978261085889,51.32990213800456,5380668
2015-05-25,52.73015213012695,52.84070049811729,51.97476077270597,52.23269696889988,5557091
2015-05-26,52.71172332763672,52.914387813507986,52.15899655028838,52.84069390859623,2220470
2015-05-27,52.76698684692383,52.91437963184851,52.251109600742254,52.711715177313366,1137269
2015-05-28,52.76698684692383,53.15389852997779,51.790504024171135,53.15389852997779,3848527
2015-05-29,52.95124053955078,53.22760394531598,52.048451414894565,52.509062089061345,3473570
2015-06-01,52.73015213012695,54.130396472762136,52.416944248883766,54.03827533171608,15815832
2015-06-02,52.5090446472168,52.65643741508739,52.08528356749037,52.5090446472168,4635659
2015-06-03,52.76698684692383,52.96965629934934,51.864197917688294,52.38008016176024,6029264
2015-06-04,53.19074249267578,53.48553305772693,52.472200798512375,52.69329247282816,8566490
2015-06-05,53.393402099609375,53.90927924597853,52.69328275825912,53.06176714822129,8696044
2015-06-08,53.85403060913086,54.05669511109138,53.04336260550571,53.59608942673426,4215142
2015-06-09,54.29618835449219,54.59097887875911,53.54079731946938,53.79873840346673,2699663
2015-06-10,54.22250747680664,54.609414197710436,53.87244520711971,54.369900275346616,2875048
2015-06-11,53.79874801635742,54.29619805626847,53.374986874373164,54.01983470169988,2113307
2015-06-12,53.57764434814453,53.78030876367054,52.416919518181345,53.61449378675546,2614529
2015-06-15,52.03002166748047,53.43026571972526,51.827357198365526,53.43026571972526,3574132
2015-06-16,53.09864807128906,53.30131762374967,51.77210235642021,51.88265074809677,2705206
2015-06-17,52.251102447509766,53.19073569592189,51.75364749333701,52.95122182847269,3030212
2015-06-18,52.3063850402832,52.58274840614449,51.90105110410851,52.06687112278158,4549773
2015-06-19,51.587833404541016,52.47220008986055,51.108805614901485,52.30638008689057,9119658
2015-06-22,52.06687545776367,52.39851052483033,51.73524039069702,51.901055425284774,1849073
2015-06-23,51.36675262451172,52.25111441340559,51.274631500712545,51.956323818513745,4200054
2015-06-24,51.53256607055664,51.79050720845183,51.237780482582714,51.237780482582714,3101425
2015-06-25,52.06687545776367,52.28796716843849,51.16408638829614,51.661541487841696,11124905
2015-06-26,51.25621032714844,52.04845108575378,51.18251641814528,51.77208768173624,4184617
2015-06-29,51.403602600097656,51.66154377361278,50.740332436617884,50.77718188967595,3452315
2015-06-30,51.25621032714844,51.73524322618037,50.721910744782704,51.403603143046176,2588831
2015-07-01,52.453765869140625,52.73012917195297,50.99825547306268,51.27461877587503,1988394
2015-07-02,52.14055633544922,52.693287972982255,51.80892135124131,52.674860752926875,2965570
2015-07-03,52.14055633544922,52.674860752926875,51.772071909020454,51.772071909020454,3051297
2015-07-06,51.587833404541016,52.3985012001205,51.47729006782121,51.772075631000874,2083899
2015-07-07,51.07194900512695,52.14055276910123,50.94297846512033,51.95631056848878,3234495
2015-07-08,50.85086441040039,51.29304775229231,50.26129328506482,50.88771385520642,2440394
2015-07-09,50.482364654541016,51.053518381165375,50.44552021879451,50.88769842875117,2478234
2015-07-10,51.09038543701172,51.274627670848425,50.4271103964653,50.51923151338366,2901055
2015-07-13,51.587833404541016,51.73523118402111,50.500807267162,50.99826227818168,1612390
2015-07-14,51.66153335571289,51.93789670108081,51.14565611060418,51.624683910085764,2264950
2015-07-15,51.4957160949707,51.8457783502574,51.403594974936375,51.60626443774627,1504877
2015-07-16,51.440452575683594,51.643122070615995,51.2562103064131,51.47730202911598,1827243
2015-07-17,52.03002166748047,52.23268613659541,51.40359603912218,51.45887271059964,1696436
2015-07-20,51.66153335571289,52.232682270317106,51.60626168621738,52.232682270317106,1668294
2015-07-21,51.587833404541016,51.91947341048097,51.45886784433132,51.64311007079118,1315889
2015-07-22,52.61959457397461,52.78541458230974,51.14565671460599,51.47729173338585,1890132
2015-07-23,52.416927337646484,52.8038340060558,51.86419567180579,52.730135117839666,1225377
2015-07-24,52.34324645996094,52.67488157526393,52.03003357410572,52.398518146196125,1692284
2015-07-27,51.735225677490234,52.67485893326788,51.60625513311749,52.08528287177085,1296310
2015-07-28,52.085296630859375,52.214267209301575,51.385177059461654,51.95632605241718,1547151
2015-07-29,51.587833404541016,52.066866192070805,51.40359117808116,51.845774520740925,1900932
2015-07-30,52.472206115722656,52.78541893625155,51.55099487763227,51.66153822704678,2942993
2015-07-31,52.3248176574707,52.63803053389717,51.7352463581876,52.63803053389717,1956499
2015-08-03,51.808921813964844,52.6564390010544,51.69837848420488,51.97474180649474,1508372
2015-08-04,51.95633316040039,52.5090650004689,51.56942637003334,51.772090879674806,1001510
2015-08-05,51.86420822143555,52.12214939471612,51.62469427361293,51.95632935505127,1107859
2015-08-06,51.974754333496094,52.287967173826765,51.661541493165416,51.69839094459687,1295185
2015-08-07,51.440452575683594,52.43536282890084,51.34833144104835,51.790514886454105,2213871
2015-08-10,50.86930465698242,52.140573344125826,50.62979070125032,51.62469597842018,2570753
2015-08-11,50.83245086669922,51.882632734595795,49.96651125640235,51.58784212370159,3873211
2015-08-12,50.11389923095703,50.81402374064331,50.003355886212155,50.48238371062744,1472522
2015-08-13,50.77717590332031,51.071961497248495,46.42905590658954,50.04020692060907,2470225
2015-08-14,50.97984313964844,51.23778429674488,50.74032920685377,50.777178657566274,1304682
2015-08-17,50.887718200683594,51.38517325331884,50.46396204395381,51.03511099460386,813782
2015-08-18,50.629783630371094,51.108811474934996,50.35342025899404,50.88771977825518,1461999
2015-08-19,50.279720306396484,50.99826705606464,50.15074973621364,50.666627019054275,2417706
2015-08-20,50.15074920654297,50.46396201713878,49.50590136033011,49.782264722992764,2256015
2015-08-21,49.15583801269531,49.8191080017963,49.0268674598451,49.74540911505617,4024183
2015-08-24,48.30833053588867,48.824207853295505,47.055484194217485,48.21620940785563,7651174
2015-08-25,47.38711929321289,49.24796907969368,46.11584572619028,48.27148112345463,12357515
2015-08-26,48.2530517578125,48.93474900451787,47.166020607831754,47.38711228215381,2616303
2015-08-27,49.69014358520508,51.01668872511279,47.99511396187248,48.80578182456349,5402025
2015-08-28,49.80068588256836,50.66662031516951,49.26638144731696,49.966500881243235,2205183
2015-08-31,48.142494201660156,49.91121707809852,47.93982481093171,49.56115494731502,2305711
2015-09-01,47.571346282958984,48.308315071302935,47.166012449791914,47.663467381501974,3973158
2015-09-02,46.134273529052734,47.90299721171535,45.59996898018011,47.64506104851808,4507483
2015-09-03,46.87123107910156,47.1844438414275,46.09741278332273,46.20795611219546,3114461
2015-09-04,45.544681549072266,46.76067803557396,45.120925500618,46.76067803557396,3868544
2015-09-07,45.548423767089844,46.51674243769395,44.896663044291316,45.73463967319521,3112256
2015-09-08,46.945037841796875,47.48506087858488,45.10149855581464,45.43668613923982,2951677
2015-09-09,46.926414489746094,48.6023575035635,46.40501100684432,48.192686585773814,3201416
2015-09-10,45.93946838378906,46.46087183381054,44.95252523706465,46.46087183381054,3984541
2015-09-11,46.29328918457031,46.85193692452428,45.84636897203516,46.18155660572155,1783681
2015-09-14,47.50367736816406,47.6526490406991,45.995325923747494,46.47949017377176,2400945
2015-09-15,47.801631927490234,48.47201218831149,46.92641620030748,47.485063891943774,3189547
2015-09-16,48.82582473754883,48.974796461433385,47.67128503744094,47.857500955154144,2668351
2015-09-18,49.71965789794922,50.24106648525882,48.974794260569595,49.161010169914505,2710372
2015-09-21,50.85557556152344,51.02316684111982,49.04928031634289,49.45895630773893,3040868
2015-09-22,48.788570404052734,51.023160952199056,48.13681482751006,50.91143344536334,2618545
2015-09-23,47.596797943115234,49.161008497542824,46.851934331074574,48.8072013126813,5775906
2015-09-24,46.70295333862305,48.43476512094771,46.386390373313915,47.67127695688123,9733917
2015-09-28,47.224365234375,48.04371216109966,46.4422574463968,47.09401309447371,2407051
2015-09-29,47.801631927490234,48.60235927521636,46.702956113367065,46.87055244142975,2414852
2015-09-30,49.29135513305664,49.42170726088662,47.80162807540911,47.820252694487166,3047665
2015-10-01,48.62099075317383,49.868638450745784,48.509258168230396,49.533445747345695,2020545
2015-10-05,49.347225189208984,49.96174172010732,48.769957901223584,48.78857747125031,1811432
2015-10-06,49.25410842895508,50.09207985605315,49.04927298956931,49.477568486467,1868486
2015-10-07,49.365848541259766,49.60792820253101,49.04928049893755,49.3844681108077,1403044
2015-10-08,49.328609466552734,49.53344495854177,49.01204139139957,49.49620581558386,1318938
2015-10-09,49.365848541259766,49.719655722677864,49.12376887998852,49.53343982148004,1421375
2015-10-12,49.645164489746094,49.794136176702736,49.08651687508708,49.347216064404,1574616
2015-10-13,49.55206298828125,49.79414264244832,49.328602903115694,49.533438367850266,715400
2015-10-14,49.53343200683594,49.71964787865541,49.23548863249632,49.4961928736151,1722301
2015-10-15,50.29692459106445,50.445896291500105,49.60792479369163,49.71965230616106,2959602
2015-10-16,50.27830123901367,50.650733025207415,49.75689774862831,50.42727799463468,3651488
2015-10-19,49.83138656616211,50.40865381928458,49.47757434558418,50.27830168268064,1640198
2015-10-20,50.613494873046875,51.06040999432202,49.7196545276376,49.90587042435962,3296804
2015-10-21,50.613494873046875,51.09765418395232,50.24106307960284,50.650734011247685,3504240
2015-10-23,50.781089782714844,51.22800998739741,50.46452172535052,50.836953545442704,2367650
2015-10-26,50.55762481689453,50.967300789872404,50.3714089247618,50.83694865509362,1788557
2015-10-27,49.868629455566406,50.7438400968888,49.70103313409697,50.4831408819055,1680870
2015-10-28,48.80720138549805,49.88725261428243,48.583741291266534,49.58930918959352,4725765
2015-10-29,47.727149963378906,48.639604854936024,47.00090592292579,48.639604854936024,6657486
2015-10-30,47.95060729980469,49.10514696104624,47.764391388360245,47.85749934408247,3034065
2015-11-02,48.02508544921875,48.19268175437038,47.35470528004102,47.95059707994495,1507300
2015-11-03,49.030662536621094,49.2168784439231,48.490634384873374,48.583742338524374,2879807
2015-11-04,48.86306381225586,49.868631683131234,48.56512039570069,49.60792740507331,10212719
2015-11-05,48.76995849609375,49.347225791120344,48.56512301758232,49.08652655041761,9402139
2015-11-06,48.900306701660156,49.34722181460703,48.06233518202669,49.30998267710017,4219805
2015-11-09,48.43476486206055,48.751332877106805,47.16849280187551,48.04370847238134,5260832
2015-11-10,47.78301239013672,48.397523841059645,47.5595523030476,48.11819999505563,1531108
2015-11-13,48.490631103515625,48.93755127136929,47.4850632515596,47.67127914626039,1386876
2015-11-16,48.0437126159668,48.67684870066487,47.87612133573233,48.2299285171804,1462412
2015-11-17,48.695457458496094,49.08651379507725,48.11819031347483,48.1368098788903,1602664
2015-11-18,48.75132751464844,49.01202669432949,48.32302698476417,48.65821958231336,1327429
2015-11-19,49.10514450073242,49.42171254461296,48.58374098509782,49.049280740384006,2523368
2015-11-20,48.75132751464844,49.42170260688957,48.56511164997828,49.1609983757799,2168468
2015-11-23,48.937538146972656,49.08650981249518,48.60234558526188,48.60234558526188,2177227
2015-11-24,49.10514450073242,49.38446835390413,48.769956887212295,48.788576456851885,1241516
2015-11-26,49.83138656616211,50.07346621903832,48.93755128169561,48.974790419500074,4171542
2015-11-27,49.71965789794922,49.90587380729412,49.34722607925941,49.77552671189655,1605635
2015-11-30,50.725223541259766,50.98592782315672,49.64517232605594,49.738280276529196,2006989
2015-12-01,50.650733947753906,51.39559753370825,50.408654292604645,50.687978137337524,2520479
2015-12-02,50.427268981933594,50.85556444922266,50.12932057537231,50.65072397256894,1390936
2015-12-03,49.83138656616211,50.6507334721608,49.64517067142203,50.27830168268064,1173194
2015-12-04,48.695457458496094,49.79413305229224,48.58372996314633,49.79413305229224,1376556
2015-12-07,48.84443283081055,49.1051319965282,48.304404831620246,48.78856403325901,1525844
2015-12-08,48.490631103515625,48.8630628929172,48.174063072238404,48.78857451446511,1469647
2015-12-09,48.472015380859375,49.04928267966605,48.062339369724064,48.304419041758166,2198948
2015-12-10,48.695457458496094,48.7885653884304,48.1368098788903,48.41613366869319,1086874
2015-12-11,47.67127990722656,48.788575293266426,47.447819819732686,48.788575293266426,1514970
2015-12-14,47.727149963378906,48.192689719713044,47.20574139514095,47.41058191878576,1552518
2015-12-15,48.229915618896484,48.341648160601416,47.391944287536724,47.72713686122324,1842404
2015-12-16,49.663795471191406,49.94311934272147,48.30442030669775,48.41614783473779,2623492
2015-12-17,50.11071014404297,50.33417022683867,49.06789810813951,49.64517040964752,1092627
2015-12-18,50.427268981933594,50.83693983238406,49.55205343051684,49.90586053330847,28017527
2015-12-21,51.93562698364258,52.10322331534454,50.42728020404335,50.42728020404335,6238035
2015-12-22,51.58180236816406,52.36390997597426,51.37696694652662,51.97285869778336,9652753
2015-12-23,52.159080505371094,52.32667176453331,51.6935408108722,51.6935408108722,3720080
2015-12-24,52.177711486816406,52.45703536461978,51.898387609013035,52.140467292823274,2224191
2015-12-28,52.941192626953125,53.16465270927397,52.01011316014076,52.30805656894896,5761043
2015-12-29,52.49427032470703,53.108781737493956,52.28943487092111,52.959810039156096,8576492
2015-12-30,52.51288986206055,52.75497455457611,52.23356603355415,52.23356603355415,8189382
2015-12-31,52.56875228881836,52.88531521489545,51.991480082442486,52.51288348875433,7159928
2016-01-01,52.51288986206055,52.82945787798696,52.41978191922508,52.66186661174064,3229824
2016-01-04,52.49427032470703,53.76053733772265,52.10321898514149,52.326674006933686,6809859
2016-01-05,51.82390213012695,52.86670921024595,51.470089878963435,52.53152158102412,4259054
2016-01-06,51.95424270629883,52.12183902559129,51.39559504389624,51.61905511914312,5320149
2016-01-07,51.43283462524414,52.79220947172281,51.2093745700108,51.9542380531694,6787347
2016-01-08,52.754981994628906,52.8853290918381,51.73079447899728,52.14046544410601,10345830
2016-01-11,53.350860595703125,54.18883199007093,51.768020688246395,52.3266682844916,8283638
2016-01-12,53.164669036865234,54.65439664128057,52.903964685520165,53.44399296269311,6611338
2016-01-13,53.220516204833984,53.77916388216952,52.17770417628337,53.31362415105658,7462021
2016-01-14,53.20188903808594,53.81640549488311,52.66186600670215,52.66186600670215,10278564
2016-01-15,51.805267333984375,53.350863131536464,51.5073239557301,52.941187197865176,7430643
2016-01-18,51.45146942138672,52.531520675338264,51.17214555994598,52.140464238463366,7411237
2016-01-19,50.63212203979492,52.06598567000002,50.2038264233519,51.56320166311898,7282040
2016-01-20,50.14796447753906,52.25220349238826,48.620992829544186,50.12933985353801,15997901
2016-01-21,49.23549270629883,51.153515334453026,49.16100433083626,50.203816330166056,10416175
2016-01-22,49.5706787109375,50.57624649044258,49.19824694836955,49.60792289748011,8099084
2016-01-25,49.53343200683594,50.073460055683924,48.881676455467804,49.90586375047488,8893503
2016-01-27,51.48870086669922,51.861132626293006,49.68241087381257,49.83138256736428,14527719
2016-01-28,53.518489837646484,53.81643846468791,52.32670543234521,52.512921429959015,22594616
2016-01-29,55.064048767089844,55.26888927315651,53.81640636832306,53.92813387968362,11216960
2016-02-01,54.65438461303711,55.26889610433161,54.430924511267335,55.08268019476177,12278379
2016-02-02,54.46816635131836,55.995137754136394,54.002626597497596,54.561274302082516,18267134
2016-02-03,53.64430618286133,54.74901977259989,52.97023874649304,53.86899024910443,12098041
2016-02-04,54.97370910644531,55.23584729024458,53.49451021640219,54.243470651013794,8726120
2016-02-05,54.393280029296875,55.19841167646302,54.05624368838683,55.06734255268847,6170693
2016-02-08,53.344722747802734,54.692852636988235,53.04514058541189,54.31837239439301,3820374
2016-02-09,53.157474517822266,54.48688222377446,52.80171630993909,53.10130350584402,7297377
2016-02-10,53.68174743652344,54.13112570479525,52.80171795736523,52.80171795736523,8119293
2016-02-11,51.19145202636719,53.86898425726383,50.21780255716501,53.49450408289472,7247688
2016-02-12,51.80934524536133,52.72682373873181,51.041662890738166,51.678276163563744,16065640
2016-02-15,51.94042205810547,52.67066056594501,51.71573289575381,52.09021313993545,8464543
2016-02-16,52.165103912353516,52.63320415200176,51.60338362477562,52.09020584232473,6766384
2016-02-17,52.2774543762207,52.37107443926144,51.434873808854014,52.37107443926144,7804863
2016-02-18,52.371063232421875,53.082574543433125,52.05275407035536,52.464683275428946,8779283
2016-02-19,52.80171585083008,53.17619603304572,52.071482543037106,52.352342679698836,6323086
2016-02-22,52.296180725097656,52.988965118806085,51.80935335637884,52.80172499527118,2293985
2016-02-23,51.34124755859375,52.539586252786854,51.19145649162283,52.42723914314901,3873885
2016-02-24,52.31489562988281,52.80171785354277,51.5472132589084,51.67827726428496,11387961
2016-02-25,49.3377799987793,52.52086192396336,49.07564688776261,52.46469090583215,19051305
2016-02-26,50.04930114746094,50.891881735435064,49.43140465290902,49.99312504489178,12511003
2016-02-29,48.70116424560547,50.31142710796494,48.38285505303314,50.31142710796494,11485783
2016-03-01,50.08674621582031,50.31143539341585,48.77606527226237,49.05692547445336,14281573
2016-03-02,50.70463943481445,51.753182089956624,50.19909008782279,50.554843273325524,13550709
2016-03-03,50.79826354980469,51.266363893778205,50.199094093675825,51.11656772033564,7057560
2016-03-04,51.92170333862305,52.10894347247384,50.7233644502925,51.07912273629448,29228314
2016-03-08,51.565948486328125,52.314909071603566,50.96677900226496,52.24001098139041,20131612
2016-03-09,52.333614349365234,52.502132458945894,51.15400281993786,51.26634991939577,7284193
2016-03-10,52.296180725097656,52.764281033934935,51.71573329461139,52.46469378875103,3713460
2016-03-11,51.7531852722168,52.57704389421074,51.54722315632517,52.296183692969215,4685588
2016-03-14,51.90296936035156,52.052760431626076,51.56593818018064,51.90296936035156,4423191
2016-03-15,52.0340461730957,52.42724842843525,51.734463986095456,51.734463986095456,11655129
2016-03-16,51.95913314819336,52.427233355308395,51.49103294107832,52.20254931926303,6170234
2016-03-17,51.678279876708984,52.52086036124621,51.266355703194506,52.14638014589633,7509036
2016-03-18,51.24763107299805,52.09021159745651,51.11656197557297,51.86552244175827,9195901
2016-03-21,51.678279876708984,51.84679800530162,51.02293949984669,51.13528661197945,4674151
2016-03-22,51.7531852722168,52.183836564944386,51.491047052705895,51.67828718686691,6628643
2016-03-23,51.47231674194336,52.108935126761395,51.285076638080746,51.41614572662715,11545428
2016-03-28,52.0902099609375,52.427241144289724,51.11656036964313,51.640836742872224,8691695
2016-03-29,51.73447036743164,52.801735214773466,51.509781159859635,52.42725489522493,11478000
2016-03-30,52.333614349365234,52.55830346906864,51.809343122865556,52.015310265598856,5797932
2016-03-31,52.0902099609375,52.59575927557237,51.86552081229833,51.86552081229833,15715729
2016-04-01,51.79062271118164,52.4272359771674,51.7157246426127,52.35234298781102,3935188
2016-04-04,51.90296936035156,52.46468968704077,51.79062732669893,51.959140377177874,5649881
2016-04-05,52.07148742675781,52.72682780709875,51.940418334847024,52.352347589761074,7744995
2016-04-06,52.31489562988281,52.914064959996196,52.18382654529352,52.371066643503156,10418272
2016-04-07,52.502132415771484,52.764270568411966,52.27744329625285,52.67065052521357,12408704
2016-04-08,52.764286041259766,52.85790611191175,52.52086979419347,52.52086979419347,4133630
2016-04-11,53.26983642578125,53.53196958093614,52.63321790186482,52.67066694666237,12360599
2016-04-12,53.606849670410156,54.39325903024209,53.176193418665136,53.176193418665136,8901453
2016-04-13,54.29965591430664,54.43071994912059,53.88772658988227,54.05623966859187,10239725
2016-04-18,54.6554069519043,54.954994211898644,53.45707314956794,54.29965374712896,7347390
2016-04-20,55.423095703125,56.13460720677156,54.35582590804827,54.56178802674125,7716065
2016-04-21,54.73030471801758,56.00353659774205,54.33709739391717,55.55415824997405,6315086
2016-04-22,54.692848205566406,55.16094847088319,54.03750783412291,54.78646825862977,4320738
2016-04-25,53.85026931762695,54.71157179954983,53.3821690384921,54.71157179954983,3605005
2016-04-26,54.3558235168457,54.76775281532398,53.569413961426,54.093685305301285,8964411
2016-04-27,54.05622863769531,54.674125037848775,53.79409554234529,54.411986863285925,3177289
2016-04-28,53.12004089355469,54.46817096818793,52.93280074650047,54.00007060055236,9408511
2016-04-29,53.70047378540039,53.86898682436945,52.61447716460727,53.269822580195886,4383214
2016-05-02,53.494510650634766,53.925166967402625,53.02641037520279,53.55068674705705,3383764
2016-05-03,54.37453079223633,54.97370005713802,53.55067749730716,53.55067749730716,4572397
2016-05-04,53.45708465576172,54.33710940592809,53.17621931690711,54.22476733375806,4435593
2016-05-05,53.64430618286133,54.03750837799975,53.21364987106506,53.55068612885571,2770226
2016-05-06,53.344722747802734,53.68175395029577,52.61448424305669,53.60686094930474,3714029
2016-05-09,53.73793029785156,53.981341440818206,53.045140830013125,53.36345005352953,5027038
2016-05-10,53.12004089355469,53.831557515731994,52.8017316277197,53.60686832342411,7758595
2016-05-11,52.970245361328125,53.251105558418345,52.240006817208105,52.72683420635933,4574270
2016-05-12,53.887718200683594,54.05623125315921,52.876619568977546,53.13875775622373,4877581
2016-05-13,54.20602798461914,54.37454103889534,53.325998437132974,53.66302962489851,6719824
2016-05-16,54.09367752075195,54.63667584686027,53.55068427385646,54.280917622277194,4500368
2016-05-17,54.262203216552734,54.67413251323899,53.40089558180628,54.67413251323899,4754541
2016-05-18,53.56941223144531,54.26220170025659,53.438343129905874,53.92517049573617,2573082
2016-05-19,54.074954986572266,54.52432817808707,53.66302575160745,53.66302575160745,6035130
2016-05-20,54.22475051879883,54.35581961516285,53.812821249889005,54.14985244110134,3055890
2016-05-23,55.47926712036133,55.760127327407716,54.29965526660928,54.52433936887533,10093334
2016-05-24,54.93625259399414,55.89118006571994,54.74901251081798,55.797560024131855,3545037
2016-05-25,56.059715270996094,56.17206241287516,55.06734345340986,55.42310178387206,7201959
2016-05-26,56.3967399597168,56.69632211770604,55.64777440631713,56.17205080161823,11348343
2016-05-27,56.49033737182617,57.070779474934135,55.72265014602553,56.69629938797126,7635493
2016-05-30,56.82737731933594,57.27675044642512,55.92862598594554,56.583966240594464,6049447
2016-05-31,56.17204284667969,57.052072295063866,56.00352473216754,56.92100321480025,4297008
2016-06-01,55.760128021240234,56.396746530152456,55.572887880879456,56.396746530152456,5018958
2016-06-02,56.24692916870117,56.39672528793916,55.460519859549564,55.760107018813585,3951078
2016-06-03,56.321834564208984,56.49035268069514,55.891183363337575,56.39673263358341,3453446
2016-06-06,55.89118957519531,56.43418286126509,55.629051382462876,56.246942746231404,2395810
2016-06-07,56.13459014892578,56.52779228484254,55.891179061014824,55.94735006911547,3771426
2016-06-08,57.12697982788086,57.25804894151238,55.909918919842475,56.17205714710551,3804592
2016-06-09,57.22060012817383,57.83849157582359,57.0520870492951,57.18315108424059,4520638
2016-06-10,57.819759368896484,58.10061952990895,57.239317067822576,57.258039046871545,8988984
2016-06-13,56.84611129760742,57.576349767228926,56.677598244073074,57.576349767228926,7199310
2016-06-14,56.37800598144531,57.07079535088904,56.28438593366136,56.827384242493316,2914984
2016-06-15,57.819759368896484,57.95082845987823,56.60269867117579,56.60269867117579,5287666
2016-06-16,57.8946647644043,58.53127816233903,56.864844043802535,57.819766680311446,5385026
2016-06-17,58.81214141845703,59.149172655981026,57.25804926599749,58.0444588730294,8985642
2016-06-20,58.66233825683594,58.98064744650413,58.13806698637748,58.793407344253765,5237563
2016-06-21,58.41893768310547,58.90576000513217,58.063179392937975,58.624899801067436,5276594
2016-06-22,58.269126892089844,58.68105098876181,57.89464674659749,58.437639910034186,4797461
2016-06-23,58.66233825683594,59.11171653392196,57.23931551141829,58.23168703750267,5027803
2016-06-24,58.34403991699219,58.475109028784,56.396745538991645,57.46401025692006,6010853
2016-06-27,57.66995620727539,58.79339661577486,57.295476071108894,57.314198046232455,5121198
2016-06-28,58.21296310424805,58.41893027530616,57.538900731652525,57.87593191795029,5842035
2016-06-29,59.635982513427734,60.047911717674424,58.250403848019545,58.344023890838685,9838712
2016-06-30,61.07773971557617,61.35859987864528,59.65471184183157,59.91685002571461,18696297
2016-07-01,61.84543228149414,62.3135326301143,61.04030069771024,61.414780976606366,9960809
2016-07-04,61.93904113769531,62.65055252294226,61.6581809793705,62.425868459652754,5753019
2016-07-05,60.38494110107422,62.08882379917934,60.216422997212284,61.901583718982636,5510329
2016-07-07,61.17136001586914,61.470942159328764,59.99174326286589,60.29133048553856,5911690
2016-07-08,61.583290100097656,61.93904326533497,60.516020445959484,61.22753185564723,7803900
2016-07-11,62.38840103149414,64.09228345803274,62.14498998187597,62.20116098113994,11133401
2016-07-12,62.38840103149414,63.287152257351984,62.182433928577666,62.538192055935205,9182267
2016-07-13,60.60963439941406,63.081204644562504,60.17897812184675,62.482035330706424,11106820
2016-07-14,61.8079719543457,62.01393911766634,60.62836030701085,60.871771428014405,7428442
2016-07-15,61.50838851928711,62.31351993909474,61.07773730210747,62.18245085233237,6629943
2016-07-18,61.115177154541016,62.088826631826656,60.89049311142412,61.63945346638038,3891623
2016-07-19,62.313533782958984,62.53822297029634,61.040301826999226,61.15264388106093,5987973
2016-07-20,63.043758392333984,63.66164971108665,62.500760066610624,62.538209102731685,7071425
2016-07-21,60.85305404663086,63.04376445959719,60.59091584776834,63.02503740012798,4189305
2016-07-22,62.29480743408203,62.931420827834415,60.984126525563276,61.227537678445465,7206087
2016-07-25,63.26844024658203,63.511851334528984,62.219892751961886,62.369683799989836,3967394
2016-07-26,64.18592071533203,64.78509005316793,62.6131069176272,63.38078929849605,8278821
2016-07-27,64.57911682128906,65.04721699200499,64.24208571421599,64.7850788647193,8851677
2016-07-28,65.98342895507812,66.97580047593958,64.46678108730465,64.74764123920203,31420184
2016-07-29,65.90853881835938,66.47025918978595,65.4217165281417,66.32046810658154,12377513
2016-08-01,66.35792541503906,67.36901916205588,65.77747791138279,65.90854703022221,11965659
2016-08-02,66.99452209472656,67.48134940292952,65.92725758661635,66.47025082984189,6487056
2016-08-03,65.87108612060547,67.06942487813603,65.04723266911472,67.03197583961074,10713465
2016-08-04,66.73239135742188,67.16304258737789,66.03960194616413,66.20812007403137,9047354
2016-08-05,66.09577178955078,67.85583079457297,65.92725874388665,67.03197230728324,8816394
2016-08-08,66.84473419189453,67.40645451924122,65.72129353720116,66.28301386454784,9540514
2016-08-09,65.94596862792969,67.2753710876095,65.72127952903976,66.84471994427744,6314021
2016-08-10,65.30937194824219,66.09578151469003,65.00978977017331,65.9459904256556,3789657
2016-08-11,65.17829132080078,66.11449173785962,64.57912203804065,65.19701329745702,5017074
2016-08-12,66.67621612548828,67.03196925851843,65.23446637791173,65.23446637791173,4369997
2016-08-16,66.47026062011719,68.56735106774508,66.00216030052228,66.95708800002402,22372774
2016-08-17,65.4029769897461,66.95707378421825,65.25318593512091,66.63876461863194,11599079
2016-08-18,68.1554183959961,68.60479671224199,66.00215703247659,66.28301721032696,20664320
2016-08-19,67.76220703125,68.52988938205709,67.14431573923301,68.52988938205709,16563739
2016-08-22,68.13668060302734,68.45498974656226,67.68730239107073,67.9494405279141,11335483
2016-08-23,68.21160125732422,68.67970163500419,67.40646962355751,67.94946809335194,7423678
2016-08-24,68.26776885986328,68.52990199117382,67.81839052159732,68.26776885986328,5319170
2016-08-25,68.24903869628906,69.27885935204371,67.59369827899064,68.34265875590312,12995397
2016-08-26,67.7060546875,68.67969937770212,67.48136549775566,68.39883916032521,7097916
2016-08-29,67.50006866455078,67.91199788438556,66.50769718895741,67.85582687241096,2956326
2016-08-30,68.6422348022461,68.82947489094516,67.29410514777025,67.74347831312055,5212793
2016-08-31,68.79203796386719,69.09162012682329,68.09924849791618,68.56734880204343,6435761
2016-09-01,69.01673126220703,69.27886440070121,68.24904366989897,68.71714400208181,6116318
2016-09-02,68.82948303222656,69.27885625072958,68.26776269968799,69.11034319849584,3858397
2016-09-06,69.8780288696289,70.28995814848207,68.82948623183293,69.18523941145038,9001076
2016-09-07,69.18522644042969,70.02780682043664,68.86691728102903,69.69077568427633,5024999
2016-09-08,70.37834930419922,70.85030698823985,68.58490498377621,69.43442881504934,5980354
2016-09-09,69.39667510986328,70.4727396352791,69.24564455669939,70.22731754692204,5051740
2016-09-12,68.05631256103516,69.24564488590973,67.8675294897513,68.94359402028299,4144478
2016-09-14,67.64098358154297,68.35836329414325,67.39556663194885,67.94303954502418,6680869
2016-09-15,65.99858856201172,68.11295513281372,65.71541391902188,68.11295513281372,8920122
2016-09-16,66.47054290771484,68.15070929772503,65.3755969138508,66.56493445056043,21690721
2016-09-19,66.9802474975586,67.2823034818505,65.79091518214724,66.33838813294173,4266806
2016-09-20,67.24455261230469,67.73538659471564,66.82922879276593,67.07464578397142,4769662
2016-09-21,66.18737030029297,67.99968592984212,65.90419566310909,67.24455356401845,4957941
2016-09-22,67.41445922851562,68.0752000371808,66.52717768980858,66.86698622433687,4676363
2016-09-23,66.43278503417969,67.7353852482549,66.338393491664,67.3011851768965,7599534
2016-09-26,66.33839416503906,67.32006724138064,66.01746189301426,66.33839416503906,6333433
2016-09-27,66.52718353271484,67.26343456867761,66.3950343351617,66.6970852543665,6069513
2016-09-28,67.37670135498047,67.62211834456984,66.52717746104643,66.52717746104643,4515648
2016-09-29,65.46997833251953,68.75480556401311,64.82811901306701,67.48995806126244,13380901
2016-09-30,66.65931701660156,67.09351703100513,64.77148641391803,65.73427797285933,11831869
2016-10-03,68.41502380371094,69.05688337382007,66.30065172102226,66.88587737627914,9403402
2016-10-04,68.33949279785156,68.98135734152167,68.13183345075952,68.5282758846876,7967290
2016-10-05,68.49050903320312,69.2456412790048,68.11294291030228,68.3961175024779,5347763
2016-10-06,67.16902160644531,68.81143511864893,67.01799619498163,68.45275040655618,5654229
2016-10-07,66.81035614013672,67.81090554050905,66.56493913567849,67.16904095555434,3980080
2016-10-10,67.22565460205078,67.5843392820523,66.90472243073663,66.90472243073663,4458994
2016-10-13,66.0740966796875,67.15016131391256,65.58326269547841,67.03689350865479,14897308
2016-10-14,67.09353637695312,67.39558731204944,65.14907131972994,66.37616156529707,4958871
2016-10-17,66.47054290771484,67.07464468507148,65.99858519348687,66.56493445056043,4534814
2016-10-18,66.6026840209961,67.13128073437491,66.074092428686,66.7348331993408,7289895
2016-10-19,67.41445922851562,68.24510174391044,66.48942004795677,66.81035232209366,9020687
2016-10-20,67.45220947265625,68.05631635868845,67.15015859017458,67.71650783562936,4037879
2016-10-21,66.81035614013672,67.71651399101978,66.48942384765935,67.71651399101978,10350237
2016-10-24,66.48941040039062,67.33893417398056,66.13072053644757,66.67819346118839,2945373
2016-10-25,67.33895111083984,67.56549186498957,66.30064401530075,66.65933396946026,3002870
2016-10-26,66.26287841796875,67.3200667701163,65.99858517073358,67.20679384609926,3927291
2016-10-27,66.26287841796875,66.77259377337302,65.58326135814237,66.11185297368166,7017500
2016-10-28,66.41390228271484,66.82922608542829,64.96027665482102,66.37614976334265,4282450
2016-11-01,66.79145050048828,67.79200465855182,65.75314383319532,66.168467524326,5277438
2016-11-02,66.1118392944336,66.64043080060165,65.86642235811284,66.43277149780745,4859666
2016-11-03,66.05522155761719,66.33839619671114,65.80980456128293,66.13073172206742,4078615
2016-11-04,65.52661895751953,66.39501899033596,64.65821380363484,66.0740867621844,4179894
2016-11-07,65.69652557373047,65.92306628832532,65.52662387858582,65.80979849156223,7660803
2016-11-08,66.82923126220703,67.05577200133274,65.6587750442819,65.79092423552767,3265787
2016-11-09,68.0374526977539,68.45277657887534,63.0347001031865,64.18627506709296,13247214
2016-11-10,71.1523666381836,71.7375921901865,68.39613035061075,69.84976122105549,18046820
2016-11-11,69.13238525390625,71.17124164028236,68.52827833025836,70.22732617241665,8770575
2016-11-15,69.83088684082031,70.45387005320094,68.92472897544218,68.92472897544218,11489252
2016-11-16,71.17122650146484,71.92635871513339,69.22676207548196,70.43497566577885,10203154
2016-11-17,72.83251953125,74.15400087002227,69.54769244073174,70.96356530370204,9392264
2016-11-18,72.47384643554688,73.73869417624991,72.26618708275987,73.15346863943628,12168642
2016-11-21,69.86864471435547,73.1157151035796,69.58547006043015,73.1157151035796,12187225
2016-11-22,69.3778076171875,70.49163000384247,68.24510896814294,70.18957907919174,11976002
2016-11-23,68.58490753173828,70.81255198002299,67.81089894958431,69.54770431559069,13625626
2016-11-24,69.86864471435547,70.56714321825179,68.07520523949515,68.69818845391696,18404432
2016-11-25,71.22787475585938,71.8131002489558,69.84975419025452,70.26507798587234,14716858
2016-11-28,71.9263687133789,73.54990627108968,70.58601089622577,70.60488715576417,10318399
2016-11-29,71.52993774414062,72.32282782983916,71.17124778694594,71.98301925627396,12406804
2016-11-30,72.45496368408203,72.75701455581725,70.83142616556647,72.03963989464462,7446808
2016-12-01,69.58546447753906,72.68150916048573,69.28340846494459,72.68150916048573,11056167
2016-12-02,69.39667510986328,70.1895650296996,68.90583605421769,69.84975140614937,9676372
2016-12-05,69.88751220703125,70.24620210542435,68.28285603613256,69.35892061024309,12282830
2016-12-06,69.05684661865234,70.45384308717092,68.90582121907214,70.00076688843032,4550359
2016-12-07,68.886962890625,70.03853762329327,68.71705607121615,69.7364867455317,4265108
2016-12-08,70.0951919555664,70.20845977920229,68.54716934648008,69.45332729877674,5413273
2016-12-09,69.64208221435547,70.22730760124536,69.37778390481743,70.22730760124536,3451184
2016-12-12,69.75535583496094,70.01965416663711,69.24564055019589,69.56657277549746,3689403
2016-12-13,69.94413757324219,70.43497659121667,68.88695450864323,70.03852910119096,4417447
2016-12-14,68.69817352294922,70.00077869632318,68.50939046136274,69.84974815019937,7312670
2016-12-15,69.22676086425781,70.1329184805919,68.15069645439385,68.33947950450795,5253972
2016-12-16,69.39667510986328,70.3217090821152,68.60378519002697,69.30228357467011,26025533
2016-12-19,69.50994110107422,69.8497495947437,69.0379834373476,69.52881735919593,3627943
2016-12-20,68.69817352294922,69.64208883088158,68.62265824988731,69.47218202702643,5757036
2016-12-21,69.18901062011719,69.35891743179485,68.62266140928298,68.73593432409093,5279390
2016-12-22,68.6226577758789,69.26452222926657,68.37724082172537,69.09461542658507,2653684
2016-12-23,68.83033752441406,68.98136298201821,67.58436597677373,68.56603913280476,4805945
2016-12-26,67.50885009765625,68.84920796197709,67.30118563008202,68.84920796197709,5932940
2016-12-27,68.3583755493164,68.60379254290847,66.65932773373726,67.47109399918904,4555998
2016-12-28,67.9619140625,69.09461237415493,67.62210559321713,68.35836154422005,3739977
2016-12-29,67.98080444335938,68.50939603458866,67.58435690913588,67.65987218834094,14737238
2016-12-30,69.28339385986328,69.88750063663629,68.05630404997694,68.1129379400658,4872601
2017-01-02,69.34004211425781,69.92527275592539,68.94359968044186,69.28340821243683,1811713
2017-01-03,71.0013427734375,71.1712444918191,69.6609796827239,69.81201026048892,7819727
2017-01-04,70.510498046875,71.3033880329935,70.24620479888146,71.00133714355262,7829503
2017-01-05,72.05850219726562,72.20952760388226,70.26506333115725,70.62375315280599,6362320
2017-01-06,71.28451538085938,72.8136564077881,71.07685090292253,72.17179695497138,6298387
2017-01-09,70.43499755859375,71.43554702848472,69.88752448508963,71.43554702848472,2956484
2017-01-10,70.43499755859375,71.09573845092717,69.86864822230797,70.45387382137541,4626997
2017-01-11,71.66207885742188,72.26618576506307,70.18957179078143,70.71816341456659,21835704
2017-01-12,74.75811767578125,75.418858433787,71.73758337525781,71.73758337525781,26857806
2017-01-13,74.43718719482422,75.47549412493125,74.02186339856767,75.47549412493125,23933005
2017-01-16,75.28672790527344,75.90971117862512,74.28617839097286,74.38056995121009,8473484
2017-01-17,74.66372680664062,75.75866761977133,73.66317241014336,75.28670993126079,10193606
2017-01-18,74.92801666259766,75.38109807157508,74.39942509950295,74.75811497503244,21229809
2017-01-19,76.19287109375,76.91024578831727,74.47494707878087,75.09793023140325,8756982
2017-01-20,75.28672790527344,76.49493680366793,74.55047168699515,76.49493680366793,12987134
2017-01-23,75.58876037597656,76.34389267332266,75.1545603292163,75.45661119972728,7334154
2017-01-24,76.7780990600586,77.28781442707084,75.7397920654692,75.89082263426472,7122776
2017-01-25,76.68370056152344,77.04239044828371,76.23062425942838,76.89136501425203,10336365
2017-01-27,77.23119354248047,78.13735150265127,76.47606105549315,76.83475103524009,11095330
2017-01-30,77.66539001464844,77.94856468383783,76.45718116541549,77.13679832304217,5832917
2017-01-31,78.23171997070312,79.00573361402996,77.19341310758804,77.58986061887303,7593736
2017-02-01,77.703125,78.76031319596274,77.30668262718159,78.76031319596274,7325455
2017-02-02,77.00463104248047,77.77864469586801,76.74033781925692,77.74088705795937,7773806
2017-02-03,76.15511322021484,77.7031355275976,75.92857249602513,76.72146247015472,4479429
2017-02-06,75.9285659790039,77.09902201929872,75.41885579466205,76.36277113021134,6337200
2017-02-07,75.4754867553711,76.87247832501455,75.21118842326837,76.13622746455967,6562928
2017-02-08,75.9285659790039,76.53267281796914,74.87138285161608,75.8908134624367,9024346
2017-02-09,76.32501220703125,77.62761227550847,75.81529691020609,76.41940373899634,12790725
2017-02-10,75.4754867553711,77.70312583642178,75.23006980188613,77.47658514048634,16817238
2017-02-13,76.66482543945312,77.00463395133023,75.32446765107784,76.15511011110313,9508762
2017-02-14,75.83416748046875,77.00462341326318,75.55099290581211,76.98574715671326,9403263
2017-02-15,76.06071472167969,76.49491474937246,75.41885536976338,76.04183846350243,7302351
2017-02-16,76.32632446289062,76.81960699970777,75.54844951284416,75.88995835007303,6272531
2017-02-17,76.85755920410156,77.12317606636887,75.7192100457266,76.64886391704596,4966775
2017-02-20,78.33740997314453,78.6978892555784,76.57296985445552,77.36981527320361,9917513
2017-02-21,78.22358703613281,78.84967810644727,77.61646639503948,78.33741990469301,7428835
2017-02-22,76.4970703125,79.26705600491532,76.23145863018,79.17219358695485,26345564
2017-02-23,75.56746673583984,76.64889997434892,75.33979576774026,76.64889997434892,13404307
2017-02-27,73.13894653320312,75.88995671797026,72.81641327532108,75.88995671797026,14798634
2017-02-28,72.9112777709961,73.93578884996603,72.6836069267975,72.81641534813133,10051421
2017-03-01,73.10102081298828,73.87889081545994,72.79745789628885,73.42355416033645,10348326
2017-03-02,72.0006103515625,73.61327704429158,71.71602301989566,73.61327704429158,10629352
2017-03-03,72.41799926757812,72.56977813408591,71.33656648045837,71.71601622003607,8454072
2017-03-06,73.55635833740234,74.44806637415593,72.51287141381387,72.79745875661072,14858083
2017-03-07,73.82196807861328,74.35319670424296,73.4425183250754,73.82196807861328,11746802
2017-03-08,74.22039794921875,74.97929755535417,73.67019882274097,74.10656506694538,7938282
2017-03-09,73.78402709960938,74.29628533110044,73.04410311778187,74.29628533110044,9777769
2017-03-10,73.06306457519531,74.25833020413864,72.1144402432377,73.99271847916035,16388459
2017-03-14,73.48046112060547,75.39668023363711,73.08203580882132,75.30181779939562,11886293
2017-03-15,73.21485137939453,73.63224716004721,73.04410206909363,73.61327672999721,7772586
2017-03-16,74.03065490722656,74.16346333508038,73.138952205814,73.67018077061317,5161993
2017-03-17,73.61327362060547,74.75162289432926,73.27176472119496,74.67573088410099,9522200
2017-03-20,73.46148681640625,73.78402012772929,73.13895865169974,73.61327083111111,9378518
2017-03-21,73.32868957519531,73.82197222384657,73.1958811246763,73.6132769063288,8126819
2017-03-22,72.8923110961914,74.22038517841195,72.64566979595945,72.68361579906048,8203222
2017-03-23,73.25279998779297,73.42355445077541,72.70259573739808,73.2338295570692,5875356
2017-03-24,73.51841735839844,74.04964603478186,73.32869246350313,73.55635822008377,6164329
2017-03-27,73.93579864501953,74.41011082218047,73.48046204291494,73.6132704818433,7104197
2017-03-28,74.63777923583984,74.75161724257529,73.85990934958777,73.85990934958777,6020578
2017-03-29,74.69468688964844,74.92235772975283,74.27729635384209,74.86544130638066,6451066
2017-03-30,74.16346740722656,75.03620487631729,73.70813081808981,74.86545043875577,13016042
2017-03-31,74.86544036865234,75.85201056567023,74.2393494261692,74.2393494261692,8522874
2017-04-03,74.44805145263672,75.6622925971815,74.37216459773775,75.6622925971815,9945512
2017-04-05,73.99270629882812,75.0931093134325,73.68914347460294,74.69468407162736,7061975
2017-04-06,74.82749938964844,75.11208666864623,73.27175456847061,74.52394168403052,7466431
2017-04-07,73.99270629882812,74.4670183867279,73.8029814636682,74.39112639401772,9205565
2017-04-10,74.10655975341797,74.23936820429262,73.74608040770352,74.0116973094528,5763232
2017-04-11,75.56746673583984,76.49711589787012,73.80302573965062,74.12555403562152,10668096
2017-04-12,74.97927856445312,76.45913653888967,74.37216315061006,75.88996197844978,6620702
2017-04-13,75.88996887207031,76.28838904192312,74.67572764085403,75.05517738228207,5910355
2017-04-17,76.76270294189453,77.08523625867194,75.5105208257194,75.87099500019812,11138596
2017-04-18,76.78168487548828,77.52161405739845,76.51607309869758,76.83860646380245,7675098
2017-04-19,80.13980865478516,81.01254621083986,76.62989829401025,76.97140205654604,29099215
2017-04-20,79.2670669555664,80.59514099048496,77.95796334821448,80.44336213010324,11822555
2017-04-21,78.014892578125,79.85522507208077,77.33188502103201,79.45680485487937,7938078
2017-04-24,77.73030090332031,78.52714643990122,77.44571357929976,78.35639713345898,7520828
2017-04-25,79.15323638916016,79.64651898633996,77.71132430723627,78.16666604818411,6293621
2017-04-26,78.0528335571289,79.1152959789063,77.50263449009161,79.1152959789063,5977354
2017-04-27,78.83070373535156,79.74138207814536,77.84413338623476,78.16666669318285,13646716
2017-04-28,78.9255599975586,79.19117170568398,78.14768500673922,78.54611028885141,5477289
2017-05-02,78.16667175292969,79.24810460664342,77.59749710851369,79.24810460664342,5123042
2017-05-03,80.0828857421875,81.12637252181088,78.2804994864744,78.50817035862461,10859280
2017-05-04,79.93110656738281,80.72795204352074,79.30501553135173,80.06391500450854,12952295
2017-05-05,79.30502319335938,80.44337251307552,78.75481896351646,80.44337251307552,4993008
2017-05-08,79.6844711303711,79.87419601261848,78.43228381956823,79.34296737164915,6855459
2017-05-09,79.0583724975586,80.25363811223617,78.83070163128278,79.703433947621,4729357
2017-05-10,79.87419891357422,80.04494822582824,79.30502424616016,79.57063600298319,4623710
2017-05-11,79.00146484375,80.25365225563642,78.24256525349783,80.06392735807339,4946190
2017-05-12,78.26153564453125,79.53269340328256,78.01488917675172,78.9255727419936,5386419
2017-05-15,78.43228149414062,79.30501901457303,78.29947819779836,79.26707300992526,5353854
2017-05-16,78.6978988647461,78.90659417166924,78.2615326751507,78.45125755294146,4077710
2017-05-17,79.22911834716797,79.5706220584454,78.22357764027818,78.77378178100344,3694898
2017-05-18,79.02043151855469,79.45679770446257,78.5840653326468,78.92556908046095,5797418
2017-05-19,78.07180786132812,80.34850639668252,77.4457116468123,79.57063130913308,17793954
2017-05-22,76.83859252929688,78.8117280788713,75.58640530596234,78.54611635024868,7423973
2017-05-23,76.42118835449219,77.2180337456547,74.88441399726112,77.00933332482248,6465473
2017-05-24,75.85202026367188,77.36981917725926,75.32079167323955,76.800644584664,6650433
2017-05-25,75.49153900146484,76.25043843853918,74.23935698893867,76.15557600890489,9992276
2017-05-26,76.7247543334961,77.36982094515702,75.24490138825706,75.88996799991799,6466364
2017-05-29,79.34296417236328,79.96905522921092,77.06626053057957,77.08523610600926,14504778
2017-05-30,77.44571685791016,79.26707889671786,76.66784686463679,79.26707889671786,10884114
2017-05-31,78.9065933227539,79.41885151660114,77.76824406825632,77.76824406825632,7781359
2017-06-01,78.7927474975586,79.57061730155547,78.29946496038241,78.75480149932602,6369921
2017-06-02,78.2046127319336,79.05837984648446,77.90105497975932,78.9635174056029,6713770
2017-06-05,77.90104675292969,78.67892177398019,77.48365102780701,78.45125091058452,5093948
2017-06-06,77.19906616210938,78.03385763859792,76.76269999574254,77.99591163573636,5324457
2017-06-07,77.80619049072266,78.05283180119882,76.72475766381692,77.36982430347766,7605903
2017-06-08,78.67893981933594,78.81174313571086,77.2559978834092,77.78723173537863,7487370
2017-06-09,78.62199401855469,79.11528170824273,78.35638232098346,78.69788601592695,6432439
2017-06-12,78.24254608154297,78.88761263384204,77.78720952693418,78.31843808061907,3684911
2017-06-13,79.77932739257812,80.8797305950633,78.16666601837609,78.33741531120411,15775215
2017-06-14,79.87419891357422,80.82282335926432,79.49474913529818,80.06392380271224,13639132
2017-06-15,79.8172836303711,80.53823719019766,79.43783384660794,79.68447517673057,5595511
2017-06-16,79.66549682617188,80.2536470584997,78.77379398266504,79.68447240266968,6127735
2017-06-19,80.59513092041016,80.80382618403226,79.6654771534776,79.68445272528955,6393073
2017-06-20,79.0394058227539,81.58172134696021,78.01488938246375,80.53823447676785,12876594
2017-06-21,78.0528335571289,78.92557109786928,77.69235937112863,78.92557109786928,13855413
2017-06-22,76.76270294189453,79.19118031222557,75.88997057566539,78.10974749555616,33713902
2017-06-23,78.16667175292969,78.54612151587368,76.80065157700795,77.02832246409771,9034020
2017-06-27,78.07180786132812,78.43228204145588,76.45914639878542,78.16667030030122,6947747
2017-06-28,78.7737808227539,79.28603381013066,77.18008999402436,78.16666026197045,7103873
2017-06-29,78.9255599975586,79.87418426932655,78.50816428865747,78.9255599975586,7577681
2017-06-30,79.8931655883789,80.0828904685987,78.84967874716999,78.8876247525373,7751039
2017-07-03,80.23464965820312,80.68999131766111,79.49472589485326,79.68445072852484,8768284
2017-07-04,79.95006561279297,80.82280297063846,79.58959150233531,80.82280297063846,4530105
2017-07-05,79.70343780517578,80.2346664211193,79.49474250318187,80.2346664211193,6062229
2017-07-06,79.62755584716797,80.06392205332749,79.30502251335724,80.06392205332749,5577232
2017-07-07,79.47578430175781,79.83626369849557,79.00147201479638,79.5706467591501,7641379
2017-07-10,80.19671630859375,80.44335758610909,79.68445818045205,79.68445818045205,2844699
2017-07-11,80.42438507080078,80.95561879225143,80.02596492632895,80.63308550326101,13833624
2017-07-12,81.2022705078125,81.58172027380009,80.42439539956783,80.42439539956783,9211263
2017-07-13,81.6196517944336,82.34060519253686,81.3730105196372,82.32163476625095,9596900
2017-07-14,81.6575927734375,82.05601287387465,81.391975942069,82.05601287387465,4889330
2017-07-17,82.22679138183594,82.51137872171844,81.67658713274956,81.67658713274956,6302565
2017-07-18,81.73348999023438,83.47895974746955,81.4868486993092,82.32164014956575,7549621
2017-07-19,82.96671295166016,83.2892462900864,81.98014250625745,82.49240073239125,8521832
2017-07-20,82.98568725585938,83.47896989768802,82.58726190981297,83.09952012809156,10233967
2017-07-21,81.69554138183594,83.2702618012383,81.01253396004934,83.2702618012383,4948380
2017-07-24,82.24575805664062,82.43548294123156,80.91768386450403,80.91768386450403,6137724
2017-07-25,82.3405990600586,82.94771956199808,82.07498223214272,82.53032389525121,6113154
2017-07-26,82.45443725585938,82.70108367491565,81.79040028957279,82.66313767609039,5258903
2017-07-27,82.20780181884766,83.13745569628566,81.86629809841075,82.6062271148709,21380991
2017-07-28,81.44892120361328,82.26473726508833,80.46235066913809,81.99912548628717,8260545
2017-07-31,84.73115539550781,85.07266431880649,81.44891578933868,81.44891578933868,17403810
2017-08-01,85.1485366821289,85.60387840454537,83.7256002328477,84.92086582092067,15263765
2017-08-02,84.1619644165039,85.75565526113989,83.7445738517519,85.24339712203431,12014487
2017-08-03,84.59832763671875,85.20544299907003,83.19436178139631,83.85839871225667,5285543
2017-08-04,85.22444915771484,85.43314449509661,84.08609972483076,85.1485571368756,7975937
2017-08-07,85.7366943359375,85.85052720319146,84.61731550593464,85.37621501193884,4619568
2017-08-08,84.57936096191406,85.98332696491968,84.02916196358082,85.9453809641273,3229672
2017-08-09,84.19991302490234,85.45210019779148,83.78251730060597,84.46552988944083,4573769
2017-08-10,82.49239349365234,84.16197132964939,81.71452358095652,84.16197132964939,6813656
2017-08-11,83.06156921386719,83.66868983867136,80.44336698767933,80.63309186126709,8860877
2017-08-14,84.52244567871094,84.97778740115403,83.09950922934652,83.19437165930415,4990789
2017-08-16,83.74457550048828,85.24339880027905,83.34615020817718,84.8829246557494,5221989
2017-08-17,83.27027130126953,84.08608724442618,83.00465441437355,83.66869148499681,2837686
2017-08-18,84.59832763671875,84.92085574298702,82.98566651891501,83.09949936270198,7721084
2017-08-21,83.59281158447266,85.35725731644396,83.30822422726663,84.99677793866935,5203218
2017-08-22,83.28924560546875,84.37067848583612,82.73904137699259,84.21889960624105,6646897
2017-08-23,83.38410186767578,83.78252204040696,82.58725637559688,83.32718543537369,5312780
2017-08-24,83.83942413330078,84.31373620327246,83.11846566965156,83.2892200734875,5492256
2017-08-28,82.37855529785156,83.82046216592937,82.20780086630353,83.82046216592937,9753985
2017-08-29,81.69554138183594,82.92875294372892,81.1263668148084,82.45444080453932,12235532
2017-08-30,81.80937957763672,82.51136257462886,81.2971214367713,82.28369171795356,9313551
2017-08-31,83.19438171386719,83.47896903813424,81.600690639325,82.056032416799,8143692
2017-09-01,82.15089416503906,82.98568570115856,81.88527727265101,82.98568570115856,8803556
2017-09-04,82.56828308105469,83.19437410787889,80.74692128429224,82.18883335005623,6239751
2017-09-05,82.03706359863281,82.56829225170964,81.92322557871975,82.53034624507194,3937595
2017-09-06,81.31609344482422,81.98013045417915,80.8228108679499,81.58171030721267,4800221
2017-09-07,81.92323303222656,82.01809548414306,81.03152495488808,81.77145413848366,5008597
2017-09-08,80.86075592041016,82.20780035064877,80.59513906113847,82.03705106678795,8588797
2017-09-11,83.1159896850586,83.27019266104709,81.20771282435838,81.34264238915385,6205180
2017-09-12,83.00032806396484,83.38583809294873,82.61481803498094,83.11598420994865,4307268
2017-09-13,82.40278625488281,83.30873583186494,82.11365374491922,83.00032468394858,3679773
2017-09-14,82.47990417480469,83.27019774298624,81.97873793623766,82.22931844111363,6793237
2017-09-15,81.9208984375,82.28713504030158,80.22465543103756,81.99799730258536,9054445
2017-09-18,83.01960754394531,83.7906276097259,81.92090290444509,81.92090290444509,10470233
2017-09-19,83.21237182617188,83.42440027634534,82.0365629576403,83.42440027634534,5530915
2017-09-20,82.07511901855469,83.34730546815898,81.92091602646137,83.2316493024775,5687495
2017-09-21,81.5546646118164,82.07510419132504,81.0920557191088,82.07510419132504,5113744
2017-09-22,80.78365325927734,81.47757451627032,80.22466680013805,80.97640829252846,5195124
2017-09-25,81.01494598388672,82.44133506862315,80.051170988474,80.57161053175966,13057600
2017-09-26,81.24628448486328,82.30643739027917,81.01497735064571,82.30643739027917,6570371
2017-09-27,80.24394226074219,82.13294058907046,79.7235026119132,81.72815710043406,7885119
2017-09-28,80.57164764404297,81.30411593217767,79.02960694109986,79.41511711683563,11633088
2017-09-29,81.3426513671875,81.97874198135655,79.45364770918529,81.3426513671875,13782560
2017-10-03,79.4729232788086,81.82453582491989,79.22234277125581,81.78598377095445,12296210
2017-10-04,80.59089660644531,81.20771374621611,79.04885637142571,79.04885637142571,12075908
2017-10-05,79.01030731201172,80.72582922996604,78.701901344854,80.57162624638717,17352392
2017-10-06,78.9332046508789,79.35726152818941,78.47059049350322,79.02958216459761,13466622
2017-10-09,77.46827697753906,78.97176541114047,76.96711590927715,78.97176541114047,21446056
2017-10-10,78.9332046508789,79.41509221947244,77.48754194509833,77.50681535631617,14560236
2017-10-11,78.20073699951172,79.45364476815227,77.64175051694579,79.18379084758031,11830976
2017-10-12,77.98870849609375,78.72117660691738,77.68030252168857,78.27784105790427,5518551
2017-10-13,79.2801513671875,79.83914295869684,77.179119775723,78.02724386722393,11394674
2017-10-16,79.31871795654297,80.41742270372835,79.08741086837526,79.68494938639478,11521216
2017-10-17,78.99103546142578,79.76205562337725,78.62479879297278,79.12596503553031,4936452
2017-10-18,82.3257064819336,82.59556566248231,79.41510711328951,79.49220600143504,18484486
2017-10-19,81.20772552490234,82.11367534014182,80.78366335300136,82.05584986870433,559370
2017-10-23,82.3257064819336,82.57629224764987,81.34265774916393,82.09439935986552,14162373
2017-10-24,82.90396118164062,83.23164579403567,81.49685044127781,82.229318544457,7050716
2017-10-25,83.30875396728516,84.42673220342007,82.42207760642168,83.27020191180146,16306452
2017-10-26,81.72816467285156,83.17382759309194,81.24627703277143,82.65338789604229,23524154
2017-10-27,81.63176727294922,82.32568321421617,81.11132770259186,81.86307432964296,9985329
2017-10-30,81.88236236572266,82.69193459435797,81.67033390935362,81.70888073500966,4118717
2017-10-31,81.67033386230469,84.38817788314127,81.22699307936358,81.99801325308349,16442260
2017-11-01,81.0920639038086,82.26786750719825,80.43669470364115,82.05583906357549,12417385
2017-11-02,82.9617919921875,83.38584889595671,81.65105354077872,81.72815764809044,16259892
2017-11-03,80.97640228271484,85.00498427020051,80.80292590295265,85.00498427020051,26293141
2017-11-06,81.22697448730469,82.22930152948076,80.7643656262485,81.24625312452412,7985183
2017-11-07,80.05118560791016,81.80525432837446,79.60785007481847,81.57395247028484,9702210
2017-11-08,80.24394226074219,80.93785830663745,79.85843218439703,80.18611679505342,12777065
2017-11-09,80.18611145019531,80.88002744983714,79.02958129824911,80.88002744983714,9492091
2017-11-10,81.47757720947266,81.72815771521894,79.60785227937096,79.8006073189935,8999608
2017-11-13,81.3426513671875,82.24860114073267,80.6872821108828,81.68960940866013,7885278
2017-11-14,79.78131866455078,81.36191083684174,79.45363409255647,81.3426374268245,4927717
2017-11-15,79.80059814453125,80.01262657221366,78.79827100796588,79.68494199676535,8653007
2017-11-16,80.3017807006836,80.51381441422046,79.08742480975747,79.8391716716153,18027175
2017-11-17,80.41742706298828,80.93786150355857,80.08974243938884,80.68728098979967,9193722
2017-11-20,80.49451446533203,81.07277952022858,79.28015889581218,81.07277952022858,8277194
2017-11-21,79.64640045166016,80.55234491068475,79.3379892660048,80.55234491068475,15596732
2017-11-22,79.81987762451172,80.24393974093809,79.06813090771884,80.24393974093809,8665005
2017-11-23,80.59089660644531,80.88002915051149,79.62712145955807,80.14756108464015,6824919
2017-11-24,81.41974639892578,81.67033213313135,80.18611728438219,80.37887232373104,7734712
2017-11-27,81.01494598388672,81.67031507229296,80.18610053359457,81.65103643509632,14811199
2017-11-28,80.32103729248047,80.95712780081841,79.49218653893386,80.95712780081841,21546865
2017-11-29,80.47525024414062,80.86076032475802,80.01263605587371,80.41742477781105,7324543
2017-11-30,79.43437957763672,80.37888146943989,79.08742151309406,80.37888146943989,19256592
2017-12-01,78.23928833007812,79.93553686114336,77.9501557707577,79.80060728769747,8172074
2017-12-04,78.16218566894531,78.6247946041813,77.44899101137312,78.45131821427337,7124561
2017-12-05,77.21768188476562,78.0465274469968,75.88767011994688,77.8730510616822,17485101
2017-12-06,77.19841003417969,77.42971188594109,76.58159289558141,76.98637636497867,5557173
2017-12-07,77.98870849609375,78.25856764530963,76.89000371545072,77.19841491867103,11119755
2017-12-08,78.29710388183594,78.56696299455689,77.06347492223236,78.2585570618596,14615599
2017-12-11,78.75972747802734,79.18378960807681,78.10435825624043,78.56697243971531,8231500
2017-12-12,78.22002410888672,78.83684135367903,77.83451398449348,78.83684135367903,8310332
2017-12-13,77.29480743408203,78.04654910333446,77.0442216488484,77.48756251268257,12105970
2017-12-14,77.14059448242188,77.71885968294819,76.5237824515798,77.60320873436926,12838407
2017-12-15,76.65870666503906,77.93089324099255,76.13827216863827,77.64176064129619,22654959
2017-12-18,77.06349182128906,77.140590706963,74.55767607498274,76.6972551206873,16832008
2017-12-19,78.10435485839844,78.25856306539144,76.79362170066166,77.37188679044095,20133065
2017-12-20,78.23928833007812,78.39349131595267,77.08275809279642,78.29711379617919,14097971
2017-12-21,78.29710388183594,78.95247302483573,77.91159385155711,78.95247302483573,7881749
2017-12-22,78.27783203125,78.48986046060148,77.81521789417373,78.25855862087788,7399925
2017-12-26,78.0465316772461,78.64407542477898,77.56464408833972,78.22001330077838,7946762
2017-12-27,77.56464385986328,78.83683022811769,77.41044087763046,78.06581008813865,7831439
2017-12-28,76.77436828613281,77.89234670513599,76.52378772772427,77.66103956321419,15796200
2017-12-29,77.23694610595703,77.75738565760737,76.88998814779482,76.92854019399375,8561565
2018-01-01,77.17913055419922,77.77667427492041,76.73579503806076,76.73579503806076,6388017
2018-01-02,77.39117431640625,77.79595783420113,76.8321825739129,77.5839293684639,4383705
2018-01-03,77.73815155029297,78.04655761817432,77.33336270377988,77.68032606616731,8187397
2018-01-04,77.23694610595703,78.20072111685985,77.10202178748189,77.87304179620415,4204055
2018-01-05,77.58392333984375,77.89232930764528,77.33333760858811,77.60319675202571,4923559
2018-01-08,77.3140640258789,78.35494331533955,77.12130898922435,77.87305572370315,11797863
2018-01-09,77.48755645751953,77.64175946258675,77.2176972770401,77.52610328717454,7380366
2018-01-10,77.04420471191406,77.83450349773145,76.5237702971547,77.83450349773145,8710385
2018-01-11,76.2731704711914,77.21767206567642,76.06114206205267,76.75505797270131,12305664
2018-01-12,75.6949234008789,76.44667017284253,75.44434288649612,76.36956606281001,9411915
2018-01-15,76.83219146728516,77.19842820011297,75.23232539578433,76.25392624417768,9962401
2018-01-16,75.63709259033203,76.83217483853294,74.92389792375933,76.75507073394645,13205546
2018-01-17,76.0997085571289,76.60086956232995,74.78897534991346,75.5599954987243,13012437
2018-01-18,75.94551086425781,77.02493705627069,75.46362323767788,76.5623228432278,24603506
2018-01-19,75.59854125976562,76.3310145738852,74.90462522712228,75.94550450490225,8082214
2018-01-22,75.2901382446289,75.92622883759847,75.17448731093086,75.61782286186025,9833311
2018-01-23,75.50216674804688,75.69492179021138,74.8082506877807,75.29013829319197,16134097
2018-01-24,75.54071807861328,75.92622815924938,75.23231210563046,75.29013757196284,11061376
2018-01-25,74.90463256835938,75.88768124908636,74.46129699134163,75.82985577883456,13143678
2018-01-29,74.84680938720703,75.56000415229934,74.78898391518672,74.98173897446488,11002896
2018-01-30,75.15521240234375,75.61782661774397,73.51679446362317,74.7118768293942,22826262
2018-01-31,74.71186828613281,75.29013337485107,74.01795227119682,75.15520380838717,14372442
2018-02-01,75.11666107177734,75.23231724115219,72.86142590034594,74.98173671739657,17028230
2018-02-02,74.36490631103516,74.98172341852157,73.63243305468686,74.98172341852157,22083930
2018-02-05,75.75274658203125,75.92622296917011,73.24692600037162,73.24692600037162,21997294
2018-02-06,75.15521240234375,75.40579292367912,73.24693529983713,73.24693529983713,13495253
2018-02-07,75.36723327636719,75.88766764414676,74.55766115153355,75.48288419613719,14316750
2018-02-08,75.4258041381836,75.99189005488253,75.09396085236608,75.73812941108365,33536651
2018-02-09,75.4258041381836,75.85524807893715,74.56691625667645,74.95732417159513,15183068
2018-02-12,77.49494171142578,77.70966103563258,75.46484595728656,75.8162072583406,11747845
2018-02-14,76.30420684814453,77.47541465849837,75.62100229210479,77.47541465849837,13853923
2018-02-15,77.26068115234375,77.41684110600377,76.01139093271715,76.51891740107874,8833619
2018-02-16,76.34324645996094,77.39733558377233,76.03092650225523,77.33877095842519,6252218
2018-02-19,75.79669189453125,76.88981715716719,75.58196726764497,76.36277253957768,4332550
2018-02-20,76.1285171508789,76.65555634837995,75.64051397158285,76.08947583750054,8479558
2018-02-21,75.71859741210938,76.4798845513009,75.4648367974368,76.3627606017163,9258406
2018-02-22,74.27409362792969,75.93330959540354,73.88369111680007,75.46482446397881,25535938
2018-02-23,75.44532775878906,75.67956509546634,74.31315592070143,74.41075657604179,11567495
2018-02-26,76.57748413085938,76.98740471077437,75.34771709594062,76.12852223495872,8362326
2018-02-27,77.20211791992188,77.3973191758997,76.34323027555025,77.00691666394404,17333449
2018-02-28,77.18260192871094,77.37780320318014,76.284678184222,76.83124069370108,5795018
2018-03-01,77.06548309326172,77.49492695507635,76.34323732046074,76.94835915176311,8106682
2018-03-05,76.88980865478516,76.92884997309957,75.8357248313401,76.83124932490055,6992551
2018-03-06,75.4062728881836,77.10452504498883,74.9963470323073,76.9483597883654,9525018
2018-03-07,75.48435974121094,75.73812566764157,74.66451322123494,75.25012241708136,9481007
2018-03-08,76.2846908569336,76.4798921638304,75.11348301555277,75.6795636284489,10429826
2018-03-09,75.30867767333984,76.38228476648197,74.87923377704821,76.32372543861808,9887071
2018-03-12,76.1285171508789,76.38227774507818,75.34771206400521,75.54291333572364,14242997
2018-03-13,76.14804077148438,76.90932790535636,75.44531825958235,76.08948144468816,10581316
2018-03-14,75.87476348876953,76.59700936955274,75.54292550951104,75.99188744777922,8577503
2018-03-15,76.05043029785156,76.42131481157516,75.66002777611014,75.71858709533674,6132848
2018-03-16,75.05489349365234,76.96786447276365,74.70352704642657,75.89425771666144,10373796
2018-03-19,75.81620788574219,76.16756918970385,75.15252659940892,75.50388790337058,13496140
2018-03-20,76.08949279785156,76.55797277729596,75.26964621485567,75.77716751638074,9661410
2018-03-21,75.81620788574219,76.32373447606416,75.58196525137623,76.32373447606416,9675146
2018-03-22,75.2305908203125,76.0113959351721,75.05491284657323,75.8161946564572,11371840
2018-03-23,75.8357162475586,76.22611879616537,74.56690266941314,74.56690266941314,9062739
2018-03-26,76.08949279785156,76.32373543516104,75.83573214708903,75.89429148262276,15451169
2018-03-27,76.49940490722656,76.65556488295296,76.16756164932426,76.16756164932426,7563470
2018-03-28,75.44532775878906,76.44085232519086,75.07444315042595,76.32373365685223,14095921
2018-04-02,76.08949279785156,76.20661146891902,75.30868753693635,75.30868753693635,6821616
2018-04-03,77.51444244384766,77.88532697043956,75.95283230269986,76.0504329365216,6269850
2018-04-04,76.53844451904297,78.04149550415377,75.99188196859555,77.67061093679274,9689298
2018-04-05,76.61653137207031,77.4754139143086,76.518930722145,77.26069460254257,8673501
2018-04-06,76.49940490722656,77.26069206975693,76.42132756695035,77.10453209403053,7948746
2018-04-09,76.46036529541016,76.71413121869803,76.20660466729636,76.51892992089141,4610445
2018-04-10,76.88980865478516,77.55349518060815,76.6360480285025,76.85076733647072,7562115
2018-04-11,76.90933227539062,77.37781221155336,76.44084704405383,77.29973486977994,5790314
2018-04-12,76.65556335449219,77.26069052923033,76.55796270971254,76.98740660577776,3537785
2018-04-13,77.10453796386719,77.29973927217901,76.6750940265463,76.71413534724354,3438013
2018-04-16,77.7682113647461,78.43189786390982,76.83124623870671,77.00692951647765,9628436
2018-04-17,79.99351501464844,80.8719208882903,78.93942584820847,79.32982845871597,23457958
2018-04-18,80.03254699707031,80.34486693096719,79.77878109370872,80.07158301742716,8814122
2018-04-19,81.2427978515625,81.55511779254857,80.01302550789212,80.22775010059712,10627620
2018-04-20,80.89141845703125,81.82838872158788,80.50101594519032,81.51606353501136,5446620
2018-04-23,80.73527526855469,81.1647191797487,80.11063006092469,81.1647191797487,4139986
2018-04-24,80.5986328125,81.28183734587655,79.95446959720834,81.28183734587655,3594644
2018-04-25,80.95000457763672,81.98457044985551,79.60311343585938,80.57911997477792,5924775
2018-04-26,80.8133544921875,81.47703569493603,80.50102925397599,81.02807379112917,7950190
2018-04-27,81.16471099853516,81.477030923282,80.8523910737883,81.00855103616173,7371596
2018-04-30,81.14519500732422,81.59415689600532,80.8328697796351,81.02807106125069,5644871
2018-05-02,80.09111022949219,81.63320255436622,79.91542694862211,80.81335606892907,7210903
2018-05-03,80.5986328125,81.02807672108578,79.34934770000157,80.03255223337813,3782713
2018-05-04,80.9695053100586,81.12566526392347,79.83733902557172,80.81334535619372,22466426
2018-05-07,81.7112808227539,81.98456475273028,80.8133569874155,80.8133569874155,6003886
2018-05-08,83.05817413330078,83.546177382141,81.53560505595415,81.78936568631623,19748071
2018-05-09,82.7068099975586,83.42905583994,82.43352606957407,82.76536932636272,13934330
2018-05-10,81.2037582397461,82.68728593333226,79.91542654199336,82.45304332508867,13973187
2018-05-11,80.75479888916016,81.59416340806237,80.40343231807051,81.51608077111487,10688957
2018-05-14,81.61367797851562,81.90647991196177,80.42295223390417,80.42295223390417,13962128
2018-05-15,83.48761749267578,84.32698201602969,81.45752187301478,81.59416384081055,56040833
2018-05-16,83.33146667480469,83.93658864777655,82.98010006322136,83.70234600511255,18183776
2018-05-17,83.33146667480469,84.3269912871583,82.88249940337592,82.96058204932214,17900935
2018-05-18,83.13623809814453,83.93656647456214,82.80440017847019,83.42904529550573,18414996
2018-05-21,83.01912689208984,83.72185469739429,82.6092063103759,83.72185469739429,16669979
2018-05-22,82.27735137939453,83.54615955564972,81.78934823468099,83.44855892670702,9411261
2018-05-23,82.49208068847656,82.94104257723988,81.86743552815759,82.37496203755522,18219990
2018-05-24,82.66777038574219,82.92153101257882,82.53112841893045,82.92153101257882,17260447
2018-05-25,82.7848892211914,83.17529181566707,82.08216666920484,82.08216666920484,30090956
2018-05-28,80.79381561279297,82.9605526711776,80.54005504609192,82.86295204589467,17488299
2018-05-29,80.8133544921875,81.86743827132005,80.32535127170748,81.30135771266752,15749359
2018-05-30,81.78936004638672,82.74584317105307,80.81335361600853,80.81335361600853,36016623
2018-05-31,81.76984405517578,83.03865252816526,78.7051825306125,81.94552734642865,274352477
2018-06-01,80.40340423583984,81.16469114707647,78.21714941181087,80.77428868904174,17096388
2018-06-04,78.74421691894531,80.79383042566623,78.31477302993093,80.79383042566623,14456405
2018-06-05,77.6315689086914,78.52949800743266,76.16755925384852,78.39285604727924,13788817
2018-06-06,78.50997161865234,79.34934135727411,77.1045266413315,77.1045266413315,8130515
2018-06-07,79.15414428710938,79.6226242060726,77.39733267685605,78.64661775593187,7683528
2018-06-08,77.26068115234375,78.54900738900545,76.81171929988123,78.43188874755374,12429285
2018-06-11,76.40180969238281,77.7877421515273,75.93332973189648,77.5339762158594,19668041
2018-06-12,76.14804077148438,76.69460331353858,75.50387758637856,76.69460331353858,13416832
2018-06-13,77.3582992553711,77.82677922214961,76.16756808756338,76.63605334951632,10866676
2018-06-14,77.6315689086914,77.82677019600379,76.75316311578568,77.37780829422007,7205187
2018-06-15,77.24118041992188,77.69014769875398,76.6165404227507,77.63158306574125,9527937
2018-06-18,77.5534896850586,77.88533292445521,76.61652458777742,77.24116445584909,4303444
2018-06-19,77.57300567626953,77.96340823124024,76.83124188085989,77.12404379708792,8099053
2018-06-20,77.74869537353516,77.96341467845593,76.83124823445063,77.57301209120072,8160216
2018-06-21,76.30420684814453,77.5534972972583,75.66004361148477,77.33877268825557,10942576
2018-06-22,77.18260192871094,77.45588583103721,75.77715169349801,76.59699810530334,7677797
2018-06-25,75.81620788574219,77.41685970953924,74.76211867868267,77.1826170751733,8701812
2018-06-26,74.46930694580078,76.01139923261528,73.7861024406606,75.69907929119215,9869227
2018-06-27,73.08338165283203,75.15251852299716,72.49777777743748,74.9377939249148,13094540
2018-06-28,72.14641571044922,73.68850272143419,71.50224721852598,73.5518660548312,22542641
2018-06-29,72.94673919677734,74.31314823013444,71.87313209913962,72.3220940082079,8435793
2018-07-02,72.24400329589844,73.14192694781865,71.63887623032359,73.0052850107422,13100144
2018-07-03,72.0488052368164,72.40016645118614,70.74095571566556,71.85360397381399,9990760
2018-07-04,71.44368743896484,73.88370354393217,71.11184418965452,72.32209323675308,10626271
2018-07-05,70.91664123535156,71.7364876863963,70.48720264710434,71.50224508678727,7739370
2018-07-06,70.9752197265625,71.40465839873033,70.60433509677237,70.9166550938353,7229617
2018-07-09,72.02928924560547,72.22449052842413,71.05328283151219,71.13136546270913,10238815
2018-07-10,71.8536148071289,72.36113604938453,71.59984889082715,72.2244940856468,7258266
2018-07-11,71.4046401977539,72.12688596393373,71.20943892555252,71.75600672385514,3825437
2018-07-12,71.28752136230469,71.67792390566586,70.89711881894353,71.52176394735606,11523981
2018-07-13,70.95569610595703,71.58034139251711,70.76049478485544,71.13137941301837,4793733
2018-07-16,70.7995376586914,71.24849964802287,70.50673567062636,70.68241898153532,12191173
2018-07-17,70.83856201171875,71.15088193942779,70.27247618567584,70.54576009380143,4698206
2018-07-18,69.68687438964844,71.75601118060071,69.51119641085991,71.28752598015053,5845129
2018-07-19,69.2769546508789,70.58480433075567,69.14031269115915,69.92111783793051,5980121
2018-07-20,68.6327896118164,69.47215406291114,67.96910313690039,69.29647079155878,5273662
2018-07-23,69.12079620361328,69.4916754793976,68.57422835269085,68.69135230439163,6336970
2018-07-24,69.39407348632812,69.6673574064824,68.80846962471794,69.5697567628807,6260188
2018-07-25,68.57423400878906,69.88208382535714,68.2033547024141,69.74544185135612,7757736
2018-07-26,70.9947280883789,71.7560152585819,68.00814932750589,68.80847252065341,33869484
2018-07-27,70.23344421386719,72.14642123487687,69.56976295540453,71.54129401357865,19690254
2018-07-30,71.52178192138672,71.7365012561268,70.29201465978277,70.62385266889476,10288607
2018-07-31,71.17041015625,72.45873656593115,70.99472687530532,71.69744940873615,11713824
2018-08-01,72.10737609863281,72.51729669848305,70.33104114387581,71.44368958012159,10299992
2018-08-02,73.66899108886719,74.27411302104746,72.12689864919261,72.6734665436224,12305598
2018-08-03,74.25457763671875,74.54737952801659,73.78609249257299,74.0984176870612,7491196
2018-08-06,73.9617919921875,74.89875719112376,73.64947202426683,74.89875719112376,4944677
2018-08-07,73.82513427734375,74.43026136701147,73.25905379430725,74.11793617051981,3270258
2018-08-08,73.98130798339844,74.44979321765516,73.33714475767603,73.82514800370423,6225545
2018-08-09,75.19155883789062,75.34772411638376,73.33714645993977,73.98130970061418,6328977
2018-08-10,74.39122772216797,75.67955406684577,73.82514188561865,75.62099474121017,4909902
2018-08-13,73.39570617675781,74.17651139262202,73.06386819615494,73.62994880055193,2537940
2018-08-14,73.3566665649414,73.78610517652763,72.82962201097085,73.22002459981215,2304692
2018-08-16,73.27859497070312,74.17651894226746,73.04435232306791,73.16147629447292,3661689
2018-08-17,73.0443344116211,73.78609820126317,72.51728990747395,73.5908969252956,4022502
2018-08-20,73.25906372070312,73.72754363615864,72.45873526047578,73.20049909799407,2487784
2018-08-21,73.22003173828125,73.51283370845847,72.55634515447638,73.25907306000644,3655095
2018-08-23,74.25457763671875,74.56689753603388,73.2200120131677,73.2200120131677,9442607
2018-08-24,74.5473861694336,75.97235444166533,74.00082364935241,74.37170290093405,8393334
2018-08-27,77.22166442871094,77.41686575673441,74.52788716102216,74.62548782503389,14042229
2018-08-28,76.9678726196289,78.25619874524891,76.42131018134081,77.14355056666467,8224129
2018-08-29,75.36723327636719,77.70964863654567,74.99634872626949,76.90932550655413,6955827
2018-08-30,76.88980865478516,77.37781189578028,75.11347897563249,75.445322238544,22347117
2018-08-31,78.66613006591797,78.95893196003172,76.06994903530428,76.06994903530428,11854651
2018-09-03,75.93333435058594,80.03256205384463,75.73813303138314,79.19319214513287,8999761
2018-09-04,75.913818359375,76.69462371145295,74.82069298453592,75.93334167028206,5387824
2018-09-05,76.38227081298828,76.90931525783067,75.25010459880609,75.79666705097961,7334087
2018-09-06,77.8072509765625,78.76373938760312,76.32372333410534,76.51892461838517,16457730
2018-09-07,76.40180969238281,78.43190540667999,75.28916118156944,78.43190540667999,4580610
2018-09-10,76.42161560058594,77.23356116398922,75.31262333354182,76.50083163624717,6293799
2018-09-11,74.02539825439453,77.17414705810333,73.74814749943552,76.46122421968809,9560546
2018-09-12,76.75826263427734,77.33256536501936,74.10459572758846,74.10459572758846,13582243
2018-09-14,79.27330780029297,79.98623054428847,76.79787414470465,77.3325688887187,22816500
2018-09-17,79.96643829345703,80.6199517782453,78.18412585928789,78.18412585928789,15162744
2018-09-18,78.77821350097656,80.75856023519592,78.48116149084366,79.80799487717749,4937349
2018-09-19,78.54058074951172,79.21390087309786,77.70883394156266,78.81783147617307,6025625
2018-09-21,79.37232971191406,79.9664338234274,77.27315862801255,78.81783361557532,11174973
2018-09-24,78.26331329345703,79.35250390217722,77.05530403987181,79.21388394051264,3992299
2018-09-25,76.2829818725586,78.65939821779371,75.90671917445066,78.02569149002562,10770907
2018-09-26,76.38201141357422,76.8374955834171,74.5402895264194,76.61965416044099,7286693
2018-09-27,77.0553207397461,77.59001550158855,76.1047552587123,76.44141532150459,8101331
2018-09-28,74.61949157714844,78.40195200588562,74.20361550508687,77.03551586862991,10284429
2018-10-01,76.20377349853516,76.79787760262666,73.62932238080536,74.57988787294474,4684738
2018-10-03,74.83731842041016,76.16415175478473,74.59967574720314,75.45122373516368,10349581
2018-10-04,74.95614624023438,75.62946633468115,73.09462337847023,74.46105951550432,11239097
2018-10-05,74.1838150024414,75.86710988534713,73.80754693862502,74.8571297323828,7035573
2018-10-08,73.92637634277344,74.87694185947112,72.28268398136002,73.86696163320121,4680183
2018-10-09,73.88675689697266,75.0353569424649,73.39167020736096,74.08479157281732,5552286
2018-10-10,74.12439727783203,74.83731993989403,73.74812925661173,73.74812925661173,3526073
2018-10-11,73.55010223388672,74.65909435062537,72.89658883037878,73.64911957902534,10016561
2018-10-12,74.63929748535156,75.15418556199023,73.70853331108773,73.76794264730988,6856067
2018-10-15,74.50067901611328,75.25320987933847,73.70854013439505,74.63930439482108,6926558
2018-10-16,74.14420318603516,74.77791524267384,73.31245644744905,74.4412552089563,6530627
2018-10-17,74.89672088623047,75.29279018128982,74.46104358725846,74.4808502752316,4151254
2018-10-19,74.91654205322266,75.82749945910521,74.08479529844072,74.85712734985385,9497796
2018-10-22,74.91654205322266,75.64926609306814,74.56007532114849,75.01555939612443,4377225
2018-10-23,75.62947082519531,76.3027909596206,73.58971447260352,74.4610639366441,4599675
2018-10-24,75.41163635253906,76.14436583811622,75.01556694109576,75.84730840749855,4510189
2018-10-25,75.76809692382812,76.10475699429801,73.94617657661028,75.13438479800864,7455415
2018-10-26,74.61949157714844,75.64926766712615,74.38184887483251,75.39182364463173,6390862
2018-10-29,75.07495880126953,75.45122143132718,74.22341083931026,75.01554947779032,8374975
2018-10-30,73.72833251953125,75.0749672826732,73.5104911461188,74.85712590926074,5105532
2018-10-31,73.64911651611328,73.96596985856569,70.8172216373282,73.31245648223599,9622136
2018-11-01,74.63929748535156,74.97595755332382,73.49069728759487,73.70853331108773,5603131
2018-11-02,75.19378662109375,76.16415872042077,74.7383079228108,74.87693327586247,6034462
2018-11-05,73.68872833251953,75.05516448595287,73.2728522555343,74.87693648613191,4872816
2018-11-06,74.50067901611328,74.85714043847936,73.2728626750429,74.10460957525416,7337064
2018-11-07,74.87693786621094,75.25320056523563,74.50066979515131,75.25320056523563,223308
2018-11-09,75.92652893066406,76.1245636481021,74.77792864393055,74.85713930768446,9231137
2018-11-12,73.64911651611328,76.40180074530252,72.97579644835871,75.84729933795897,3906667
2018-11-13,72.89659118652344,74.46106206705922,72.42130576568208,74.06499267370307,7750412
2018-11-14,73.64911651611328,74.06498719958638,72.9163871181532,72.99560313978358,9918943
2018-11-15,74.10459899902344,74.65909506268123,73.49069360212282,73.6689216018513,8814911
2018-11-16,74.50067901611328,75.25320987933847,73.74814815288808,74.06500155676113,5537047
2018-11-19,75.13438415527344,75.4512375294551,74.322444026411,74.54028004965652,5155461
2018-11-20,74.61949157714844,75.68887567951793,74.26302483765717,75.68887567951793,2673334
2018-11-21,72.12425994873047,74.40165915718597,71.80740655549864,74.26303378313378,6426666
2018-11-22,71.21331024169922,72.75798010455142,70.42117129951491,72.75798010455142,6231287
2018-11-26,72.26287078857422,72.42129745332582,70.83702006174111,71.31230542803026,5022526
2018-11-27,72.30248260498047,73.25304801557806,71.41132652528874,72.06483990932242,6727512
2018-11-28,72.99560546875,73.27285080923289,71.88660799071424,72.04503466699514,9281286
2018-11-29,71.49053955078125,74.65909460605778,71.01525951571065,73.25305044909274,16395530
2018-11-30,71.35191345214844,72.6985536342921,70.61918940084848,71.68857349768435,10573839
2018-12-03,72.79756927490234,74.65909208376654,71.72817983106097,71.72817983106097,11107638
2018-12-04,74.16401672363281,74.54028483013538,72.14406156058281,72.6391483470149,6304336
2018-12-05,72.67874145507812,74.34223486505641,72.2826721071818,73.31245348611911,5774768
2018-12-06,72.67874145507812,73.43127751370861,72.36188812557481,72.67874145507812,8600328
2018-12-07,72.34208679199219,74.06498965733142,71.54994803754056,72.79757087342966,8378029
2018-12-10,71.0152587890625,72.243069562791,69.96567064011398,71.4905388192699,6431248
2018-12-11,71.41132354736328,71.80739289959867,70.16370079019431,70.42115016677482,6514193
2018-12-12,72.30248260498047,72.79756931592033,71.56975319838257,71.64896384891217,7396629
2018-12-13,72.30248260498047,72.48071059769805,71.7281798714764,72.22326658241624,4251108
2018-12-14,73.55010223388672,73.76793824437777,71.49053930618946,71.88660868674395,9276710
2018-12-17,76.26318359375,77.8474612204324,75.13438471033177,75.2532033835189,23727234
2018-12-18,77.76823425292969,78.02568362868591,75.6096595133788,76.4017982153133,15507368
2018-12-19,78.81783294677734,79.01586764893472,77.25335665092,77.25335665092,11434466
2018-12-20,78.40196228027344,78.79803171202566,77.19395266224335,78.04550086610354,7938383
2018-12-21,77.98609924316406,78.85744885602544,77.49101240448054,78.42177673561275,8722621
2018-12-24,76.81766510009766,78.342533100596,76.5206131015084,78.02567978424777,8563441
2018-12-26,77.35237121582031,77.74844060586892,75.78789497631432,76.6790511039237,4766041
2018-12-27,77.84747314453125,79.01588022199151,76.63946341796601,77.25336894352488,46486470
2018-12-28,78.04549407958984,78.560382147281,77.47119130467392,78.22372745719409,5142112
2018-12-31,78.67920684814453,79.21390161339703,77.62962401089189,77.90686936810926,6317785
2019-01-01,79.21389770507812,79.41193239562047,77.66922282121999,78.20391756009128,3961625
2019-01-02,77.33258056640625,79.21391042874558,76.83749376052748,78.85744363088433,7876559
2019-01-03,76.46121215820312,77.23354958801578,76.0453414634023,77.19394157612173,7942863
2019-01-04,77.59001159667969,77.92667164252873,75.80769939492744,76.56023013903811,4017540
2019-01-07,78.5999984741211,78.77823187057523,77.57021685779449,77.66923421759445,3592512
2019-01-08,78.16431427001953,78.6197983834137,77.55040884106192,78.38215566599828,3990870
2019-01-09,78.26331329345703,78.71879730018529,77.47117466893326,78.16429596539156,4087529
2019-01-10,77.49098205566406,78.20390467534261,77.19393006879234,78.20390467534261,3589725
2019-01-11,76.97611236572266,77.59002321704573,76.5404402821176,77.19395377956073,2995789
2019-01-14,76.24340057373047,76.97612485432641,75.64929094907909,76.85730615261801,5370460
2019-01-15,76.22357177734375,78.81782948487948,75.4116316829752,78.81782948487948,11498868
2019-01-16,76.04534912109375,76.89689728840986,75.88691705756356,76.24338382847122,8515441
2019-01-17,76.79786682128906,77.05531082251352,76.04533613615823,76.04533613615823,5325531
2019-01-18,76.67903900146484,77.90685499123303,76.24336703880257,76.83747103010646,4366941
2019-01-21,75.74827575683594,77.1147170991687,75.51063845559034,76.81766510057759,4067143
2019-01-22,75.13438415527344,75.74828958226355,74.65909872196586,75.6492722313274,3577455
2019-01-23,73.78776550292969,75.84732363263716,73.55012273395369,75.07499134851047,6173490
2019-01-24,73.96597290039062,74.89673701866946,73.49069286716629,73.94617158018599,6157088
2019-01-25,73.6095199584961,74.89674559204974,73.37187722866373,74.30264145348652,3868441
2019-01-28,74.38185119628906,74.69870456124278,72.08464549825241,73.66892306709082,7440853
2019-01-29,73.510498046875,74.38185287825367,72.73816056578777,73.98578347708792,17469350
2019-01-30,74.10459899902344,74.42145772970991,72.63914012818121,73.31246023035949,12711500
2019-01-31,74.6987075805664,75.8473077899937,73.98578479458673,74.6590995653375,25774313
2019-02-01,75.3323974609375,75.98591071709565,73.62930165736975,75.62944942937607,9474849
2019-02-04,73.11442565917969,75.05516457121082,72.77776560753345,75.05516457121082,3678667
2019-02-05,73.70853424072266,74.04519431294098,72.67875270242232,72.91639542234319,5500377
2019-02-06,73.98577880859375,74.75811086891186,73.17383336421659,73.76793742847732,4322649
2019-02-07,73.11442565917969,74.3422418270475,72.8767829537803,74.04518978830697,4309303
2019-02-08,71.68856811523438,74.44125223307553,71.49053344120362,73.11441884266264,7692145
2019-02-11,72.22327423095703,72.55993430445581,70.44096188282433,71.1340833515426,7913450
2019-02-12,71.78759765625,73.8273594431568,71.47074427274899,72.48071913318933,11930402
2019-02-14,69.29236602783203,70.8370357523695,68.32199376173213,70.3023409398662,36962390
2019-02-15,71.88661193847656,72.16386266621983,70.34194235884914,70.65879572881141,16005610
2019-02-18,71.58955383300781,72.67874458665366,71.11427381827401,71.86680453729514,7973918
2019-02-19,71.07467651367188,72.48072082227243,70.85683510690752,71.3915299045568,10824411
2019-02-20,72.00543975830078,72.32229314488369,70.73801546789856,71.589563644871,9658184
2019-02-21,72.00543975830078,72.48071983817513,71.62917166120269,72.36190116121537,9197823
2019-02-22,72.0450210571289,72.32227171727172,71.490525108877,71.96581041996933,12182132
2019-02-25,72.06483459472656,72.28267058266141,70.69839322449026,71.68856657334722,29907322
2019-02-26,71.76780700683594,72.36191121827562,70.8370426678399,71.09448675172321,13683801
2019-02-27,71.86681365966797,72.99561256750039,71.23310152088177,71.80740432178948,13566494
2019-02-28,72.42130279541016,73.17383353751569,71.53014669690853,72.44110411545185,69863939
2019-03-01,72.55994415283203,72.77778020946718,72.12426666752583,72.52033613197949,7227772
2019-03-05,72.48072814941406,73.45110048665248,72.3223014379561,72.87679761407693,15733697
2019-03-06,73.0748291015625,73.82736534863477,71.965836798565,72.52033295006375,20336766
2019-03-07,74.12439727783203,75.05515592773679,73.11441723920429,74.06498257929834,12295538
2019-03-08,74.06499481201172,74.63929759777263,73.37187335362756,74.46106421680265,6211299
2019-03-11,76.95630645751953,77.62962660994108,74.36204857334027,74.65910063375533,17678891
2019-03-12,77.76823425292969,80.00603038352216,77.094919579506,77.094919579506,26457157
2019-03-13,77.1345443725586,78.52078740257377,76.48102550363728,78.46137268937326,6930222
2019-03-14,76.59557342529297,77.47339984845654,76.45267016156565,77.14676856377665,8466765
2019-03-15,78.90245056152344,79.29032463593558,76.39145035003949,76.39145035003949,14301914
2019-03-18,80.45394134521484,80.7601602797838,78.90243429185747,79.26989590577755,14247336
2019-03-19,81.2501220703125,81.74006909889472,79.73943960543556,80.10690126132576,16995997
2019-03-20,80.59685516357422,81.5971671579764,80.22939350159353,81.35219640853208,9060589
2019-03-22,81.04598236083984,82.00546410939182,80.49478706545358,80.80100605868878,8782833
2019-03-25,82.47499084472656,83.08742873106422,79.6577721373224,80.51518628575785,14506515
2019-03-26,82.82205200195312,83.25076193541348,81.41344788925004,82.53625091746103,8371544
2019-03-27,81.74007415771484,83.57738808868964,81.0459811064797,82.8832950374545,11579885
2019-03-28,80.94389343261719,81.65840427621056,80.2089646708045,81.65840427621056,17034861
2019-04-01,79.84151458740234,81.5359251535944,79.65778098596587,80.92348719922516,10617688
2019-04-02,81.57674407958984,81.98503599221978,80.02523702672148,80.02523702672148,17946031
2019-04-03,82.04629516601562,82.6995634651183,81.71966378537158,81.82173678404968,15076661
2019-04-04,81.39301300048828,82.98535593884048,81.04596929435816,82.25042715087478,10130253
2019-04-05,80.1477279663086,81.94421139941207,80.04565498104346,81.94421139941207,9883976
2019-04-08,80.98473358154297,81.78090517366925,79.84151822969372,80.84183581592269,13511642
2019-04-09,80.98473358154297,81.39302556974835,80.45395621200177,81.2297098820291,10655872
2019-04-10,81.10723114013672,81.51552316176492,80.73976942823434,80.73976942823434,8637199
2019-04-11,80.00482940673828,81.41343890175519,79.8823440323082,81.31136591045872,13713296
2019-04-12,80.45394134521484,80.69891760043271,79.6373575196976,80.2906256876741,11004111
2019-04-15,80.86223602294922,82.00545120263867,80.47435647744011,80.76016304126931,8965316
2019-04-16,80.3722915649414,81.59716746807479,80.22939380649389,81.25012372577172,4918434
2019-04-18,79.33116912841797,80.78060376163243,79.00453768758011,80.57645772665487,11593259
2019-04-22,79.53528594970703,80.31103949012069,78.96367836928715,79.29030969015177,7772049
2019-04-23,78.80036163330078,79.43321188551823,78.41248209948137,79.12699294970717,6686014
2019-04-24,78.37166595458984,79.47405653772948,77.59591228466154,78.8412006334032,7288151
2019-04-25,78.2083511352539,79.94359210417203,77.86130183390738,78.47373982293729,17599280
2019-04-26,77.90213012695312,79.37198237019189,77.71839651986787,77.9837852006909,8664580
2019-04-30,76.1056137084961,78.59619483352279,75.69732190235442,78.26955806592223,14290974
2019-05-02,77.65715026855469,77.90212655416164,76.12605540577893,76.37103169138588,8897549
2019-05-03,77.92253112792969,78.77994527271821,77.6571424858749,77.94294904674229,10782838
2019-05-06,77.75920867919922,78.73910810007725,77.10594055267615,77.57547511499133,5477945
2019-05-07,78.2083511352539,79.1270081187988,77.77964122024422,77.77964122024422,9450289
2019-05-08,77.57548522949219,79.10658554262284,77.12636852565035,78.37165672778247,10180731
2019-05-09,76.71807861328125,77.5959052001017,76.08522276673514,77.53466251503312,7921214
2019-05-10,75.75859832763672,76.94264398555677,75.55445233358793,76.9222316012777,5938686
2019-05-13,74.57452392578125,75.96272068358515,74.32955323940436,75.71774445939548,5504435
2019-05-14,74.1662368774414,75.20738451335522,73.92126617516818,74.2683098493263,11334983
2019-05-15,72.880126953125,75.37070886221196,72.45142263684062,74.7786833418061,7616268
2019-05-16,74.24791717529297,74.59496647937029,73.02304118759508,73.22718718554474,8660893
2019-05-17,74.37039947509766,74.96242505972857,73.63547612807908,74.1866714072502,10183233
2019-05-20,76.7793197631836,77.12636902205185,75.14615199233427,75.983148259769,6287120
2019-05-21,75.1053237915039,77.00388027066387,75.0236631855515,76.86097697915417,7748239
2019-05-22,74.34998321533203,75.6565196950477,74.22749784315235,75.08490652403829,6972640
2019-05-23,75.39111328125,76.79972252223521,74.7582630644672,75.94230844241001,13966122
2019-05-24,75.79940795898438,76.16686954048058,75.22779490130918,75.79940795898438,7240775
2019-05-27,76.4935073852539,77.41216418666605,75.79941445798616,76.12604577225174,6424176
2019-05-28,77.65715026855469,78.10627253586509,76.67725066394104,76.86097872478562,11255911
2019-05-29,77.63673400878906,78.8003671539565,77.31009713168538,78.14709893756303,8310232
2019-05-30,78.06544494628906,79.1678355009433,76.82015662972525,78.96368951214173,34989609
2019-05-31,77.28968048095703,78.55538654197441,76.92221886009743,78.18791938330122,11849847
2019-06-03,78.82078552246094,79.00451912589979,77.57549167898341,77.6775646724907,12106965
2019-06-04,78.77995300292969,80.02524681140105,78.37166104037793,78.61663732547181,11447117
2019-06-06,79.80066680908203,80.9030571006841,79.26988957997767,79.6169387856904,26132949
2019-06-07,78.29000091552734,80.0456596880149,78.04503016673698,79.80068340141032,8783688
2019-06-10,79.33116912841797,80.0048499362808,78.55541530306635,78.77997372641542,11231885
2019-06-11,79.06578826904297,79.9027848807275,78.75956918606333,79.73946914403493,6589306
2019-06-12,78.04502868652344,79.04534065928324,77.69797941523368,78.80036991513902,7509749
2019-06-13,79.14741516113281,79.39239144777265,77.43259223028234,78.06544256110557,11041648
2019-06-14,79.4536361694336,80.41312341961623,78.943271199955,79.20866541433534,34979466
2019-06-17,79.22907257080078,80.20897213998732,79.04533897878468,80.18855975768064,10860754
2019-06-18,80.76016235351562,81.1888666577949,79.26989794124286,79.49445628390083,17815522
2019-06-19,81.78089141845703,82.27084393702128,80.84182221865808,80.88264698036045,32722391
2019-06-20,82.04629516601562,82.7812240791866,81.37261448230316,81.92380978272776,11459458
2019-06-21,81.6175765991211,82.49540312759724,81.0663813945107,82.14835388485636,16601442
2019-06-24,81.27053833007812,81.9646369092818,80.65810036177407,81.65841792512977,9883389
2019-06-25,82.31167602539062,82.59748260962871,81.25012137036707,81.25012137036707,10375296
2019-06-26,85.59841918945312,86.12919645245556,82.087107688122,82.25042334306018,31182825
2019-06-27,84.80226135253906,85.7005059054247,84.21024131624951,85.37387454318318,13741562
2019-06-28,84.47563934326172,85.57803000405625,83.55698230520458,84.57771234749029,12067819
2019-07-01,84.536865234375,85.74132865998023,83.9652576318796,84.61852583665168,11211814
2019-07-02,84.65937042236328,85.41470620070832,84.25107841771636,84.67978280746973,12203723
2019-07-03,85.31261444091797,85.59842099645327,84.39395763245761,85.00639550476451,13693989
2019-07-04,85.82299041748047,86.06796670560158,84.8022604984877,85.33304337905248,12324046
2019-07-05,84.04691314697266,86.55791299558518,83.37323255692625,85.76174150146699,12525923
2019-07-08,82.16876220703125,84.25105188246701,81.80129508833265,83.6998567422321,8948141
2019-07-09,83.59779357910156,83.78152162218888,81.49508574053118,82.4545728693659,6875651
2019-07-10,83.82234191894531,84.29187646788657,82.92409757833448,83.57736568625026,12675299
2019-07-11,85.16972351074219,85.39428186675063,84.14898810413719,84.27147901108049,7808266
2019-07-12,84.39395904541016,85.6800830290382,83.45488984060943,85.16971812690441,6349095
2019-07-15,83.67945098876953,84.41437979517757,82.84245473632532,83.96525755867496,6656137
2019-07-16,85.29220581054688,85.49635177695869,83.41406181199547,83.61820777840727,6627472
2019-07-17,84.92475128173828,85.96589358239494,84.29189541024087,85.25138264019137,6388864
2019-07-18,83.84276580810547,85.29220548681616,83.69986806241059,85.29220548681616,8419638
2019-07-19,83.98568725585938,84.78185890916335,82.80164150664484,84.02651756538022,10869152
2019-07-22,83.3323974609375,84.59810350330568,82.71995958925744,84.10815652864973,9061812
2019-07-23,85.92506408691406,86.14962799355173,83.37323926931055,83.57738525471882,14046808
2019-07-24,85.65966033935547,86.96619663117444,85.14929546564701,85.59841766207312,18181391
2019-07-25,87.0274429321289,87.53780782708807,85.68008182456211,85.7413245043945,28085772
2019-07-26,86.37417602539062,87.37449344930214,85.84339874197653,87.02744420807893,10950941
2019-07-29,84.88391876220703,86.76206286883267,84.3327235136149,86.70082018294778,5948953
2019-07-30,85.02682495117188,85.65967528989908,84.39396907463042,84.84309134944371,10050004
2019-07-31,86.06796264648438,87.35408671401076,84.49603753780742,84.72060143208354,26229893
2019-08-01,87.37450408935547,88.29316102562052,85.65967559320165,86.53750222473651,27069006
2019-08-02,85.96589660644531,87.35409377323954,85.06765757019457,86.94579625408903,20863783
2019-08-05,82.12793731689453,85.74132176533641,80.37227881163244,85.74132176533641,18063375
2019-08-06,80.8826675415039,82.69956926042195,80.12733172860638,81.90339759981406,11846580
2019-08-07,81.1888656616211,82.04627979747295,80.47435480471347,81.25011387960687,9432897
2019-08-08,82.76079559326172,85.19013486684773,80.45394722514358,80.86223916774198,6595239
2019-08-09,82.47499084472656,85.27179163323129,82.16877190155773,83.08742873106422,9175926
2019-08-13,82.47499084472656,83.8631822795292,80.33145824254474,81.84213503948946,7558090
2019-08-14,83.76112365722656,84.18982803602813,80.7397640075868,82.08712537337567,8024154
2019-08-16,86.21084594726562,87.47655180122216,82.59746193467511,83.33238505616589,11894601
2019-08-19,85.54976654052734,86.76866157030462,85.17790206498793,86.41745405289704,8100095
2019-08-20,85.13658142089844,87.14052489573616,84.9713089455252,85.52910845355561,8711658
2019-08-21,84.66143035888672,85.77702949889542,84.41351881619956,85.3845024226268,5649369
2019-08-22,83.77307891845703,84.92999188372013,82.96736787196426,84.49615092278815,5059207
2019-08-23,83.25660705566406,84.53747310523788,82.92605645886498,83.48385603757754,7611285
2019-08-26,83.8350601196289,84.08297165590972,82.28562002308269,83.60780554296859,7846961
2019-08-27,85.34317016601562,86.52074561497476,83.8970262542821,83.8970262542821,18828020
2019-08-28,85.01263427734375,87.2851463805453,84.43417216774073,85.92163575612422,15756988
2019-08-29,84.62010955810547,85.44647761848734,84.1449490442193,85.01263662845369,8660979
2019-08-30,82.84341430664062,85.61174374046395,80.15771831020756,84.84735222064583,15630977
2019-09-03,81.41792297363281,83.62845837496693,81.0047389959691,83.21527439730322,9494810
2019-09-04,81.35595703125,82.22364461751954,80.69486146056049,81.5832060067212,8565768
2019-09-05,82.36824035644531,84.00031924005458,81.54187243647428,82.22363045378329,14199248
2019-09-06,84.08296966552734,84.43417159576401,82.65748256878163,82.78143553190435,13782929
2019-09-09,83.8350601196289,84.64076560733274,83.38055657047528,83.9796756494733,4769289
2019-09-11,83.21528625488281,84.24824634623147,82.55419067558624,83.87638183417938,7723322
2019-09-12,82.49220275878906,83.46318623092687,81.66583480023202,83.46318623092687,11516235
2019-09-13,83.73178100585938,83.87639656487956,82.24431709224966,82.43025218301392,7223537
2019-09-16,83.5251693725586,84.28956091605801,82.988026794131,83.05000887930227,6031015
2019-09-17,82.82276153564453,83.75242564431663,82.3682579616825,83.62847267149394,5823968
2019-09-18,83.48384094238281,83.87636795380439,81.91374410502897,82.84340803339627,7206830
2019-09-19,83.11197662353516,83.7730720944769,82.26494612495888,83.7730720944769,6306748
2019-09-20,81.06673431396484,86.31417429161252,80.7361892966725,82.71947060876188,51859153
2019-09-23,77.80256652832031,81.9137495252474,77.01751805769688,81.39726953086794,24586363
2019-09-24,78.69091033935547,79.31068632742469,76.43905534103733,77.6372934013044,18234411
2019-09-25,82.12035369873047,84.04165844185464,79.78585929467378,79.95113740071378,48245282
2019-09-26,82.3269271850586,83.21527158619297,81.43857717975804,82.61615259715299,15826874
2019-09-27,81.8517837524414,82.53354196420327,81.00475863454685,81.72783077075802,10034452
2019-09-30,82.24430084228516,82.63682791004551,80.83947626973115,81.39727582764486,9111327
2019-10-01,81.19068145751953,83.73176203185787,80.984089449782,82.43023350394476,7634447
2019-10-03,82.26496124267578,82.63683136628286,80.36431912016849,81.27332065611387,9432906
2019-10-04,81.21134948730469,82.55419772065487,80.81882237742758,82.24430966680482,19442087
2019-10-07,81.19068145751953,81.56254595061372,80.32299390418851,81.27331489811442,11655995
2019-10-09,81.6865005493164,82.18232361948182,80.73617953636084,81.60386710706682,8504262
2019-10-10,82.26496124267578,82.47155326504982,81.19068720966462,81.76914375147847,6982965
2019-10-11,83.05001831054688,84.39286650286081,82.182330665449,82.24430715349153,10517558
2019-10-14,81.97572326660156,83.58713967442755,81.68649223773974,83.05000273987436,11162487
2019-10-15,83.1532974243164,83.46318540571139,81.93440245582966,81.97572197418225,5013200
2019-10-16,82.03770446777344,83.15330352430031,81.25265597814962,83.05000752292436,6668842
2019-10-17,81.6865005493164,82.53353116050175,81.19068308331796,82.1203471367529,7899823
2019-10-18,83.69043731689453,83.97966835144847,81.39726841495454,81.68649384534194,8795448
2019-10-22,84.723388671875,85.75634854138094,83.04999592494175,83.04999592494175,10675241
2019-10-23,85.21922302246094,85.52911102466383,83.58714396919238,84.70274301878946,5777589
2019-10-24,84.33087921142578,85.63241340091326,84.12428719457598,85.28120585143517,5428181
2019-10-25,83.855712890625,84.86801594480374,83.11198392309916,84.86801594480374,3993616
2019-10-27,83.6078109741211,84.41352211833083,83.05001698646385,84.28956914422197,388417
2019-10-29,83.0706787109375,83.83507037288756,82.43024563437181,83.56650184413962,5943950
2019-10-30,82.61617279052734,84.22758952201589,82.34760426930717,84.22758952201589,6419057
2019-10-31,81.95507049560547,83.00869313732827,81.74847848007164,82.76078159785425,15582577
2019-11-01,81.52122497558594,82.16165794649352,81.29397601279081,81.9963854640819,8803683
2019-11-04,80.46761322021484,82.07902983562701,80.17838215409365,81.76914180942595,15175738
2019-11-05,80.73617553710938,81.19067906155277,80.11639953218658,80.46760705580951,8153818
2019-11-06,80.61222839355469,81.1906905634305,80.44695588966196,80.73618697459986,9183411
2019-11-07,80.24036407470703,81.33530072063164,80.01311508176387,80.9840987504772,15498054
2019-11-08,79.18673706054688,80.73617710290364,78.85618648901067,80.67420062204273,11762251
2019-11-11,79.2280502319336,79.78584976276035,78.64959374240343,79.18673631452675,10089055
2019-11-13,78.1950912475586,80.30233083401308,77.80256979783516,79.33135288710938,9456977
2019-11-14,77.6786117553711,78.56696187235977,77.22411382148567,78.50497978667823,19380370
2019-11-15,77.53401184082031,78.05049192705123,77.16214169539998,77.6786217816309,18256039
2019-11-18,78.77354431152344,78.91815421610285,77.12080844966786,77.55464937173846,11766437
2019-11-19,80.7568359375,80.98409051149075,78.58761982781725,78.91816480286403,22218922
2019-11-20,81.0254135131836,81.45926014625446,80.15773145537702,80.96343702393563,9597590
2019-11-21,81.10803985595703,81.37660833671627,80.15771889198845,80.90144785473198,12107895
2019-11-22,82.12035369873047,83.13265127530447,80.98409754262649,80.98409754262649,16199814
2019-11-25,82.0583724975586,82.80210717030884,81.72782749022569,82.22365060539254,6529113
2019-11-26,80.32299041748047,82.38891040517716,80.1163984187108,82.24429488520506,21594044
2019-11-27,80.61222839355469,80.98409853252271,80.19904433173912,80.55025190511586,12155700
2019-11-28,81.04605865478516,81.70715414102412,80.24034765528043,81.06671561203754,6724188
2019-11-29,79.86849975585938,80.94277944322278,79.37267663733242,80.73618741119779,17547179
2019-12-02,79.08345031738281,80.57091405304163,78.67026625770912,80.57091405304163,19957065
2019-12-03,78.25706481933594,79.37265817021245,78.13310626646106,79.37265817021245,7451455
2019-12-04,77.8438949584961,78.504984943635,77.55466388687238,78.2777359617644,10311154
2019-12-05,77.38938903808594,78.05048460729594,77.05883845139739,77.88520651186813,4569931
2019-12-06,77.10016632080078,77.7406049994888,76.79027826458106,77.45137390534998,5388071
2019-12-09,77.657958984375,78.0298234976846,76.6663184141603,77.26543190666824,5459781
2019-12-10,75.5093994140625,77.65795864357132,75.28215043586145,77.65795864357132,10563080
2019-12-11,75.0962142944336,75.73665290368484,73.67073275287515,75.61269433213602,39214905
2019-12-12,76.33576965332031,77.82323334642412,74.80699203876507,75.50940155761457,63493233
2019-12-13,76.728271484375,77.49266284212727,76.43904050441506,76.728271484375,12987237
2019-12-16,77.2447738647461,77.63730093695612,76.62499781652001,76.93488584063304,8479418
2019-12-17,77.69927215576172,78.02981711741653,76.68696910392292,77.4100411111887,17903634
2019-12-18,77.34806060791016,78.09178953502959,76.91421966778489,77.28608413134461,10099352
2019-12-19,77.01750946044922,77.32739742248496,76.39773353637771,77.30673486251632,5749401
2019-12-20,76.8935546875,77.45135416737746,76.48037071783763,76.70762526365169,9690984
2019-12-23,76.76959991455078,77.47200928379083,76.33575339421188,76.70762344140698,17045076
2019-12-24,77.32740783691406,77.43070383817118,76.64564974528368,77.03817679172744,3748896
2019-12-26,76.37709045410156,77.47202707835885,76.04654545196753,77.38939362990905,3925143
2019-12-27,78.11245727539062,78.29838671741408,76.64565067720483,76.64565067720483,7122947
2019-12-30,78.62893676757812,79.12475421385943,77.96784123503629,78.09179419556493,6925363
2019-12-31,78.6082763671875,79.434650008723,78.19509234850321,78.29838835317427,11907723
2020-01-01,80.7774887084961,80.94276117598372,78.60826725761825,78.73222581135867,13620373
2020-01-02,80.61222839355469,81.2733240132931,80.30234034719301,80.79816346303869,5673692
2020-01-03,79.74453735351562,80.48826633923917,79.0214597227193,80.26101737253666,7358268
2020-01-06,79.7858657836914,80.13707338133908,77.67862580197328,79.33136776761924,7355290
2020-01-07,79.20741271972656,80.36433158699299,78.98016370152916,79.80653191921883,14023712
2020-01-08,78.73222351074219,78.89749597340042,78.02980853923704,78.62892752106002,9451757
2020-01-09,79.72386932373047,79.90980435949555,78.9801403890031,79.31068533684493,7714854
2020-01-10,79.39332580566406,80.03375875520345,78.91815972885534,80.03375875520345,4118638
2020-01-13,80.4882583618164,80.57089739833593,79.24870643902148,79.49661794441373,27682638
2020-01-14,80.67420196533203,81.12869990199097,80.26101794715706,80.48826691548653,5994314
2020-01-15,80.2610092163086,80.9014421331463,79.70320973161681,80.73616966468815,7114590
2020-01-16,81.17001342773438,81.68649341229514,80.19902993592686,80.19902993592686,8552344
2020-01-17,81.56254577636719,81.74847522043363,80.01310572164581,80.96342671354151,4698386
2020-01-20,84.5581283569336,87.18184792310281,83.97967186777164,84.45483235514872,49337827
2020-01-21,82.88473510742188,84.4135182740345,82.22364513672497,84.144949772918,17283910
2020-01-22,82.65748596191406,83.60780699597778,79.76519773142975,82.84342101839776,56787054
2020-01-23,83.44254302978516,85.6943984809947,80.11641346653171,81.29398920152966,226059260
2020-01-24,81.3766098022461,81.87243285578231,80.26101633803984,81.17001779730047,16151679
2020-01-27,79.74453735351562,81.17001884351356,79.4553063011971,81.14936188441948,8213919
2020-01-28,78.69091033935547,79.74453288157308,78.13311082925985,79.74453288157308,9174575
2020-01-29,79.49663543701172,80.07509200743415,78.19510114835178,78.69092426823819,17600091
2020-01-30,80.32299041748047,80.67419793622224,79.08343842486246,79.4966224224018,26386034
2020-01-31,77.20345306396484,80.77749936629739,76.4803810196587,80.69486031956703,63986362
2020-02-03,77.4100341796875,78.09178660465882,73.31951402569331,74.74499534987586,16329297
2020-02-04,80.30233001708984,80.6948570669869,77.6786104412431,77.82322596510869,14207381
2020-02-05,78.23641204833984,80.86013169375885,77.67861250101974,80.1990361415338,14550344
2020-02-06,79.70320892333984,80.05441641785573,77.94717705492663,78.48431397301006,9175642
2020-02-07,78.67024993896484,79.66189035565006,77.90585846629442,79.66189035565006,18058457
2020-02-10,77.10016632080078,78.95949465811904,76.33577466129195,78.79422214896874,30471811
2020-02-11,78.29840087890625,79.0008160647047,77.71994428104344,77.88521679412312,32456571
2020-02-12,78.23641204833984,79.29003466087045,77.90586707431079,78.52564310374046,16386952
2020-02-13,78.73222351074219,78.98013500681259,77.55464810753232,78.00915158296705,18581113
2020-02-14,76.06718444824219,79.08343069807941,75.77795343655708,78.71156065329397,23830630
2020-02-17,75.86060333251953,76.76961041012424,74.60039432436322,76.43905983455576,17670292
2020-02-18,76.43907165527344,76.99687128441909,74.72435884314754,75.44743098355212,30879880
2020-02-19,77.47203063964844,77.65796571450066,75.61270230779695,76.85225452903128,22313738
2020-02-20,78.1950912475586,78.79421030788232,76.810929287788,77.47201922504155,25907657
2020-02-24,76.8935546875,78.17442611428662,76.459713761021,78.09178707868764,14921452
2020-02-25,76.91421508789062,77.55464798121044,76.58366455894644,76.89355252748818,17807428
2020-02-26,76.790283203125,77.84390602453331,76.00523453104714,76.4390755959889,17113656
2020-02-27,77.03817749023438,77.55465750120291,74.91028096587735,76.48037795755499,28472046
2020-02-28,74.99292755126953,76.56303042235042,74.02194383960347,75.79863875128702,28010970
2020-03-02,75.81928253173828,77.34806560807083,75.09621051534228,75.92257853408057,19540018
2020-03-03,79.20741271972656,80.44696504626107,75.22018719020754,75.943259380686,16039306
2020-03-04,81.41792297363281,81.81044999407987,77.90585916349129,78.79420359463498,16939245
2020-03-05,80.96342468261719,82.45088821867084,80.38496819753152,81.00474420387332,9715265
2020-03-06,78.75289154052734,79.579259574181,77.74059406180176,78.71157201801128,14371982
2020-03-09,74.76567077636719,77.92652754818266,73.52611866160291,76.39774996914036,69609292
2020-03-11,74.95158386230469,75.98454373235211,73.23687159885918,74.16653548190186,42604599
2020-03-12,68.62989807128906,73.50546828975321,68.07209840628786,72.80305867070972,58418097
2020-03-13,69.37361145019531,71.3155785522854,61.771026734477644,67.26637186379617,44617540
2020-03-16,67.6643295288086,69.7848659595918,66.4005803656646,69.57067059528727,39669086
2020-03-17,69.3993148803711,72.97637859615932,66.72187284915552,67.06458310498267,35460792
2020-03-18,61.752540588378906,70.64164832076455,52.32793862795847,70.256097822167,119909061
2020-03-19,63.037715911865234,65.0725719995496,60.01755760073345,62.28803209008679,44039786
2020-03-20,67.36446380615234,69.33506244565784,63.50894700250216,63.50894700250216,131485883
2020-03-23,65.5438003540039,66.76471511955097,60.63872407908133,60.63872407908133,39665620
2020-03-24,63.101959228515625,67.34302559394068,62.28801813784539,65.1368148604013,42302851
2020-03-25,64.36570739746094,67.23592103449407,63.551760579835516,63.616023820483534,23309603
2020-03-26,67.83570098876953,69.27080550383357,63.080562001682594,64.51567232716866,25329120
2020-03-27,68.54254150390625,71.21998385049379,67.10743124405099,67.942795580355,28883749
2020-03-30,66.67903137207031,68.49969191937059,65.56521434575535,66.4005785680968,22364337
2020-03-31,68.156982421875,69.31363388431518,67.00032514901379,67.85710659248994,24838523
2020-04-01,66.22923278808594,69.37790035405195,65.60806383660567,68.11415104680908,14182117
2020-04-03,66.91464233398438,68.73530283752561,65.00830717535251,66.20779882998782,21066826
2020-04-07,67.68575286865234,69.35647555597201,67.0003265375819,68.9709250605015,24741992
2020-04-08,67.83570098876953,69.69919629887885,66.50768836204477,67.64292280683034,21481260
2020-04-09,70.44889068603516,71.41277003899258,67.83570550037722,68.92809977622666,15607786
2020-04-13,68.5210952758789,70.64163122047704,67.36444406007793,70.25608081521005,14901247
2020-04-15,68.34976959228516,70.21327079830922,67.87853853403206,69.16371097812834,25249654
2020-04-16,69.99906158447266,71.41275448039774,67.47155743835474,67.77142746324468,31150756
2020-04-17,71.8625717163086,74.21872103712967,70.36320396669518,71.81973147566383,18536308
2020-04-20,70.898681640625,72.48372962989697,69.46357156554163,72.48372962989697,24177042
2020-04-21,69.6777572631836,71.11286713925426,69.46356193273783,70.2560858174712,13915863
2020-04-22,69.48497772216797,69.7205960670972,67.08599471851825,68.54252177371133,19702407
2020-04-23,67.68575286865234,69.35647555597201,67.51439773849002,69.18512042580969,32128585
2020-04-24,68.17840576171875,68.58537930811741,66.72187833897975,67.25736678928243,33134279
2020-04-27,68.37117767333984,69.18511888125555,67.5358134431189,69.18511888125555,9762001
2020-04-28,67.34302520751953,68.71387763372344,67.17167010684908,68.56393974172924,26134701
2020-04-29,67.70716094970703,68.79956065170532,66.8289623945499,68.3283297494955,14509262
2020-04-30,69.42073059082031,70.02047643075535,67.34303445745522,68.37117682353923,18702868
2020-05-04,68.13555145263672,69.18511092264946,67.51438846481764,68.9280753575014,12598146
2020-05-05,70.10615539550781,71.04861727407837,68.62820513375416,69.16369351693726,18305545
2020-05-06,70.85584259033203,71.3913309996515,69.69918530203353,69.78486577169308,12853774
2020-05-07,69.2922134399414,70.6844832206413,68.97092041362605,70.1061546111895,8561359
2020-05-08,68.11415100097656,69.6563589608657,67.72860046360972,69.6563589608657,30898767
2020-05-11,68.0284652709961,69.57067311185897,67.83569292240158,68.24266064304868,9453421
2020-05-12,69.95621490478516,70.68448140320984,67.55722587456219,67.89994191340583,19986028
2020-05-13,71.39134216308594,73.640393833911,69.42074334656434,73.44762146266493,27175817
2020-05-14,68.88525390625,70.256106753785,68.54254359957721,70.256106753785,26454121
2020-05-15,68.45686340332031,69.29222776865076,67.79286000246314,68.19982776703232,20009870
2020-05-18,66.18639373779297,68.62821772692628,65.6723224714376,68.47828560045936,32898286
2020-05-19,67.70716094970703,68.24264929075902,65.97218104886672,66.40057172170832,12276533
2020-05-20,67.87852478027344,68.82098670581505,66.7218733012045,66.93606866515294,24677051
2020-05-21,68.0713119506836,68.47828552027354,67.25737062192559,67.49298322931648,17176100
2020-05-22,66.76473236083984,67.68577152342708,66.01504837564188,67.25738067474252,25080927
2020-05-26,67.40730285644531,67.98562571846843,66.61477880979332,66.89323163417879,18512685
2020-05-27,67.32160949707031,67.64290249688526,66.72186372616645,67.40728995452241,22655078
2020-05-28,67.36446380615234,67.83569479979388,66.85039257483038,67.83569479979388,25797051
2020-05-29,67.49298095703125,67.96421196636997,67.08601321156456,67.36446605013055,63844851
2020-06-01,68.04989624023438,68.99235250105794,67.55724217865209,67.92137551574343,45314328
2020-06-02,70.70590209960938,72.11959493500035,67.94278549436405,68.47827388418922,43626060
2020-06-03,70.49171447753906,71.75546954034522,70.19184443258986,70.89868802262485,13811685
2020-06-04,72.5051498413086,72.80502568209175,70.72732944060593,70.77016967649227,23992166
2020-06-05,73.44761657714844,74.6685314221834,70.49171564377274,71.541275344513,22851633
2020-06-08,73.83316040039062,74.92555443019933,73.19057430981584,74.3043913622297,11723588
2020-06-09,73.06205749511719,74.56143093003625,72.8264449068647,74.54000790629058,8412588
2020-06-10,72.84784698486328,73.36191810205297,72.22668401288095,73.06204231528895,10101681
2020-06-11,73.25483703613281,76.38209305522514,71.90540731075902,71.99108197609075,22109491
2020-06-12,71.24139404296875,72.56940647806086,70.94152401596162,71.13429635966168,20331770
2020-06-15,69.934814453125,71.11288913496335,69.65636159950215,70.77017882441555,13833335
2020-06-16,69.69917297363281,71.21996327335516,69.1636846590306,70.98435073909822,13972830
2020-06-17,68.32833862304688,69.31363497437124,67.8356904473847,68.90666726857253,28371013
2020-06-18,70.87725830078125,71.24138573321576,68.3283314112166,68.84239674487618,19720997
2020-06-19,73.42617797851562,73.81173423442723,70.70589602965033,71.0486120559695,21577413
2020-06-22,76.5105972290039,77.003245369445,73.10488885694382,75.56813536956997,33039735
2020-06-23,80.3018569946289,80.96586025979512,76.70337625322271,77.7529299888216,34298071
2020-06-24,76.46776580810547,80.7088388538136,75.82517968729168,80.00198947258133,32910525
2020-06-25,76.83190155029297,78.52404737978598,74.68994774608488,76.42492800332481,40909792
2020-06-26,76.76763916015625,78.00997112459936,76.31782540395399,77.51732294340552,11954078
2020-06-29,76.36067962646484,77.23888427681443,75.8894485714507,76.25358192352627,7547198
2020-06-30,74.90414428710938,77.08893836333827,74.54001097266762,76.68196481006424,11889584
2020-07-01,74.30438232421875,75.13974065410453,73.64037329180552,74.96838554621158,15209917
2020-07-02,75.01123046875,75.73949698588339,73.94025371438958,74.32580418387519,15481100
2020-07-03,76.08222961425781,76.85333078016558,75.01125254470678,75.39680312766066,22720042
2020-07-06,76.25357818603516,76.55345406373394,75.31112193262265,76.42493334025362,11724475
2020-07-07,74.15444946289062,76.46775810262933,73.554703639317,76.46775810262933,20855578
2020-07-08,72.7193374633789,74.81845069397444,72.31236398144623,74.11160721362562,16818545
2020-07-09,73.49044036865234,73.89740801897014,72.61223600874911,73.04062667882278,16110083
2020-07-10,73.94024658203125,74.43289467943151,72.61223437264172,73.51185592161012,23809286
2020-07-13,72.44090270996094,74.62569694711758,72.05535215291496,73.94027050657913,10803798
2020-07-14,69.97765350341797,72.31237980143094,69.82771556619723,72.18386488976854,16288923
2020-07-15,70.06332397460938,71.24139856577821,69.87055161867104,70.70591011524692,15061461
2020-07-16,69.48497772216797,70.47027970834276,68.32832644764116,70.47027970834276,15458966
2020-07-17,69.95621490478516,70.19183327094402,69.2493714271498,69.2493714271498,13711930
2020-07-20,70.04190063476562,70.36319367698353,69.54925246544906,69.95622016600576,8390572
2020-07-21,74.39006805419922,74.73278413145697,70.2989388232457,70.2989388232457,33717545
2020-07-22,76.96040344238281,77.7100871471037,74.45432256350942,74.53999721493946,46076322
2020-07-23,77.86003875732422,78.202754854641,76.01796079702488,76.25357339296261,18738194
2020-07-24,77.96713256835938,78.50262099649878,76.53202241886154,76.8961557120806,14438899
2020-07-27,77.49590301513672,77.77436165122882,76.57486406387768,77.66726396363076,11938756
2020-07-28,77.92427825927734,78.33125171533437,76.55343161706155,77.1960176147809,11893746
2020-07-29,77.86003875732422,79.03811335785608,77.32455030253702,77.66726639985379,13335993
2020-07-30,75.76093292236328,78.50263292909806,75.22544441282828,78.18133982337706,23995122
2020-07-31,76.38209533691406,76.8319033220015,75.48247355631749,75.6538287025212,14354565
2020-08-03,76.48918151855469,76.89614920324023,74.58284055157131,76.68195385011495,12500988
2020-08-04,76.36067962646484,76.7033957621216,75.22544513740048,76.18932446384758,9628257
2020-08-05,75.37538146972656,76.23216307489044,75.03266534140774,75.84661251465111,10577794
2020-08-06,75.35394287109375,76.1464668541759,75.13974751406727,75.67523590663346,8564058
2020-08-07,75.37538146972656,76.23216307489044,75.07550558375036,75.3111240114237,8026904
2020-08-10,75.9322738647461,76.5962829784848,75.50388313733576,75.76091873586618,7766140
2020-08-11,75.76093292236328,78.1170823643173,75.20402719661575,76.31783864811081,21833550
2020-08-12,76.27498626708984,76.87473209455584,74.19729017692123,75.48246229738584,19435650
2020-08-13,76.57484436035156,77.23885333885578,75.56812519388511,77.08891545271483,10641012
2020-08-14,75.13975524902344,77.3888067293209,74.58284958759458,77.3888067293209,17130105
2020-08-17,76.53201293945312,78.18131825592046,75.2254236607983,75.39677877449425,17368089
2020-08-18,76.14646911621094,77.06750801670132,75.63240373032893,77.04609080453082,13890131
2020-08-19,75.9751205444336,76.85331928595271,75.8466056394772,76.46776876066193,12400644
2020-08-20,77.62442779541016,80.58032296597392,75.58957162438429,75.91086470401996,44062975
2020-08-21,81.00871276855469,81.60845868127356,78.2241727783969,78.39552792339921,49949864
2020-08-24,79.35940551757812,81.67272026397794,78.99527221042841,81.24432950507746,19724617
2020-08-25,79.14521789550781,80.0234225235835,78.39553399395207,79.89490179706355,10109220
2020-08-26,79.4022445678711,81.24432828984258,78.86675612725521,80.10908814739976,18000615
2020-08-27,79.33798217773438,80.38754178016761,79.12378681482319,80.06624873580083,10363056
2020-08-28,78.09565734863281,80.00199276593696,77.88146196621067,79.89489507472588,12114955
2020-08-31,76.66055297851562,79.40225292080515,76.2535793966663,78.60972878323764,24259718
2020-09-01,77.28170013427734,78.09564712930852,76.51059918262983,76.70337732575214,16505345
2020-09-02,79.40261840820312,80.23520516972125,76.79530113404213,77.97845480913738,30959608
2020-09-03,78.2194595336914,79.51216416893976,77.84698481306695,79.0520462398657,11884498
2020-09-04,76.70767211914062,78.00037103592307,76.1160952179231,77.6498100281406,17373558
2020-09-07,77.1896743774414,77.54024124862791,75.83124632510595,76.70765458778634,13069001
2020-09-08,76.64192199707031,77.12394774775755,76.1379884164299,77.05821831437386,9597878
2020-09-09,76.79529571533203,77.97844930694343,75.98461684282232,76.68574467698002,20122483
2020-09-10,77.82508850097656,78.19756327672799,76.31328156437816,77.12396056018419,19635358
2020-09-11,76.7514877319336,78.13183581495078,76.29137566661139,78.04419259130594,31182063
2020-09-14,75.15203857421875,77.78126378973982,74.82338542227862,77.78126378973982,14143608
2020-09-15,75.9407958984375,76.20371361736947,74.93292284961099,75.30539754279636,7858789
2020-09-16,75.3492431640625,76.00654955798,74.84530945076423,75.80935526239446,13201491
2020-09-17,73.74977111816406,75.1082051206627,73.57449065347609,75.08629729139818,10765947
2020-09-18,75.32730102539062,75.80932672149426,73.31156098756311,74.1003319294209,23788415
2020-09-21,74.7138442993164,75.23969178970314,73.46496096729217,74.93294642972327,13331596
2020-09-22,73.9688720703125,74.6919136344817,72.96100495590068,73.9688720703125,9039386
2020-09-23,71.82168579101562,74.45091101917228,71.33965997714859,74.45091101917228,8404497
2020-09-24,69.8278579711914,72.3256183336984,69.45538321418317,71.09864895669757,20770480
2020-09-25,70.44134521484375,71.20820258916704,69.98122722413476,70.55089626831851,8761400
2020-09-28,73.68405151367188,74.07843409769735,70.55089273012949,70.55089273012949,16915185
2020-09-29,71.55876922607422,74.23181633036253,71.20820820471941,74.05653581968512,13468026
2020-09-30,71.186279296875,71.53684618724891,70.24414155163281,71.4053813745371,14349950
2020-10-01,72.12842559814453,72.74191024911408,71.339654523877,72.19415503511904,14856837
2020-10-05,71.361572265625,72.91719478243999,71.05482695132567,71.8655059018098,10360105
2020-10-06,71.51493835449219,72.04078576197585,70.92336745047899,71.47112269013917,8989183
2020-10-07,69.93739318847656,71.51492318935406,69.67446954048916,71.42728593570725,17614061
2020-10-08,69.36773681640625,70.59471208067056,69.2362779404429,70.20032356573141,12953710
2020-10-09,69.23628234863281,69.82785921518196,68.66661331496421,69.5430217265852,11980039
2020-10-12,70.0250473022461,71.33965991518254,69.47729204685591,69.76212359095382,20670634
2020-10-13,70.30987548828125,70.98909553863987,69.76212025905235,70.11268717187362,11179799
2020-10-14,68.81998443603516,70.46325017106072,68.49133128903004,70.30987751375338,13362234
2020-10-15,68.25032043457031,68.81998350425638,67.74638680469037,68.622795184838,15536883
2020-10-16,69.6525650024414,70.63852435544841,68.07503479244963,68.40368791011862,18673957
2020-10-19,70.00312042236328,71.164360059125,69.84974780388005,70.09075767326564,18793008
2020-10-20,68.88570404052734,70.28795964493071,68.75424517790626,70.11267918026127,13701957
2020-10-21,71.7559585571289,72.80764749204971,68.90763113897563,69.06100380404276,36573148
2020-10-22,72.34751892089844,72.69807983798499,70.63851810541121,71.05481439503475,39056262
2020-10-23,74.5604476928711,75.10820284311356,72.17223880392821,72.34751926330104,29149043
2020-10-26,75.39305114746094,75.7874337237993,74.34135635252585,74.5166368371735,36760149
2020-10-27,76.0284423828125,76.83912129729056,75.15203403062532,75.39304989359151,23610507
2020-10-28,75.74359130859375,76.48854059310068,75.17392840410467,76.48854059310068,14060472
2020-10-29,75.19585418701172,75.94080364941651,74.60427737198725,74.95484427221722,17654072
2020-10-30,74.93294525146484,75.37114950538816,74.18799564238496,74.71384312450319,22904945
2020-11-02,75.83125305175781,76.42282392672354,75.34922727582047,75.61215096665215,13423596
2020-11-03,78.8548583984375,79.18351151676393,76.18181184734433,76.24754128230477,27441682
2020-11-04,77.60597229003906,78.87676310859123,76.53236976856752,78.85485527897917,19461431
2020-11-05,78.46046447753906,78.78911754824915,77.38686206914342,78.0003466124309,10248002
2020-11-06,78.19756317138672,78.635767390851,77.60598628640491,78.10991995008382,8815864
2020-11-09,80.65149688720703,80.93632840194601,78.48238392203272,78.83294487193851,15228920
2020-11-10,81.46218872070312,81.87847917195508,79.55599913668561,80.32285653709867,13815795
2020-11-11,83.10543823242188,83.69700907013355,80.58575846885866,80.58575846885866,15502357
2020-11-12,83.03970336914062,83.67510175726754,82.0099283824526,83.47790751446288,26079694
2020-11-13,82.75487518310547,83.23690095100129,81.59363534012306,82.64532414238025,11968619
2020-11-14,82.38240051269531,83.21499317760006,81.94419634949253,82.82060467589808,1162700
2020-11-17,81.85655975341797,82.93015639594353,81.44026341755588,81.94419702066172,16872514
2020-11-18,81.24307250976562,83.12734798928585,80.9582350556429,81.85655713494494,16685757
2020-11-19,83.17117309570312,86.41388277408312,78.17564078888792,78.21946239471558,64832376
2020-11-20,84.06948852539062,85.01163224001282,82.8644270651779,84.79253015633778,27479934
2020-11-23,85.34028625488281,85.84421986388216,83.4779125807122,84.13522478211178,20909280
2020-11-24,85.23072052001953,86.63297006232173,84.68296539954443,85.44982256820957,15308572
2020-11-25,85.58129119873047,86.52342892489709,84.81443394243975,85.23073025897865,19854793
2020-11-26,86.61106872558594,87.2683749194149,84.50768533921895,85.51555840253769,24879552
2020-11-27,84.31051635742188,86.61108856273964,82.68915833054974,86.61108856273964,46793847
2020-12-01,84.28858184814453,86.0852199362429,83.98184252899648,85.38409215265283,18193922
2020-12-02,85.07737731933594,85.5374894022432,83.0616365901924,84.50770823092282,15836732
2020-12-03,84.7706069946289,85.49364260198499,83.69700452609877,85.44982694492151,21308517
2020-12-04,85.16500091552734,86.30433296572053,84.46387898635419,85.09927147760793,14838659
2020-12-07,84.79252624511719,86.43579179688115,84.35432209798013,84.57342417154865,22078115
2020-12-08,83.95993041992188,85.27454281137248,83.7408283546801,85.01162508790148,15896364
2020-12-09,84.44197082519531,85.34029301489763,83.74084290588557,84.52961404393089,18701467
2020-12-10,84.46387481689453,85.62511464122944,83.91611367854021,84.57342585586055,13612880
2020-12-11,84.61724090576172,85.55938458888735,84.20095052681067,85.0116293980116,14876364
2020-12-14,85.14310455322266,86.32625836924646,84.4857981984373,85.88805413272289,20316890
2020-12-15,84.48577117919922,85.31835777362097,83.85037286203546,85.18689892211565,16084083
2020-12-16,85.97567749023438,86.26050900914144,84.3762334746568,85.31837124189911,35024972
2020-12-17,86.91999053955078,87.86428526179847,86.15556002655204,86.91999053955078,23058726
2020-12-18,87.18976593017578,87.59446181445341,86.3578873298018,86.91996664100708,20310375
2020-12-21,83.41259765625,86.87500905037156,82.94045342021141,86.78508000962455,21609326
2020-12-22,85.57098388671875,85.90823150336547,83.18776373637778,83.39011474594638,23934507
2020-12-23,85.4135971069336,86.20050818168154,84.98641436963281,86.11057304784417,9836093
2020-12-24,85.43608093261719,86.44782987857103,85.1887684540416,85.54849680450636,12945145
2020-12-28,86.13306427001953,86.47031189066868,85.43608219464039,85.52601733306075,6879688
2020-12-29,85.30118560791016,86.62769535571876,84.98641872230937,86.15554502731756,8549660
2020-12-30,85.5260009765625,85.72835194983378,83.99714660846378,85.43606585534185,19132583
2020-12-31,85.36864471435547,85.88575657845949,84.55925276175373,85.6609248028532,23272111
2021-01-01,85.21125030517578,85.391120581716,84.76158681172818,84.98641855845197,3074621
2021-01-04,84.73909759521484,85.61594375925591,84.53674660383587,85.43607350071868,7133203
2021-01-05,84.53675079345703,85.21124599954695,83.72735898572958,85.21124599954695,10478882
2021-01-06,88.20153045654297,88.85353895907194,84.08710400400972,84.53676756394101,54265234
2021-01-07,88.60621643066406,90.74211809904052,87.90924043109031,89.03339920392003,40129922
2021-01-08,91.52902221679688,91.73137321996005,88.8310413690276,89.37063997816195,29487917
2021-01-11,91.52902221679688,92.18103669458827,90.58472770028739,91.73137321996005,12726089
2021-01-12,91.59647369384766,92.06862401794744,89.91023560553003,90.40486666456016,31454127
2021-01-13,92.1810531616211,92.90051606933984,91.10185575056683,91.64145445609395,23792586
2021-01-14,92.22600555419922,93.30520285895848,91.55151028820053,92.60822075805548,12024674
2021-01-15,91.28170013427734,92.51827455930595,91.05686842063578,91.70887673082598,13530190
2021-01-18,88.02165222167969,90.83204902327209,87.48205359619338,90.494801407081,26118654
2021-01-19,89.77533721923828,89.93272065748648,87.79681912127155,87.93171572608355,19382828
2021-01-20,88.20153045654297,90.20252963886583,87.75186689661167,89.93273638206894,21158179
2021-01-21,87.7518539428711,88.8984934118505,87.30219044931816,88.33641404490933,12509109
2021-01-22,87.32466888427734,88.26896341565602,86.7850763655976,87.68440332901514,16720401
2021-01-25,85.5260009765625,88.49378069048961,85.25620171185089,87.43707046142347,9393599
2021-01-27,86.4927978515625,87.39212489429623,85.1213265509743,85.43608735656,18874916
2021-01-28,84.22199249267578,85.86326298915913,83.54749726680991,85.86326298915913,16072463
2021-01-29,82.9404525756836,84.98641904295353,82.2884380668869,84.85152243373079,13415015
2021-02-01,84.94145965576172,85.18877214505274,82.06360833154814,82.94045460985566,9485240
2021-02-02,87.32466888427734,87.97668337233557,85.0763514757335,85.88574330322876,10803602
2021-02-03,92.85552978515625,94.4293519103995,87.45956821289366,87.45956821289366,73411707
2021-02-04,92.33841705322266,93.37264673808232,91.82130526026853,92.8555349451282,23523019
2021-02-05,93.12532806396484,93.66492055591266,90.49479560649735,92.47331360820802,28755118
2021-02-08,95.57600402832031,95.95821924369422,92.4958076676509,92.85554214639475,28436890
2021-02-09,94.76659393310547,97.77934140661186,94.4293463546809,94.4293463546809,27738169
2021-02-10,94.63169860839844,96.22800759656683,93.08036328626153,94.67666617547874,34189378
2021-02-11,96.11558532714844,96.58772950266948,93.68740395498881,93.91223567646564,20504448
2021-02-12,95.6209716796875,98.47633628061264,94.676677058262,98.47633628061264,25066544
2021-02-15,95.5310287475586,96.88002531030556,95.1263328282102,96.2280108132238,8599603
2021-02-16,101.42161560058594,103.37765897498213,95.91323820247715,95.95820576837437,80200957
2021-02-17,103.44509887695312,103.96221672485471,99.91524566514347,101.39913261412391,39034960
2021-02-18,106.34542846679688,107.15482022310574,102.74812092951169,103.8722795349133,44291912
2021-02-19,104.41188049316406,106.16557283686114,102.86053914264768,104.99644054176248,36335681
2021-02-22,101.15180969238281,105.17629960282385,100.54476287642939,104.52428522662382,25800846
2021-02-23,101.6689453125,103.0179297446881,101.01693078286841,101.51156186407668,18293559
2021-02-24,100.16256713867188,102.61323560720248,99.64545534317914,101.69142179015317,11421326
2021-02-25,102.3209457397461,104.68167274492183,99.28571136406107,100.58974024359644,30696079
2021-02-26,96.36290740966797,102.18605201734039,94.96894937743872,99.60048696201002,38070699
2021-03-01,102.1860580444336,102.88303405218126,97.75687120775008,97.80183877898097,31441940
2021-03-02,101.19679260253906,103.13034321241034,100.43236831212668,102.97296586661619,18223787
2021-03-03,102.29846954345703,103.49008268477768,100.5897507014505,103.42262828134331,19350542
2021-03-04,101.24174499511719,103.40013313031125,100.2974505671542,100.2974505671542,22865747
2021-03-05,99.03840637207031,101.62397139528721,98.63371045779184,101.62397139528721,17342685
2021-03-08,100.82451629638672,102.5419446297677,99.38187773869937,99.7711627366184,15749448
2021-03-09,98.92391204833984,101.71759714221041,97.66446441036055,100.98482636503323,12585004
2021-03-10,98.53463745117188,100.27496900819398,98.00796053445708,99.83988456599721,10661165
2021-03-12,100.77873992919922,101.1680250158231,98.64912955289354,98.78652757793037,18173078
2021-03-15,102.65645599365234,103.7327124941539,100.64134100798215,101.21381720912507,30092241
2021-03-16,102.79385375976562,104.05330139922656,102.35876936324611,103.11443670456981,14767699
2021-03-17,100.9619369506836,103.0457479781849,100.45815661746735,103.02285141330611,12571132
2021-03-18,101.2367172241211,102.35877310132332,100.82453558759777,101.21382066000045,14232655
2021-03-19,105.42723846435547,106.29739478587696,100.36654541055876,101.6259929805615,70334403
2021-03-22,102.38166809082031,107.35076906385459,101.76339875142654,107.35076906385459,29180881
2021-03-23,100.29784393310547,102.5877484784491,100.06885347857111,102.38165458466273,38455903
2021-03-24,101.2367172241211,102.54196424958208,99.33609741387802,99.4047933180045,24398959
2021-03-25,99.10710906982422,102.31297597488812,98.62623151877051,101.2367194144066,20272124
2021-03-26,98.28274536132812,101.67180340421369,97.16068946461762,100.45815503766364,25184863
2021-03-30,101.37411499023438,102.45037152473516,98.6491257020052,99.3360971650783,53328751
2021-03-31,98.76361846923828,101.25961720718637,98.30563750534061,100.7100375658034,20694060
2021-04-01,100.16046905517578,100.4581554539761,98.35144167423088,99.22160430601824,11229344
2021-04-05,98.07664489746094,100.29785376657013,97.71026261899033,98.55752862618837,14484908
2021-04-06,95.80963134765625,100.2978481733334,95.48904842481325,98.5575231300031,25301732
2021-04-07,96.42791748046875,99.01551498095311,95.96993650151784,96.5882120654545,22841720
2021-04-08,95.71803283691406,97.77894688454262,95.48904238717755,97.06907276330135,20468881
2021-04-09,95.3974609375,96.84009978881828,95.26006912757049,95.90124126018254,11773021
2021-04-12,92.12289428710938,94.64178958292457,90.9092459778422,94.64178958292457,18544315
2021-04-13,95.60355377197266,95.90124016459552,92.71826989053328,93.9548210128308,19831072
2021-04-15,95.1684799194336,96.8172128615243,94.82499414865492,95.21427926455713,10159348
2021-04-16,96.10733795166016,98.37434015130191,94.91658612154525,95.03108137036851,22020846
2021-04-19,92.14578247070312,94.8020755408732,91.59620909228998,94.27539251205206,18404990
2021-04-20,93.29074096679688,94.2067028700546,92.3518825006634,93.88611993097292,14467660
2021-04-22,93.17625427246094,93.84032919791922,92.14579703681072,93.42814754601208,11626459
2021-04-23,96.70268249511719,97.50414900261532,93.42812057826312,93.56551235198617,38318040
2021-04-26,98.83231353759766,99.13000613103094,95.3516569989896,95.3516569989896,19139358
2021-04-27,99.22159576416016,100.98482365231916,98.83231071688908,98.94680595362975,15270611
2021-04-28,101.16800689697266,101.53439535302051,99.06129346292936,100.20624574102206,16383579
2021-04-29,100.82451629638672,102.4274494075423,100.3207360762423,102.17556240335176,14761969
2021-04-30,100.77873992919922,101.80919716403405,99.22160579446845,99.72538612940731,16897105
2021-05-03,101.1222152709961,102.06107993765025,99.26739492381763,99.61088063342581,15528063
2021-05-04,99.8627700805664,101.53440554377046,99.24450075775316,101.39700752955086,20857434
2021-05-05,99.93146514892578,100.91612289514727,99.29028688462914,99.86276304077697,23178237
2021-05-06,98.64911651611328,100.48104024705869,97.82475332189343,100.04596208801753,18823613
2021-05-07,98.25984191894531,99.29029912706619,97.77896437319475,99.08421141250078,12509591
2021-05-10,100.68714141845703,100.82453322348843,98.44303592843634,98.64912363598344,17845577
2021-05-11,102.31298065185547,103.137350192186,100.02307561499,100.75584646913994,22995780
2021-05-12,103.48082733154297,107.62555261845924,102.15267755133539,102.31297213292228,55645370
2021-05-14,104.80896759033203,105.3356506889532,102.51906889249024,104.30519347963032,18820793
2021-05-17,104.60289001464844,105.7936356429391,104.00751098873825,105.77073907768921,10996347
2021-05-18,106.75538635253906,109.84677039213656,104.6486788132227,105.74783813501422,52885042
2021-05-19,107.05307006835938,108.99948907238306,105.97681982378106,107.25916397702045,28081040
2021-05-20,104.85477447509766,107.60266040154447,104.60288741654591,107.1675759784845,10707136
2021-05-21,104.39678192138672,104.99215465478382,103.50371660952705,104.44257504567571,21702883
2021-05-24,105.79361724853516,107.35075734420172,104.60287182728017,104.87765540956131,22028927
2021-05-25,106.66378021240234,107.37364811461713,105.86231364652475,106.70957333247031,9165363
2021-05-26,103.32052612304688,107.07596610288486,103.02283975448717,106.80118250837685,18322114
2021-05-27,104.55707550048828,105.15244826361251,102.24427413785459,103.82431093410904,51194207
2021-05-28,103.25184631347656,105.79363844109476,102.95415368676531,105.79363844109476,15307498
2021-05-31,103.34342193603516,103.77850631045831,102.47325939895285,103.50371650617863,13102261
2021-06-01,102.77094268798828,104.4196752525328,102.54195222657276,103.64110519901449,15733731
2021-06-02,104.16779327392578,104.48838242013731,102.63355586579476,102.67935520264844,7995532
2021-06-03,103.64111328125,105.99972018717195,103.34342690054814,104.90056091725074,10291328
2021-06-04,103.57241821289062,104.48838634911384,102.95414267152802,103.50372231090908,6142487
2021-06-07,108.19802856445312,108.90789658032708,103.91590527021602,104.09909641510951,18058790
2021-06-08,107.1904525756836,109.43456396699291,106.27449077082707,109.43456396699291,22511761
2021-06-09,110.87721252441406,112.43434019115269,107.07596096703398,108.08352147111631,39865778
2021-06-10,110.67113494873047,113.57930923688072,110.02995659969878,113.57930923688072,32690784
2021-06-11,112.80072021484375,113.94567248699657,111.74736660916862,113.94567248699657,29142097
2021-06-14,113.89990234375,114.403676475718,110.87723270488246,113.55641659280914,18732629
2021-06-15,113.3961181640625,115.18223645657399,113.14421869686885,114.74715205922793,15026686
2021-06-16,110.90013122558594,113.35032465608623,110.35055152968467,113.05264445414011,30706682
2021-06-17,109.84677124023438,111.77028143292667,108.42702273666472,111.77028143292667,22261167
2021-06-18,106.7095947265625,112.20536656585026,105.38144489598955,111.74738557924294,49278209
2021-06-21,107.55684661865234,107.83163018912015,104.602867330252,106.20580047954383,11719831
2021-06-22,107.1904525756836,108.54149872255239,106.27449077082707,106.27449077082707,10961545
2021-06-23,106.36610412597656,108.08353274727234,106.25160888455683,107.96903750585263,10721151
2021-06-24,105.86233520507812,106.68669849886886,104.46548325269089,106.3661093225254,12964208
2021-06-25,105.72492980957031,106.61799521118,105.06086732300369,105.99972585350443,7736431
2021-06-28,106.18290710449219,106.48059970253193,105.65623644642112,106.25160921897177,9989595
2021-06-29,108.08353424072266,108.95370305694765,106.09132198190356,106.52639396648709,61089570
2021-06-30,106.43480682373047,108.81631034302212,106.25160946704308,108.61021642263103,17437744
2021-07-01,105.7020263671875,106.68669038603734,105.42724276466257,106.50349303533508,15924813
2021-07-02,104.39678192138672,105.83941441882646,104.23648113931917,105.70202262243144,9549992
2021-07-05,105.47303771972656,105.74783375054558,104.57997236073997,105.0150567585569,6849185
2021-07-06,104.78607177734375,105.56464193689877,104.55708128474106,105.06086782258458,5343938
2021-07-07,105.77072143554688,105.99971189691034,104.78605748227291,104.78605748227291,7228897
2021-07-08,105.86233520507812,106.77829718118548,105.1295581700746,105.38144522879824,8740010
2021-07-09,105.45012664794922,105.99970621044429,105.3356314234097,105.81650888177028,2990856
2021-07-12,104.87767028808594,106.13711799534718,104.5112879852249,105.65624044637148,5578309
2021-07-13,104.71736907958984,106.205807096669,104.55706830055695,105.51883570417093,8264289
2021-07-14,105.31275939941406,105.99973090670466,104.62578789212345,104.71738657780152,9228746
2021-07-15,105.51883697509766,105.99971447093272,105.01505049374785,105.79362056599543,5376823
2021-07-16,107.09886169433594,108.31251614338892,105.56463052910563,106.09131357458779,15903784
2021-07-19,106.77828216552734,107.46525355100275,106.02260867209333,107.0988588732604,13725925
2021-07-20,105.93102264404297,108.22092753556242,105.77073427104825,107.57976162005447,14178067
2021-07-22,106.82408905029297,107.39656527860612,104.74027806393893,107.39656527860612,10378326
2021-07-23,106.7095947265625,107.14467914854532,106.27451030457968,107.05308046651798,6660369
2021-07-26,106.57218933105469,107.78584376027726,106.2744967582936,106.91567502722773,12963701
2021-07-27,106.18290710449219,107.55686242938198,105.63333988277087,106.70959018609209,10832912
2021-07-28,104.4654769897461,106.4348050591347,104.14489404438703,106.25160770548457,13828088
2021-07-29,102.22135162353516,105.97679793861003,102.06869130522746,104.41965772246019,28609665
2021-07-30,104.51126098632812,105.76306819729002,102.70986790886109,103.22891052918816,34142169
2021-08-02,104.41966247558594,105.03030377661275,103.38157102148743,104.72498312609935,9575755
2021-08-03,106.52637481689453,106.98435581339628,104.48072885055932,105.36616623124715,20959435
2021-08-04,107.014892578125,107.83925588503374,106.15999223544833,107.2591515936797,23323277
2021-08-05,106.98433685302734,107.32019449368455,105.79359144256529,107.0148738834607,6621382
2021-08-06,106.86222076416016,107.77818265642438,106.5874371658922,107.16754139491489,5340311
2021-08-09,107.74765014648438,108.08350782382303,106.28212099617083,108.08350782382303,16415005
2021-08-10,105.39668273925781,107.53392722525939,104.63338113711438,107.53392722525939,11925263
2021-08-11,107.68659973144531,108.0835190941808,105.36617005246795,105.61041665396972,31279965
2021-08-12,114.18990325927734,114.6173471255965,107.6560474539594,108.08349132027855,58107755
2021-08-13,112.81597137451172,114.37311153745478,112.11373144958586,112.4801137162995,26776843
2021-08-16,110.34288024902344,112.54119891383674,110.15969530930853,112.35800155059252,21308655
2021-08-17,111.9000244140625,112.20534508094943,110.52608141307128,110.55661844917186,15962459
2021-08-18,110.28181457519531,113.57928002846957,110.00703096389282,112.17480009096404,25227527
2021-08-20,109.060546875,109.94598432112042,108.11406019973678,108.26672054318541,18720467
2021-08-23,107.2591552734375,109.85438100274071,106.37371786461603,109.61012197880616,13112745
2021-08-24,107.83924102783203,109.48797983802946,107.13700111368468,108.26669735204376,11029463
2021-08-25,107.16754150390625,108.35828699564945,106.89275790535883,108.20562668011682,12001351
2021-08-26,105.7020034790039,107.10648339767322,104.78604155557488,107.10648339767322,12115246
2021-08-27,106.46531677246094,106.77063744713018,104.87765174888686,106.1294714844428,8051699
2021-08-30,107.16754150390625,107.68658409201154,105.51881506556516,106.98434415585578,14512401
2021-08-31,107.0759506225586,108.11404829784719,106.83169161522427,107.16754930325013,43248333
2021-09-01,107.2591552734375,108.57203665649689,106.64851392536615,108.57203665649689,11817591
2021-09-02,107.3202133178711,107.53393529780958,106.3737142907483,107.10649133793261,13545023
2021-09-03,107.19808959960938,107.96139125604769,106.4958495909802,107.47287322651533,12286475
2021-09-06,106.31263732910156,107.68658011819441,105.64093445025063,107.28966082775092,13950485
2021-09-07,105.64094543457031,106.34318541782963,105.30508774845916,106.3126483832635,12485031
2021-09-08,107.41197967529297,107.87804265853211,105.76522759401162,106.41771450626965,25370295
2021-09-09,107.81590270996094,108.2198264878601,106.82163754781739,107.13234620116022,5078350
2021-09-13,108.06446838378906,108.31303782632806,107.31876005617207,108.28196190497304,7522483
2021-09-14,108.1887435913086,108.81016085793617,107.81589575988538,108.06446519508974,8434427
2021-09-15,110.55014038085938,111.23369688343314,107.97125605305312,108.12661037830931,20064238
2021-09-16,111.5133056640625,112.88043101838426,110.79868603556402,111.20259708027547,16214883
2021-09-17,111.10942840576172,112.10369364766578,109.83551776775532,111.5754914231638,21219226
2021-09-20,109.99085235595703,111.35796523773814,108.81015706200087,110.11513074784033,7833069
2021-09-21,109.30730438232422,110.86084761503841,109.02765901477535,109.4005195048405,9481007
2021-09-22,109.83550262451172,110.27048965700705,109.24516127430138,109.24516127430138,9165634
2021-09-23,110.76763153076172,111.07834017460677,109.99085992114908,109.99085992114908,10295913
2021-09-24,109.46265411376953,111.54439942972641,109.24516059886658,110.7987037664115,7093411
2021-09-27,109.36942291259766,110.08405519313634,108.8101449259689,109.68013150041753,5205649
2021-09-28,114.30970001220703,117.38572303735107,109.43157704582089,109.89763999119727,38873626
2021-09-29,121.20745849609375,121.98423017924543,113.37758981571031,114.03008308666502,53686662
2021-09-30,118.00714111328125,123.04061842957414,117.23036953228646,121.14529071484021,23618199
2021-10-01,119.21888732910156,120.24422823797848,117.8517745457759,118.56640685455467,16994903
2021-10-04,119.0946273803711,119.96461412386085,118.10036223471161,119.31212090555172,10757286
2021-10-05,118.03821563720703,121.23851738437453,117.66536777135897,119.09463267367232,17200858
2021-10-06,116.57788848876953,119.40534239517746,116.04968628723397,119.28105134361337,8929507
2021-10-07,117.01287078857422,119.0324768088996,116.57787113699835,118.69069227143042,6733699
2021-10-08,116.64002227783203,118.16250225012324,116.20503522447304,117.44786982580429,8165175
2021-10-11,120.21316528320312,121.23850630264046,117.63429373852638,118.06928076846141,12982042
2021-10-12,120.15103149414062,120.9588790349791,119.09462714944468,120.4928160635955,8539966
2021-10-13,123.91059875488281,127.07982411376332,120.64815828252458,121.23849959660683,33075614
2021-10-14,127.17304992675781,127.9808848117434,123.19597677348655,124.40773542234845,19185455
2021-10-18,126.64485168457031,130.46655799213704,125.61951060383177,130.3733555106978,38546365
2021-10-19,123.44454956054688,127.26626849608127,122.41920848377902,126.76912959741583,16174177
2021-10-20,120.7724380493164,124.43880229337995,120.1510208093994,124.28344798340069,21909934
2021-10-21,120.58605194091797,122.63672178229355,120.24426731263733,121.95316516850168,16946547
2021-10-22,120.8345718383789,122.41919078637476,118.84604181672168,121.73563438160292,7705870
2021-10-25,119.71602630615234,121.17635420000965,118.37997679539406,120.8345696823394,7862419
2021-10-26,118.31787109375,119.90247781922969,117.88287134424603,119.68498426586216,8525850
2021-10-27,118.22464752197266,119.21891272553552,117.16824311370611,118.16250831726897,9862679
2021-10-28,115.52149200439453,118.75285728227556,115.1175681839672,118.50428780487653,11095238
2021-10-29,114.99327850341797,117.2303782953547,112.66296358624062,116.14289800067193,12988035
2021-11-01,116.67109680175781,117.13715977167162,114.68256652056576,114.71362979956636,5475153
2021-11-02,115.27289581298828,118.84604487457688,115.05540231170563,117.2303626100639,10946890
2021-11-03,114.30970001220703,116.39145794910142,113.7193586718369,115.2729018230915,13957727
2021-11-04,114.99327850341797,115.49040476675526,114.4961395973131,114.93112665807918,830214
2021-11-08,117.54108428955078,118.28677998905606,114.7136305302893,116.57788242181978,11947323
2021-11-09,115.92539978027344,118.28677788181788,115.14862817264033,118.28677788181788,10381150
2021-11-10,114.58935546875,115.89432930231368,114.06115327930371,115.55254472179497,13857851
2021-11-11,113.19114685058594,115.11753766487283,112.29008431424344,114.96218336303089,8851354
2021-11-12,113.09796142578125,114.154365898475,112.04155695308751,114.154365898475,9590673
2021-11-15,117.01287078857422,117.29250348812823,113.09793713822167,113.22221552851988,24821341
2021-11-16,116.57788848876953,118.90820347445697,115.8943319548548,117.44787527864644,23206330
2021-11-17,118.7217788696289,120.43067642516117,116.20503377619274,116.20503377619274,18359498
2021-11-18,119.62284851074219,120.83460737361342,118.72179834530144,119.21892467552868,10742933
2021-11-22,120.67925262451172,122.41922638145739,119.31213941746101,120.80354368873311,25095721
2021-11-23,125.43306732177734,125.77485186076481,120.02674239276601,120.08888158819114,19671538
2021-11-24,126.33413696289062,128.91300853785083,125.52628944893432,125.65056784672754,18120478
2021-11-25,126.92447662353516,127.39053957319318,125.06022482490306,125.89913560573417,18537454
2021-11-26,125.5262680053711,127.35944359487833,124.78057246046485,126.80017825758097,12814537
2021-11-29,124.4388198852539,126.76913486437851,123.35133956166243,123.66204822554572,16066147
2021-11-30,128.47802734375,130.186924926315,124.46989079811361,124.46989079811361,37739647
2021-12-01,128.75765991210938,129.72086178727756,127.20411665717191,128.63338150882132,20332817
2021-12-02,133.29400634765625,134.22613226617133,128.32266811557582,129.87621131310095,33758843
2021-12-03,128.0740966796875,134.5057628886659,127.7012488466448,132.4550934855477,47614182
2021-12-06,125.5262680053711,129.25477101543163,125.12234431739493,128.85084732745545,11322446
2021-12-07,127.88768005371094,128.60229980463888,125.61950447492626,125.89913719113572,8049102
2021-12-08,127.26628112792969,129.03731808571308,126.48950942339586,127.48377467664542,8788449
2021-12-09,126.2719955444336,128.2916018532673,125.58843901461269,127.7012604508692,5755422
2021-12-10,125.93023681640625,126.92450211346586,125.43309784649186,126.92450211346586,6164402
2021-12-13,127.01770782470703,130.2801488853959,126.5827080976209,127.70126437553581,21648126
2021-12-14,131.89578247070312,132.45506040195846,126.27195253086572,126.83123046212106,48042035
2021-12-15,130.4044189453125,134.00864437196162,129.13052105553132,132.4240251868663,15207306
2021-12-16,129.37908935546875,131.61620196673104,128.1984064851308,131.36763249406093,13410737
2021-12-17,130.46656799316406,130.80835259386583,127.42163308262845,129.3790876271818,15209414
2021-12-20,130.4044189453125,132.1443924566812,128.9440908068963,130.96369704845011,22539246
2021-12-21,128.3848114013672,131.58511301868683,127.26626784920639,131.39868277194304,17566511
2021-12-22,127.09213256835938,128.00645928880041,124.85359083341123,125.98862860897317,14750231
2021-12-23,131.38003540039062,132.1682525708142,127.40742855888911,127.69118160861939,15932489
2021-12-24,129.5198516845703,131.60073737609446,129.1730309881217,131.28545049897966,8975969
2021-12-27,129.96124267578125,130.68640502823877,129.26761414132181,129.51984619814033,8648187
2021-12-28,129.6459503173828,131.56920523642563,128.19563850299008,130.30805783483817,15736206
2021-12-29,129.01536560058594,129.83511647324514,127.81727310556624,128.00645033127336,17172943
2021-12-30,129.48831176757812,133.30328793264073,127.15519411841845,129.01538147417642,87481206
2021-12-31,128.8892822265625,130.02430732457566,128.3532970834127,128.63705015065193,9842223
2022-01-03,129.26759338378906,130.4972068233794,128.7316083672767,129.51982540010468,7410054
2022-01-04,132.79884338378906,134.3122231114193,129.58291948073554,130.087383666298,14784090
2022-01-05,131.56919860839844,133.27174238315104,131.19085697279277,132.42047049577474,9565107
2022-01-06,129.86663818359375,131.60071572239852,129.0469001354092,131.00167588606928,5615931
2022-01-07,129.39373779296875,131.4746364511565,128.95234126744126,130.49724193584416,11908249
2022-01-10,128.6370391845703,130.68640377942253,128.29021850612708,130.68640377942253,11085710
2022-01-11,128.54246520996094,129.77209180444058,128.3217669480974,128.98387456274466,7208789
2022-01-12,129.23605346679688,130.33955726063553,128.85771187471988,129.89816087472113,11018139
2022-01-13,131.15933227539062,133.3663402704092,130.2450055233621,130.90710022443463,20522807
2022-01-14,131.00172424316406,132.19981718713225,130.24504071489915,131.12783388818872,14183654
2022-01-17,130.118896484375,132.13674027078676,129.77208860401575,131.88450819385324,7574539
2022-01-18,129.36219787597656,131.06474174429343,129.01537720733006,130.05582638421473,8475422
2022-01-19,129.0469207763672,130.7809985925364,126.77685783737502,129.89819277485728,13724367
2022-01-20,135.35264587402344,135.79404232784648,129.51983920921577,130.59180935653154,30170343
2022-01-21,135.6363983154297,138.2532816978708,134.31219613065667,134.8797150181464,29509593
2022-01-24,134.94277954101562,137.30743105166425,133.3663452005832,136.45615907364186,12850189
2022-01-25,138.0010528564453,138.85232479289638,133.65009172351728,134.62748609847714,27389035
2022-01-27,135.47874450683594,138.28480491301036,133.90231040080096,137.46505404625074,28512473
2022-01-28,132.54656982421875,137.14976238294577,131.9475300166961,137.14976238294577,18932049
2022-01-31,135.8255615234375,136.67683335220806,133.17714459841952,133.6816086305334,19907759
2022-02-01,134.28067016601562,136.86603271252037,133.24023377867945,136.834498894517,8622355
2022-02-02,134.94277954101562,137.3389648700951,134.4698492388859,135.47876465095155,9921099
2022-02-03,133.24021911621094,135.5733365200507,133.05104188711954,134.94276286181793,4594389
2022-02-04,132.23129272460938,134.5328891729917,131.85295109054542,133.68161728908427,7329263
2022-02-07,134.72207641601562,135.13195189548276,132.42047979659708,133.08258732720208,7869237
2022-02-08,132.4519805908203,135.825546550155,131.47458644724168,134.942741005802,9074237
2022-02-09,132.01060485839844,133.46092953659644,131.60072937725073,132.79882200327668,9833985
2022-02-10,133.71316528320312,136.01474914659528,132.452017816553,132.452017816553,19180334
2022-02-11,131.03323364257812,133.68163832686528,130.56030331830854,132.54660041699586,20071130
2022-02-14,127.28130340576172,130.49722682684697,126.90296173782025,130.49722682684697,12109375
2022-02-15,128.29022216796875,128.54245422957655,125.48417415885281,127.37589537732798,19046061
2022-02-16,127.22087097167969,130.266907820646,126.83200398201797,128.71147941852183,20270061
2022-02-17,127.67454528808594,128.87351680724282,127.02645114956773,128.48466296123368,16405551
2022-02-18,126.8320083618164,129.71603497869245,126.5403712950068,127.5449224104764,14600643
2022-02-21,128.4198760986328,128.9707535646964,126.73483371428672,126.83203730173068,10682638
2022-02-22,128.4198760986328,128.61429645903175,124.30448031796708,125.85989594320282,13606058
2022-02-23,128.35504150390625,129.29477267268743,128.06339124822685,128.54946182218433,6493463
2022-02-24,123.85079956054688,127.02646379246045,123.0730917911237,125.73027538641495,13145037
2022-02-25,127.86895751953125,128.25781130081407,124.53127062463241,124.7905108739899,10920938
2022-02-28,135.54885864257812,136.26175938394232,127.05883013613757,127.9661511603252,31938385
2022-03-02,136.6830291748047,138.1412406954772,133.63697942031828,134.6415304087619,20502615
2022-03-03,141.18731689453125,142.15945818118468,136.55344079104788,136.55344079104788,19805555
2022-03-04,139.37265014648438,140.96047551602447,136.71545362283254,139.95592432435035,12794317
2022-03-07,137.91441345214844,139.46982855988534,135.35443414844366,136.4237919241428,17635653
2022-03-08,137.62277221679688,144.78421691711515,135.9701402605363,138.69213006232283,28410490
2022-03-09,134.86837768554688,139.98832364099985,133.89623654915104,139.4374463008105,22830958
2022-03-10,135.3544464111328,137.00709159471108,134.1878849746433,136.74785132476637,16516553
2022-03-11,137.6875762939453,138.0440332973197,134.64153951886465,135.6460905752781,12992850
2022-03-14,138.30328369140625,138.69213751462598,135.84052083516755,137.68758638459246,12598659
2022-03-15,135.8729248046875,139.37263542988808,134.99800044476427,138.1736508485221,14528285
2022-03-16,135.67849731445312,137.2663357721221,135.41925703712877,136.9098787426126,11933774
2022-03-17,137.10430908203125,137.88201671054324,134.64154628256338,137.39594614634626,28464621
2022-03-21,132.7944793701172,139.98832100698573,132.53523910152123,139.98832100698573,17797415
2022-03-22,135.25721740722656,135.77569790014098,132.2435907468698,132.85927479488734,13285297
2022-03-23,136.16455078125,136.48859779081295,134.99798945812734,135.77569700687576,9408783
2022-03-24,136.58584594726562,136.8774830487499,134.80358698472716,136.09977532111878,11188958
2022-03-25,135.8729248046875,136.61823562443973,133.96103938136585,136.58582564664317,9842670
2022-03-28,137.59039306640625,137.88203015916673,134.4795358779182,135.87294093495993,12823578
2022-03-29,136.94229125976562,138.9837771659472,135.90533013125048,138.59492333550827,10470515
2022-03-30,140.70123291015625,141.7381808804963,137.26634193431062,138.10885639155177,54218485
2022-03-31,140.50682067871094,140.79845777965485,139.17822236216745,139.69670296996725,10326026
2022-04-01,145.8535919189453,146.30725254410325,140.05314143723135,140.05314143723135,39663961
2022-04-04,147.37661743164062,147.83027807808836,145.2055045913384,146.46928295323545,9907530
2022-04-05,151.03834533691406,152.04288334750177,147.05256371939743,149.02924294472047,17167487
2022-04-06,153.37147521972656,154.53803671745894,149.80695758100086,149.93657113002382,17153675
2022-04-07,149.9365692138672,155.47777911018326,149.0616448053721,152.91779947287296,11913911
2022-04-08,150.74668884277344,151.7188300174072,149.45050060992844,151.00592912644416,6746769
2022-04-11,149.64491271972656,152.6585525672402,148.02467766036509,150.68186052061657,12413822
2022-04-12,151.07073974609375,151.42719679340223,148.15431614796256,148.57557997146105,14769907
2022-04-13,148.73760986328125,152.52895806583163,147.4738315242676,152.26971776448,11015439
2022-04-18,149.77456665039062,150.2282405006896,147.47384015680453,148.73761856979476,19069923
2022-04-19,147.66822814941406,151.23274546047764,146.79330381016356,150.81148168661412,15036942
2022-04-20,147.11737060546875,148.4135588927416,144.8166311213558,147.92748828501428,9814641
2022-04-21,147.27938842773438,148.18672283072752,145.9832001907466,146.53407755436467,11134333
2022-04-22,146.11282348632812,149.19127075451408,145.6267528650356,145.85359637004635,12032249
2022-04-25,144.42776489257812,147.05255122352443,143.55284051076535,145.14066575236973,11042683
2022-04-26,150.0985870361328,150.4874408489619,145.39990493280402,147.11735689043266,15389155
2022-04-27,148.6079864501953,150.90871265652981,147.40900178414526,149.93657148006236,12680209
2022-04-28,152.6909637451172,153.11222753734796,149.09404948570327,151.26516203272917,18378146
2022-04-29,147.6034393310547,153.17704625815517,147.1497787104976,152.36692858893971,9026331
2022-05-02,150.06622314453125,151.16797805335244,146.40448813443257,146.40448813443257,12634353
2022-05-04,153.98715209960938,155.18612352085339,150.94111517152913,151.00592194298676,23124643
2022-05-05,151.49200439453125,155.96385657311868,150.908717034627,154.50564476611248,16481935
2022-05-06,154.50563049316406,154.99170105059716,150.0013687496462,150.0013687496462,17715186
2022-05-09,158.88026428222656,159.72277866396158,152.72337060232164,154.89448310497608,54118806
2022-05-10,157.9081268310547,160.95416376375312,157.16281599439208,159.3015317542921,30997494
2022-05-11,155.02410888671875,160.72734244108992,154.70006182534559,158.1349659501046,15412618
2022-05-12,152.88539123535156,156.77395559139015,150.45503851282746,154.89448018220335,26538994
2022-05-13,153.14463806152344,155.44536415950765,151.07072907142296,155.44536415950765,15074553
2022-05-16,152.43173217773438,154.18159421795212,151.005930383935,152.62616568848367,7960529
2022-05-17,154.66766357421875,155.08892738713914,150.84390564891677,152.23731063680333,15470937
2022-05-18,147.70066833496094,154.40844055513335,147.18218770947,153.92236991330188,19181550
2022-05-19,147.9598846435547,148.8348090198067,143.6500563480817,144.52498072433372,15085602
2022-05-20,148.4459686279297,151.07074199399855,146.95534682583445,149.5477233960807,15148281
2022-05-23,145.5619354248047,150.35783450740107,145.30269514200057,150.35783450740107,11572501
2022-05-24,147.11737060546875,148.8348227232071,145.56194202363952,145.8211823181959,16336858
2022-05-25,145.72396850585938,148.67280219322956,144.23335985666327,148.02470803648967,11062614
2022-05-26,147.2469940185547,148.47837561100985,145.10829111266833,147.11738045535307,14150454
2022-05-27,145.6267547607422,148.18673464417986,144.78424025084,148.15432466146802,8430491
2022-05-30,147.92747497558594,148.9968328534749,145.3675086127527,145.49712215561465,9305758
2022-05-31,150.9411163330078,152.3993280368111,147.89506619598055,147.9274761747127,26351545
2022-06-01,148.54315185546875,151.00591453409032,147.86266101028903,150.45503722546655,10282009
2022-06-02,146.17762756347656,148.67278717782122,145.52953347219182,148.67278717782122,10071898
2022-06-03,146.46925354003906,147.83024839158404,145.8211594978265,146.46925354003906,16082518
2022-06-06,145.69155883789062,147.40899765311295,144.88144121353739,146.46926648306646,12693293
2022-06-07,145.82118225097656,146.63129993014866,144.97865459043396,145.14067812626837,9103195
2022-06-08,145.52955627441406,146.79333467623056,144.5574149851675,144.5574149851675,11240130
2022-06-09,145.72396850585938,146.2748459019864,143.22880863951272,145.6267517452465,9468041
2022-06-10,145.46470642089844,147.40898859993743,143.90929122607315,143.90929122607315,9019239
2022-06-13,144.10372924804688,146.14522842411077,143.5528518666986,143.77968217837036,10186775
2022-06-14,145.1406707763672,147.3117965950102,143.8768925350599,144.1037228366396,17023962
2022-06-15,144.03890991210938,146.6636962218313,143.8120796202155,145.33509807779765,5898563
2022-06-16,140.2151641845703,145.36752049537787,139.7615035619624,144.75182315268543,11883333
2022-06-17,136.9746856689453,140.57161320526623,136.26178479463627,138.82175122049867,19675226
2022-06-20,134.965576171875,136.68302791752592,133.7341949286438,135.5164534375161,7402273
2022-06-21,136.32659912109375,138.14126797943305,134.3499199139656,135.4840846540504,9459619
2022-06-22,136.52101135253906,136.90986513712895,134.93317305266228,136.61822809506327,10257637
2022-06-23,135.1600341796875,137.20152011199156,133.60460565252026,136.1645721557163,13114525
2022-06-24,135.4192352294922,137.39592719207113,134.64152770826783,137.39592719207113,9499105
2022-06-27,137.10430908203125,138.27087052479925,135.8729276822973,138.27087052479925,17545390
2022-06-28,136.29420471191406,137.10432239758757,135.03041321095787,135.80813410050996,6770087
2022-06-29,136.81265258789062,139.34022204345476,135.09520070234657,135.5164644758585,41502918
2022-06-30,137.33114624023438,139.1782118394183,136.35900506324194,137.07190595593468,22260722
2022-07-01,133.83143615722656,137.97924117401956,132.9889085246483,136.78026968574179,11133663
2022-07-04,136.55340576171875,137.49315000905546,132.8916850697209,132.8916850697209,20178279
2022-07-05,138.78936767578125,139.95592925814643,136.71545844239395,136.74786842475527,20083997
2022-07-06,136.3914031982422,138.78935936969495,134.93319141842275,138.69214261393859,19203527
2022-07-07,137.75241088867188,139.53466972395668,137.46076062250188,138.20607149981365,14069302
2022-07-08,141.80299377441406,142.19184759572252,137.81721243860906,138.69213683293012,17142257
2022-07-11,140.66883850097656,143.39082861747758,140.11794793302195,142.58071094167263,10826079
2022-07-12,138.3680877685547,140.6040070976373,138.14125747488816,139.40503567210737,8503695
2022-07-13,138.98377990722656,140.44199168926534,138.33568578187598,139.01618988769758,10210005
2022-07-14,139.24301147460938,142.09462808467595,137.94682330507985,142.09462808467595,10898403
2022-07-15,135.64610290527344,140.63642229308266,135.32205584929858,140.63642229308266,22067479
2022-07-18,136.2617950439453,137.65520010361305,135.38687057850578,136.32660182184654,15155654
2022-07-19,136.0997772216797,137.07191848754883,135.8405369136793,136.03497044105706,14922395
2022-07-20,135.61370849609375,137.59040103869958,135.12763785632282,136.94230685233833,14181034
2022-07-21,137.59039306640625,138.1736672519272,135.74331419389253,136.06736126829716,12461554
2022-07-22,136.0997772216797,138.65974394759786,135.77573013305664,138.65974394759786,9272199
2022-07-25,134.73875427246094,136.7478431700859,134.41470725073088,136.0997491266258,6635194
2022-07-26,135.51646423339844,136.7478455747273,134.22027612368538,134.7387566417735,11451315
2022-07-27,136.52101135253906,136.74784162809092,135.71089380734895,136.034940825425,9209354
2022-07-28,138.82174682617188,139.21061382303859,136.13216693939347,136.74785104191935,13192642
2022-07-29,138.65972900390625,141.15490186580078,137.94682812286854,140.2475674783399,15433067
2022-08-01,141.9001922607422,142.67791306102572,138.78934861613112,139.37263591996685,12136557
2022-08-02,144.26573181152344,144.78421232183993,140.86323807452757,142.54827995479553,17748747
2022-08-03,144.91384887695312,145.65915978436428,142.35388226618133,144.75182533992935,12406038
2022-08-04,143.0991668701172,145.30267602019958,141.99739910956922,145.17306248860888,9712267
2022-08-05,144.94622802734375,145.6591288015068,141.83537150398777,143.68243679607136,14099223
2022-08-08,143.81210327148438,146.66372034207572,143.29362264573686,145.8211926216135,8392041
2022-08-10,144.84902954101562,145.7563639067858,142.93715724409583,143.06677078827383,8585266
2022-08-11,144.42776489257812,147.05255122352443,143.6824540541791,145.59433952533382,5040626
2022-08-12,147.7978515625,148.15429537432036,143.87687733392667,144.52497137597138,13279062
2022-08-16,148.3163299560547,149.02923081841766,147.14976850459925,148.5431602506009,11298246
2022-08-17,148.0895233154297,149.67734881638012,147.57104268607313,148.31635364620686,11225465
2022-08-18,149.9365692138672,150.1633995145128,147.60343306271085,147.7330466100774,11360485
2022-08-19,149.3148193359375,150.32922276855822,147.71138684179186,149.51114904144376,9829530
2022-08-22,147.875,151.04913667913632,147.67867029660107,149.28208945853436,9190493
2022-08-23,148.92218017578125,149.77296905474003,146.7297314409525,147.22057578785353,8903751
2022-08-24,150.16563415527344,150.49286370306442,148.23498514930847,148.79127271755226,13007225
2022-08-25,148.1040802001953,151.18003224011872,147.3187213943619,150.85280273310548,12124365
2022-08-26,150.82008361816406,151.3109279085009,148.30041892410233,148.30041892410233,7966045
2022-08-29,148.59495544433594,149.80570220973792,147.64598168712482,149.38030109891952,7517013
2022-08-30,150.2637939453125,150.689194987213,149.28210537862054,149.34754862006602,7214498
2022-09-01,147.97317504882812,150.59101101011655,147.25327282247426,147.28600109799126,13109081
2022-09-02,146.72972106933594,149.7729584680117,146.4679480881629,148.88944136904237,6897237
2022-09-05,146.20614624023438,147.6132357818878,145.09355792857698,147.2532779985569,18055474
2022-09-06,147.28602600097656,149.21667502285825,146.59883861894846,146.59883861894846,14103701
2022-09-07,146.86061096191406,148.5294735217634,145.97709392258167,145.97709392258167,7866745
2022-09-08,146.86061096191406,148.4967585588271,146.2388668860852,147.90774276093777,7187735
2022-09-09,145.87893676757812,148.00592885299704,145.6171504632949,147.94048560567737,9162027
2022-09-12,146.56610107421875,147.05694536892813,145.42079771989685,146.30432810237667,8778919
2022-09-13,148.4313201904297,148.88943620660237,146.46794300968327,146.79517253980768,11278383
2022-09-14,152.1944580078125,152.6198457399988,147.05694379291046,147.25328683469144,25072958
2022-09-15,155.4994659423828,155.92486698330222,152.06355596688508,152.78345825113155,23606369
2022-09-16,154.22328186035156,156.05575925964794,152.75074895904012,156.02304429528775,29399642
2022-09-19,152.5871124267578,155.82667902154023,151.6054239659144,154.41958956466434,13920046
2022-09-20,152.29261779785156,154.6159527847455,151.8999450252085,153.14341990108124,20162973
2022-09-21,148.59495544433594,153.3724992538961,146.79519278049352,153.04526967865203,14468837
2022-09-22,144.04644775390625,148.16954548166422,143.42471692408776,146.59884095132762,26264530
2022-09-23,132.56069946289062,143.81739094831542,129.64834840348954,142.8684305547494,87162722
2022-09-26,131.44808959960938,137.01099118901533,121.95843394709335,130.8918021036693,167547134
2022-09-27,134.06591796875,136.06202316258987,131.7098683287272,134.68766198216005,54127095
2022-09-28,135.93112182617188,137.6981690222546,132.56066880540635,134.29497441220735,52877873
2022-09-29,136.1274871826172,138.81076671888914,134.85129731628172,136.7492179759593,36761869
2022-09-30,138.87620544433594,143.1301892803736,135.4730237015072,135.4730237015072,62897614
2022-10-03,137.95999145507812,140.4796564704307,136.78195968205355,139.3997962309924,11740863
2022-10-04,136.42198181152344,138.97437473519258,136.12748056898607,138.81075997489333,19179333
2022-10-06,135.014892578125,138.02540121594754,134.55676330421596,136.6837549841452,20692745
2022-10-07,137.0437469482422,137.27280498485828,133.50966491971914,133.50966491971914,14282850
2022-10-10,136.74923706054688,138.71261455353394,135.83300488249085,136.09477789621783,16834226
2022-10-11,136.35653686523438,138.3853572045737,135.17851859481306,137.43639693270626,17807162
2022-10-12,141.0686492919922,141.33042225208158,137.01099531556682,137.73089758581878,35288330
2022-10-13,140.02149963378906,142.2139479656944,139.56338365354168,140.67595864271541,16436903
2022-10-14,139.17071533203125,142.67206847800932,138.45081306234465,142.67206847800932,23365190
2022-10-17,138.64715576171875,140.67597628076476,138.09086819738417,138.71259900781618,9520537
2022-10-18,138.97438049316406,140.70869968719302,138.45082122751634,139.3670532711508,13256574
2022-10-19,139.98880004882812,141.95217729126608,139.36705593305365,139.3997842130959,11595367
2022-10-20,142.34483337402344,142.6720628760327,138.97436684032766,139.1052666301329,16371066
2022-10-21,142.21395874023438,143.26109057084972,140.05423852114978,140.93775558713762,11634491
2022-10-24,143.22836303710938,144.1446083867912,143.0647482716306,143.8501071349309,1132859
2022-10-25,142.99929809570312,143.5883138858714,140.21784721741142,143.2283560932677,20622687
2022-10-27,146.53338623046875,147.1551170116093,142.2466740604882,143.5228772167819,24298489
2022-10-28,148.4313201904297,149.87112479697558,146.07525692153106,146.46794300968327,11669879
2022-10-31,149.3148193359375,150.68918053448945,148.36584582348345,149.18391955059795,11755682
2022-11-01,153.8960418701172,154.38688613720348,150.39468876123567,150.95097626759954,15220278
2022-11-02,152.685302734375,154.81229466140977,152.39078817086036,153.89604932214792,12884449
2022-11-03,149.2493896484375,152.88162933753034,148.36585929095236,152.4889565758721,9358215
2022-11-04,148.00592041015625,150.16562733853453,147.25328982140167,149.21666701902035,8059667
2022-11-07,149.21665954589844,151.76905243797364,148.16952775594538,148.75854354873246,14862038
2022-11-09,143.16290283203125,151.180025390625,142.7047868689696,151.180025390625,22831150
2022-11-10,140.6432342529297,144.0791438194589,139.72698903885487,141.36313645148783,16217631
2022-11-11,140.08697509765625,142.57391167829755,139.7597455490189,141.36316501134021,12123886
2022-11-14,141.62820434570312,143.2029652178748,140.89108368569373,141.3601567511178,18460862
2022-11-15,144.74424743652344,145.07930356484871,140.48903733348607,140.72357389662,15258103
2022-11-16,145.4813690185547,145.7159055830209,143.0354565411923,144.7107371923352,9825807
2022-11-17,146.28549194335938,147.72622219990893,144.9117565435482,145.34733218008347,9449665
2022-11-18,146.31898498535156,146.62054363243595,145.31381676200343,146.31898498535156,5828998
2022-11-21,146.78810119628906,147.0896462705631,145.0793094194848,145.74942170317755,4712051
2022-11-22,145.950439453125,146.88858560603725,145.34733575949048,146.4195125295811,4366445
2022-11-23,144.17462158203125,146.62053348289115,143.5715179630778,146.25196637312362,13510578
2022-11-24,147.92726135253906,148.09478939484092,144.14112486982373,144.34216397397273,7622243
2022-11-25,147.82676696777344,148.0278061061491,145.14631783460086,147.92728653696128,10989671
2022-11-28,148.2958221435547,148.89891216322147,146.85507831481053,146.85507831481053,4526153
2022-11-29,146.98910522460938,148.93243329007092,146.4530236560641,148.29583216696486,6476054
2022-11-30,150.1051483154297,150.74174951784414,145.84993813228877,146.9891235366522,17317951
2022-12-01,148.69789123535156,150.6747166566856,147.75973148336698,150.10512404659502,13241961
2022-12-02,147.29067993164062,148.4298653181668,146.45303960817466,146.45303960817466,12880949
2022-12-05,148.69789123535156,148.932427764981,145.54835589893668,147.2236363012424,16477957
2022-12-06,149.7700958251953,150.20567153751054,147.02263818104666,148.4633823217189,11299945
2022-12-07,148.1282958984375,150.17212977154645,147.72621770251234,149.3344895858133,5813973
2022-12-08,145.950439453125,148.66438562427942,145.34733575949048,148.6308881950853,11176439
2022-12-09,145.54837036132812,146.72106675946694,144.54320202006627,146.3525132144185,6020031
2022-12-12,144.44268798828125,146.08445740017143,143.8060732277872,144.74423302035336,8194429
2022-12-13,144.94528198242188,145.28033810014963,142.76741721719134,144.44269780583022,8235450
2022-12-14,146.8885955810547,147.7932579996746,144.9452810179393,144.9452810179393,10055353
2022-12-15,144.978759765625,147.69271940479337,144.67721475392472,147.08961574792633,5385778
2022-12-16,142.86793518066406,146.21849664018686,142.46587053221523,144.07414275948005,11166617
2022-12-19,146.68756103515625,146.8885865119627,143.06895248449885,143.43751964217844,7758862
2022-12-20,145.61538696289062,146.68756375950682,143.3370027491639,146.68756375950682,6541929
2022-12-21,144.7777557373047,146.25199722038855,143.30350062075232,145.44786798115527,7005861
2022-12-22,144.07415771484375,145.41438243777253,142.63341341100113,144.81127858576042,6961415
2022-12-23,141.56118774414062,144.2751473294266,141.02509258568756,143.00193155320028,4554651
2022-12-26,141.96327209472656,143.5715441609123,141.36016836572338,141.72873554274426,6864331
2022-12-27,142.49935913085938,144.20813702569373,141.9297664992479,142.70038460665128,13115851
2022-12-28,144.5767059326172,146.35250597435788,142.39884130095552,142.39884130095552,16815549
2022-12-29,144.5767059326172,145.07929007838527,143.06895349531294,143.43752065559653,22536873
2022-12-30,143.20297241210938,145.24682008585097,142.90142737396872,144.7777469968616,4643134
2023-01-02,144.10763549804688,144.40918053766185,142.73390002098364,143.77257939471124,5959394
2023-01-03,144.4761962890625,144.8782609065685,143.63855598864646,144.2416597316397,2873110
2023-01-04,141.42718505859375,144.34217039767918,141.0586178957404,144.34217039767918,9954542
2023-01-05,139.91944885253906,141.99679418397437,138.44519366346267,141.99679418397437,21273509
2023-01-06,139.45033264160156,140.92458751947206,139.08177914723365,139.48384370175606,11510471
2023-01-09,140.12046813964844,142.0302853171588,136.87042646795976,140.18747663766362,52485126
2023-01-10,141.92977905273438,142.36534110554206,140.05345931191462,140.65656305956873,17248326
2023-01-11,142.0302734375,142.76740775441775,140.79056861076984,142.19780148525996,9164361
2023-01-12,143.06895446777344,143.3370020740319,141.66172157675115,143.1024655311061,21179555
2023-01-13,143.4040069580078,144.3086556770775,142.93493388396197,143.13595935849565,6560245
2023-01-16,144.5097198486328,144.67724792320033,142.53288038865438,144.07414412806335,8362194
2023-01-17,146.35250854492188,146.55353402667947,144.0071158234759,144.50969997807147,13000571
2023-01-18,146.98910522460938,147.52520042662198,145.0122797299391,146.28549560961855,11171369
2023-01-19,147.92726135253906,148.26231743714277,146.52002852389685,146.62054807597139,11586815
2023-01-20,149.60256958007812,150.03814529771068,148.0948169191367,148.0948169191367,10112645
2023-01-23,150.84225463867188,152.9866218750349,149.80358890086572,150.10513393976834,14393610
2023-01-24,148.061279296875,151.84741580423815,147.75973427215538,151.6128792701821,6150893
2023-01-25,147.02261352539062,148.26231831910556,145.95043677497412,147.8937511704622,5790331
2023-01-27,146.92210388183594,148.39634530890504,145.4143513904602,146.9556149461426,10458603
2023-01-30,141.96327209472656,146.6540576682453,141.09213438258251,146.0844650038688,24288177
2023-01-31,145.17982482910156,147.55871518797034,142.1643196388831,142.46586470451734,20997546
2023-02-01,145.11282348632812,150.77526694717878,143.13598402849448,150.77526694717878,20246369
2023-02-02,142.53285217285156,145.48134842824945,141.62820347596517,144.74422777276672,12820663
2023-02-03,143.97361755371094,144.1746566868012,140.99162342484203,142.86792958865237,10815686
2023-02-06,145.4478759765625,145.64890148068713,142.7674268538134,143.03546085931288,6948201
2023-02-07,145.31382751464844,146.21847625590885,144.14113116730073,146.08445926959902,10035526
2023-02-08,145.4167022705078,146.2741120716311,144.3535085350199,145.9997381442241,12432719
2023-02-09,145.999755859375,146.75427378486677,145.41671991491495,145.41671991491495,7011082
2023-02-10,146.85716247558594,147.09723445260596,145.3138246808642,145.34812665839806,10892159
2023-02-13,148.1604461669922,148.5034101627491,146.7885901839645,146.85718019206772,7710133
2023-02-14,147.4745330810547,148.8806911878779,145.93119494415993,148.8806911878779,6010681
2023-02-15,147.13153076171875,147.61167469726067,146.10263893821022,146.27412090879497,8107497
2023-02-16,147.2001495361328,148.77778955603225,146.7885955173194,148.77778955603225,3963115
2023-02-17,146.65139770507812,148.09184357379758,146.10264977640426,146.78857770962682,6491149
2023-02-20,148.02325439453125,148.84636233687897,146.92575853108147,147.88606043398022,6841917
2023-02-21,148.98355102539062,150.0467449718588,148.1947450160166,149.22363698153794,6701434
2023-02-22,147.23443603515625,149.0521478786006,146.10265213601244,148.16043596891402,9128659
2023-02-23,146.2741241455078,148.0918358649757,145.82826822107398,147.47449796616263,10345874
2023-02-24,147.50880432128906,147.74887630149775,145.6910925478703,145.6910925478703,9808830
2023-02-27,150.3553924560547,150.86983838912317,147.1658388352213,148.46909070147024,17763618
2023-02-28,152.44747924804688,152.96192518476695,150.04673154335322,151.3156953962149,36559278
2023-03-01,150.14962768554688,152.44748347557055,149.12073578357453,151.9673395034126,12896085
2023-03-02,151.14419555664062,151.5900514401592,148.02323228248574,149.5322679364466,79708558
2023-03-03,152.34458923339844,154.64244498931993,151.1785173438978,151.1785173438978,9951869
2023-03-06,155.80853271484375,156.9403165949265,152.96192900289006,153.64785693563843,15659957
2023-03-08,156.42587280273438,156.6316428122531,154.81393097435273,155.67134090211331,11591495
2023-03-09,154.8825225830078,158.0720760957622,154.67673863465785,157.07748624096075,13941653
2023-03-10,155.39695739746094,156.49443914803595,152.44746210975535,152.44746210975535,9605434
2023-03-13,155.0883026123047,157.7977263164667,154.60815864206813,156.42587045265998,13209653
2023-03-14,154.470947265625,156.2200688768573,153.64783942224386,154.43665924603957,9583405
2023-03-15,156.59735107421875,157.7977249446139,154.813927302583,155.43126522697696,12228069
2023-03-16,159.23817443847656,159.75262039469268,156.63164267821904,157.38616062295472,18437817
2023-03-17,157.55763244628906,160.50712798712232,156.5973445541469,160.47282601015775,33711025
2023-03-20,156.04859924316406,157.35186506085807,154.53956342598514,154.53956342598514,9281411
2023-03-21,153.0648193359375,156.1857830231983,152.58466141503936,155.87712103888043,11272787
2023-03-22,153.71644592285156,154.12799988873513,151.4528921328722,152.96192799285845,7589846
2023-03-23,152.37887573242188,153.9908034001284,151.7615378720642,153.64783947273392,17091298
2023-03-24,152.5503692626953,153.81933309922192,151.45288740286796,152.9619232157257,10371666
2023-03-27,150.9727325439453,155.19119204698868,150.59548056073157,152.8933363038601,19983733
2023-03-28,152.34458923339844,153.0305171578669,150.01243149915777,151.76155328864812,8689166
2023-03-29,152.58468627929688,153.44209632571963,151.2814341729276,152.34461425734685,19743258
2023-03-31,154.8139190673828,155.53414893340363,152.96191934795593,153.64784723740866,10202058
2023-04-03,154.05938720703125,155.94568873194095,153.54494133660134,155.94568873194095,7643214
2023-04-05,154.77963256835938,155.43125848765294,153.442064797628,155.43125848765294,12019382
2023-04-06,154.5052490234375,155.97999669972543,154.09369510232497,155.84280275586266,4282875
2023-04-10,157.11180114746094,157.35187313680103,154.33378739230358,154.47096739900084,4145643
2023-04-11,158.68942260742188,159.1352785495785,156.7002288345043,157.00890477380008,5106602
2023-04-12,155.9114227294922,158.82661640690722,155.73994074846777,158.7237244272447,9118795
2023-04-13,158.58653259277344,158.8952085358942,155.70564085508357,155.91142481716406,11428621
2023-04-17,162.32484436035156,164.55411009075613,159.34106071224255,159.54683071421329,21815047
2023-04-18,157.96920776367188,162.90788327453026,157.52335181839896,162.49632930783199,13482833
2023-04-19,157.7291259765625,158.72372987377707,156.83742801778095,157.07750000840522,8264190
2023-04-20,158.38075256347656,159.7526083432291,157.52334270113124,158.3464505868873,7308750
2023-04-21,158.82659912109375,159.37533302750708,157.48903144153323,158.99808108345502,5030650
2023-04-24,159.1009521484375,159.3410380494485,157.729096509459,158.4493263020176,5725067
2023-04-25,159.7526092529297,160.43853714671192,158.20927149191968,158.65512741392587,8338703
2023-04-26,163.45664978027344,164.27975780723204,159.13529775063816,160.54145574820356,13581018
2023-04-27,161.84469604492188,163.45663790978563,160.1641781305729,163.2508539403698,9794457
2023-04-28,162.7364044189453,163.21654839677888,159.8898006654585,162.53062045402254,10585487
2023-05-02,164.6912841796875,165.411514048827,163.4223203697529,163.7309823392477,6732907
2023-05-03,164.4169158935547,165.99455568255064,163.7995919333068,164.62269985046345,4789217
2023-05-04,163.83387756347656,165.10284139857853,161.15875593892386,164.38262547039366,9189783
2023-05-05,165.34292602539062,165.65158799857193,163.3880203444462,163.79958824900643,3896441
2023-05-08,167.88087463378906,168.90976661315855,165.37723469294184,165.8916806826266,8758321
2023-05-09,166.95486450195312,169.35561230798504,166.47470656760288,167.40072045697843,9166941
2023-05-10,169.87005615234375,170.0758261600132,167.77797036531373,168.15523631223377,9689409
2023-05-11,170.48739624023438,170.93323824010528,169.14982837490234,169.90434632303746,12616726
2023-05-12,165.82308959960938,171.20762146567372,165.4115356015788,170.6931754793254,13853807
2023-05-15,166.85195922851562,168.49818895542538,166.23462133651964,166.95485120305474,12187763
2023-05-16,165.03424072265625,167.7436641493283,164.6226867967121,167.05773628767534,11418509
2023-05-17,163.79957580566406,165.92594934498945,162.87356204598882,165.24002149648206,11560929
2023-05-18,161.638916015625,165.30862757107192,160.91868612253504,165.30862757107192,14497723
2023-05-19,160.30136108398438,162.90789295333383,159.1352891165198,161.6389289992717,10071694
2023-05-22,160.74720764160156,163.93677530788656,159.58113574242785,160.98727962610914,12566129
2023-05-23,160.5757293701172,162.2562612109879,160.06128341060898,160.54144134596052,12458561
2023-05-24,161.74180603027344,163.1479498662851,161.09016614557038,163.11366184408325,8877971
2023-05-25,163.21656799316406,164.828510016369,162.08479791592336,163.04508598688622,12502747
2023-05-26,162.7707061767578,163.1822601508038,161.05588632219963,163.14795817161678,6811801
2023-05-29,160.85009765625,163.4909173640361,160.5757236964921,163.38802538472197,13638297
2023-05-30,161.26165771484375,161.8104056551052,160.30135579700612,161.8104056551052,9469926
2023-05-31,160.40423583984375,161.33023570926937,157.7634162288007,161.19305571203552,48104157
2023-06-01,159.82118225097656,160.57570006283072,157.79770076165352,159.78688027784068,8804790
2023-06-02,160.91868591308594,161.2616498702559,159.88979404157615,160.50713195552984,6617781
2023-06-05,161.6046142578125,163.25084404766028,161.0558802980227,162.1876501955063,27428302
2023-06-06,161.3988494873047,162.56492140048658,160.8157995754741,162.18765545227146,6898603
2023-06-07,164.07394409179688,164.65699395675193,161.9818724210212,162.35912438366674,11153571
2023-06-08,165.7544708251953,168.36098833051204,164.10824116354163,164.10824116354163,19300834
2023-06-09,167.9837646484375,168.39531864430012,165.85739070711358,167.05776466893647,11037141
2023-06-12,165.7544708251953,169.04691619326456,165.4457949138138,168.05232637436865,8188909
2023-06-13,166.16603088378906,166.98913876737183,165.61728299124147,165.99454891177277,6443218
2023-06-14,169.08120727539062,169.56135116628874,166.06312208267292,166.06312208267292,10297426
2023-06-15,169.04693603515625,169.3899000067879,167.22923814970017,169.3899000067879,9732749
2023-06-16,169.04693603515625,169.6642739751412,167.7093821278886,169.01264801113692,9702361
2023-06-19,166.7490692138672,170.3159026566343,166.2689252673595,169.0469248811348,10431647
2023-06-20,170.62457275390625,171.27619870594597,167.1949331005614,167.2635231025804,13426365
2023-06-21,177.10658264160156,177.68963253542168,170.62456940605998,170.65887138401618,31172093
2023-06-22,173.91702270507812,176.96939624424974,173.33397283233055,176.96939624424974,7430965
2023-06-23,171.55056762695312,174.67154520185926,171.1733156493173,173.95131531373045,5593393
2023-06-26,170.4530792236328,171.65345302098234,169.52707937101087,171.4819710499324,7305362
2023-06-27,171.17333984375,171.51630384748,169.8700738385277,170.1787358597883,11142907
2023-06-28,171.5848846435547,173.1968125834816,169.0469427790882,172.03074061551072,17808717
2023-06-30,175.0144805908203,178.13544370107613,172.30505741340977,175.94048032781407,17659979
2023-07-03,171.824951171875,174.8773249618942,171.13902322308508,174.6029649465701,12467239
2023-07-04,171.20761108398438,173.19680490162523,170.93323711685466,173.19680490162523,8637967
2023-07-05,173.71124267578125,174.19138662921594,171.13901302115468,171.27619302063914,5340907
2023-07-06,180.19325256347656,180.8105904604665,174.5000594040418,178.3069508508754,16705046
2023-07-07,175.2202911376953,180.09039079948184,174.70584516963956,180.09039079948184,13149183
2023-07-10,171.48199462890625,175.87193648245434,170.45310266113282,175.22029652972023,15319047
2023-07-11,173.88272094726562,175.18598673555124,171.5162752975344,172.85382910734097,7486045
2023-07-12,172.8881378173828,174.74013761927947,172.27079989833751,174.2256916792816,9390877
2023-07-13,166.7490692138672,172.99101029466115,165.788767365613,172.6823483226546,30591450
2023-07-14,164.65699768066406,167.6407812492446,162.35912805560983,166.68047939992564,72085831
2023-07-17,165.30862426757812,168.01803389650718,164.07394846273718,166.33751611986594,11474161
2023-07-18,165.41152954101562,167.16063745736952,164.3483356260876,165.30863755646774,14940593
2023-07-19,166.85195922851562,168.87544092175057,164.9999595077663,165.30862147614496,22954874
2023-07-20,167.5378875732422,168.63536940908162,166.20033376631895,167.33210362360538,10249082
2023-07-21,167.4350128173828,168.94406270768602,166.13174689787917,166.85197684043752,18466409
2023-07-24,169.73284912109375,170.213007012492,166.577583649322,167.40070548233106,14825562
2023-07-25,172.27081298828125,172.5108849874742,170.21302907192967,170.76176307647924,10500017
2023-07-26,172.16790771484375,175.3574753300909,171.48197979566112,174.15710147152126,12898171
2023-07-27,171.96212768554688,173.81414148279367,171.2761997506939,172.85383958295157,10836773
2023-07-28,177.10658264160156,179.13007837051543,171.55056930324605,172.71665513564704,17518458
2023-07-31,182.4911346435547,183.1427606066886,177.75822905031143,179.71312089495285,24269734
2023-08-01,172.7166748046875,179.7131347748963,171.82496282866995,179.7131347748963,31395702
2023-08-02,170.48739624023438,174.08851794997176,169.14982837490234,173.47118000868312,20825405
2023-08-03,170.59027099609375,171.89353685709966,168.80686116509384,170.7960549576566,10882019
2023-08-04,169.66427612304688,170.83036201450074,169.1498301590866,170.11013208286042,7406390
2023-08-07,170.07582092285156,170.76174883777372,168.73826707084905,170.65887081472673,6345966
2023-08-08,168.88697814941406,171.50944675421863,168.29255477788558,171.50944675421863,15171726
2023-08-09,168.08274841308594,170.28562484493617,167.66315628982935,169.9359623709219,18442141
2023-08-10,169.09677124023438,169.69119457629827,167.87295263100796,168.22261509078695,9962450
2023-08-11,170.8450927734375,172.2087707491626,169.796105337402,171.68427703114483,23866073
2023-08-14,170.98495483398438,171.54442050002248,168.36248620156132,171.22971572744996,9188486
2023-08-16,173.4675750732422,173.8871672352576,169.97095001010732,171.05489524299685,9191471
2023-08-17,170.4254913330078,173.99206010065473,169.3765038667124,173.467566367507,15301142
2023-08-18,168.5373077392578,170.3905216450217,167.9079124581566,170.3905216450217,12292241
2023-08-21,172.87310791015625,173.22277035676078,169.02682099750646,169.446427315673,9129526
2023-08-22,173.292724609375,174.93613536130405,172.5234557985211,173.4325839052745,11107830
2023-08-23,174.551513671875,174.83124651185463,172.87313085980054,174.83124651185463,8487619
2023-08-24,172.24374389648438,176.6844545612935,171.8940814153529,174.83124056573615,18982087
2023-08-25,169.2366485595703,173.01300637298917,168.8170564087023,172.1388501304294,12851343
2023-08-28,173.78224182128906,174.131904279682,169.62126425753388,169.93595477896676,11908665
2023-08-29,175.63548278808594,176.92923123813998,173.85219828408978,174.55152330874645,12363321
2023-08-30,172.80319213867188,175.9501544107441,172.3486280760343,175.7403654626208,6748007
2023-08-31,171.01992797851562,174.5515105583799,170.32060300494214,173.3276918546263,20715819
2023-09-01,176.3697509765625,176.64948380890766,171.4744762078322,172.733266839484,13120723
2023-09-04,178.6075897216797,179.37684429806026,175.39069789366866,177.34879915829174,10240031
2023-09-05,177.83834838867188,179.72652014656117,176.92922022210107,178.5376733697869,10893186
2023-09-06,177.97821044921875,179.90135417705903,176.33479956371593,179.51671974036964,10018473
2023-09-07,179.72653198242188,180.21605381031853,176.33480844621326,177.62855690091502,13760453
2023-09-08,180.8804168701172,182.7336309941047,179.79645741236874,180.60068402026562,16781751
2023-09-11,184.97145080566406,185.32111328355757,180.14610576517316,182.06924939358743,17683806
2023-09-12,178.37449645996094,190.44950507444463,177.7684062669833,189.2839634277222,29826173
2023-09-13,180.1461181640625,181.45153337472746,178.3745005119216,180.1461181640625,10692151
2023-09-14,181.96435546875,182.43057212557775,180.61233000951017,181.07854666633793,10941807
2023-09-15,180.98532104492188,182.94342256616315,179.21368912249903,182.89679805255653,20516593
2023-09-18,186.57992553710938,186.9528931990031,180.98532524187735,182.0576179406751,25627043
2023-09-20,190.8224639892578,192.0346300920111,185.04138053128378,185.2744888499747,33369524
2023-09-21,187.97854614257812,191.66165458066482,186.85961487669684,191.14881345510292,20332556
2023-09-22,185.69407653808594,189.1907012348448,183.1298850937961,186.99949162822395,21193988
2023-09-25,185.46096801757812,187.0927262075742,183.40961771000062,186.486650285268,11951847
2023-09-26,184.94815063476562,186.53328439825063,184.2488256601867,185.64747560934458,7440011
2023-09-27,185.88058471679688,186.11369304263795,183.9690935993394,185.83396020606804,6736870
2023-09-28,187.1859893798828,190.635989825508,184.43531392571418,186.57991341174176,50185120
2023-09-29,186.25355529785156,188.25828124072464,185.64747933218388,187.37247243405523,16293959
2023-10-03,186.0670623779297,186.48665450500545,183.5961056690568,185.32111291434916,10830728
2023-10-04,185.55422973632812,185.92719737131,182.19746411027828,185.460980713681,14120040
2023-10-05,183.31640625,186.02045733212734,182.1508645373927,186.02045733212734,14575590
2023-10-06,183.73597717285156,184.10894478663246,181.6846268414517,183.68935266417833,12857229
2023-10-09,182.99005126953125,183.59612727688187,180.65896781386843,183.22315961509753,7853369
2023-10-10,184.5751495361328,185.13461514859225,182.4771748311123,182.99001593789987,7440527
2023-10-11,185.0880126953125,185.69408865785343,184.01572007610832,184.01572007610832,10031916
2023-10-12,187.1859893798828,188.35153103231048,184.0157217764009,184.0157217764009,21872719
2023-10-13,188.1650390625,188.72449049474878,185.83395585862314,186.90624844128538,13105921
2023-10-16,189.33059692382812,190.07654645869013,186.57992135259065,186.76640517935516,18336656
2023-10-17,193.15353393554688,194.8785410667319,188.9109742084407,189.7967829131837,19378328
2023-10-18,192.54747009277344,194.36571212218098,190.21638691973743,194.36571212218098,14923328
2023-10-19,191.894775390625,193.38666012931785,188.53800982991083,190.21639261026792,13192888
2023-10-20,189.14410400390625,191.33531376170316,187.32584765390453,191.33531376170316,22081120
2023-10-23,186.25355529785156,191.28868952466965,185.55423030924888,188.35153026365964,6988219
2023-10-25,186.0204620361328,186.90627091455352,184.4353281124635,185.5542453393004,16817158
2023-10-26,185.50758361816406,186.48664133071063,183.0366413116528,185.32109982239368,11070090
2023-10-27,187.3724822998047,188.1650563530739,185.69409939322543,185.7873484210703,9995487
2023-10-30,187.2792205810547,188.537996909205,184.29542285254576,187.37245536769433,7679981
2023-10-31,188.49139404296875,189.2373435607396,186.99950923523073,187.8853180629195,7474770
2023-11-01,187.3724822998047,188.67789755061258,186.9528901301109,188.67789755061258,5598615
2023-11-02,189.37721252441406,189.8900394669292,187.32584784314017,188.11842185434176,12924797
2023-11-03,190.58937072753906,192.54748645035914,189.3772187568258,189.65693737911116,8684015
2023-11-06,194.13258361816406,194.83190849735615,191.10217580833165,191.14880031250468,9804415
2023-11-07,193.9461212158203,194.97180350952505,191.84814634689917,194.13260502527498,10730361
2023-11-08,193.013671875,195.43800387952638,192.6873145647671,194.87853826992753,7435543
2023-11-09,195.62451171875,196.27721219164138,192.1745113096357,193.29342843856423,13777877
2023-11-10,196.88330078125,198.60830821034887,195.43804043707996,196.27722478064993,12066023
2023-11-13,197.95558166503906,200.56639760854836,196.46368277509026,197.67584884469838,11352269
2023-11-15,195.9508514404297,200.47315861662355,195.62450832354952,200.47315861662355,19182861
2023-11-16,196.9488983154297,198.5172742330348,195.52310993789925,196.47363552291955,27533260
2023-11-17,199.13511657714844,200.27574441571852,196.66374417368837,197.42416756735838,16705395
2023-11-20,198.94500732421875,200.75100012947723,198.5172737128543,199.7054306910163,11156900
2023-11-21,198.61233520507812,199.75296310462474,197.66180953814415,199.6103900561329,9608081
2023-11-22,201.1312255859375,202.08175119928526,197.89942979823314,197.89942979823314,13079580
2023-11-23,200.46585083007812,202.5570188323662,198.89748933223225,201.55896401379601,11382709
2023-11-24,200.03811645507812,201.6064924509956,199.13512000499418,200.84606904423595,7250200
2023-11-28,199.8004913330078,203.84022539815328,199.13512627011093,203.84022539815328,15629209
2023-11-29,200.60841369628906,200.98861810236173,198.7548918349151,199.8955195570015,10062023
2023-11-30,198.61233520507812,202.27186482432214,197.94697013899847,199.99059452135825,60354322
2023-12-01,199.8004913330078,201.93917407337895,199.08759708621744,201.03617759488526,20719909
2023-12-04,202.3668975830078,203.50753992382784,201.22626974605765,201.22626974605765,27914088
2023-12-05,211.30184936523438,212.2048458083256,201.08369889518062,203.12732318764338,40709207
2023-12-06,213.29794311523438,215.05642131204104,211.49195024057073,214.81878990727634,29544730
2023-12-07,218.6208953857422,220.90215110126275,213.15537300109864,213.86826722518256,24534268
2023-12-08,217.29017639160156,221.85268805548762,215.24653747594303,220.3318556688159,22206320
2023-12-11,219.5238800048828,221.37740198683693,215.3415732505315,216.71983244204253,19106395
2023-12-12,219.9040985107422,221.75762048908192,218.14562038798414,218.62088317750045,14355329
2023-12-13,225.22705078125,225.74984279164684,219.19122158156404,219.57142604155968,26878281
2023-12-14,220.61700439453125,225.84489535645028,219.66647876509143,225.51220558459832,29972018
2023-12-15,225.60726928710938,226.3201635260568,215.9118960343281,223.37352820352595,41341690
2023-12-18,220.37937927246094,225.17952223493756,219.999160307519,225.17952223493756,29051897
2023-12-19,221.99525451660156,222.80319256603946,219.42883832355085,220.6645099878523,12612164
2023-12-20,215.91189575195312,223.75373237011902,215.00889928457477,223.32599872808407,20400245
2023-12-21,220.85464477539062,221.6625828909196,211.68206337628502,213.34548329539078,17755207
2023-12-22,220.28431701660156,222.613101933263,219.0961599668896,221.47247406631354,9735375
2023-12-26,221.80514526367188,224.13392998527735,219.618933574542,220.52192995591528,6772092
2023-12-27,222.47052001953125,224.18146900367952,220.99720243585165,223.37351644053822,10231881
2023-12-28,227.2706756591797,228.07861371293905,222.51804768223212,223.46857327762166,39164340
2023-12-29,225.46466064453125,226.4627153864626,223.13587591593745,226.03498178388318,12665999
2024-01-01,226.4627227783203,227.65087977086134,224.7042446278118,226.130033018861,5952776
2024-01-02,226.08253479003906,228.22121753220472,224.4666295595285,228.12615916433802,9128513
2024-01-03,225.3220977783203,226.89045922650013,222.99331294465009,224.324042991356,8284439
2024-01-04,229.50440979003906,231.07278577726413,225.3221028318456,226.22509927692488,19663959
2024-01-05,229.31431579589844,232.87878702588648,227.46079365707874,230.02721004189604,16345257
2024-01-08,230.35989379882812,233.1164123430284,228.50635720462532,230.4074084775552,13585746
2024-01-09,230.31234741210938,232.54607378862258,229.5519240589663,230.59750798252165,8688409
2024-01-10,227.31820678710938,230.122269099537,226.22510807485057,229.07668506739068,16872195
2024-01-11,229.97967529296875,231.07278847936942,227.36572978756354,228.36378460858322,18812468
2024-01-12,227.65089416503906,230.64504417401227,226.98552910791952,230.50247112744037,11296498
2024-01-15,229.21923828125,229.55192803647378,225.2745629177817,228.5063440948013,12597366
2024-01-16,227.22315979003906,230.40741201881508,225.93994435954087,229.6945177805095,7478450
2024-01-17,227.36572265625,229.26677387328198,225.93993424347602,226.70035763106276,13620300
2024-01-18,221.90020751953125,224.03889020724034,214.8663235926139,216.00695145861803,25522629
2024-01-19,223.7537384033203,225.2270561023848,220.90216137437127,223.37353393434208,20931080
2024-01-23,226.1775665283203,234.58972399806527,224.56167588831065,229.0766725463825,27492163
2024-01-24,234.0194091796875,234.77983259087733,223.3735249346404,224.466623616815,28309825
2024-01-25,233.35403442382812,236.39571343815095,231.07277878905342,232.64114022497733,20651484
2024-01-29,241.38597106933594,242.38402584122076,233.0213429630611,233.30650354129526,26181011
2024-01-30,241.528564453125,244.23756825607788,239.05719205380416,241.43350609012427,16031367
2024-01-31,246.47129821777344,247.13667779956128,239.91267680079497,241.4335236964945,34369455
2024-02-01,252.64968872070312,257.5449186863658,245.52074683797744,246.18612635012735,29929092
2024-02-02,263.390625,267.4778730957626,250.891220327135,251.41399775528956,33900724
2024-02-05,268.9037170410156,275.08213414414985,261.29951137561966,263.7708840184219,27440927
2024-02-06,260.6816711425781,268.90371258034895,258.82813443928796,268.90371258034895,29668277
2024-02-07,254.69334411621094,260.8242167832585,253.60021647863297,258.63801952358057,27335466
2024-02-08,262.5351867675781,273.79889211207103,257.402325234492,257.402325234492,69776717
2024-02-09,259.4934997558594,265.62440173780277,255.78645556089518,264.81644914214303,24496638
2024-02-12,256.9270935058594,262.3451017760712,253.07747589811217,259.6836413321649,19140023
2024-02-13,256.8795471191406,257.44986828894565,251.1763934365695,256.92706179673286,22031847
2024-02-14,260.111328125,261.39454350374814,253.7903386018209,256.16665263367315,13546941
2024-02-15,272.1915588378906,273.8344808428715,262.2374676107138,262.865633262243,25475670
2024-02-16,265.3299865722656,273.3995808386285,264.1219643615146,272.5298107454337,25129188
2024-02-19,267.0695495605469,268.95404646646875,264.1219577445219,265.8615273800602,11429901
2024-02-20,278.2316589355469,279.0531199056764,268.37421577217833,269.0023813989614,43053543
2024-02-21,270.693603515625,279.7296149040659,269.8721425725435,277.89339768092105,24651085
2024-02-22,273.10968017578125,273.97945030996505,264.07366771498397,270.69363564042,26793590
2024-02-23,272.48150634765625,275.62236414971096,269.6305620840837,273.0613334246206,14313526
2024-02-26,278.1350402832031,281.7107980590904,272.5781377485898,273.4479373916712,31012494
2024-02-27,282.6772155761719,283.5469857255522,274.55931169406915,274.55931169406915,36510093
2024-02-28,270.1620788574219,283.7885754668556,269.0507043079168,281.7107831364365,18824161
2024-02-29,273.35125732421875,275.4290495185322,265.18501581333237,270.2103997419899,35043015
2024-03-01,278.03839111328125,279.6812835491615,275.0424902690276,275.42905146025066,15149735
2024-03-04,284.7550048828125,287.0260926593028,278.3283322756875,278.3283322756875,23131460
2024-03-05,285.0932312011719,285.52813097806177,280.0195381035239,282.2422870920687,13220556
2024-03-06,283.8369140625,284.99659770400353,276.8786942425583,280.55107001308136,15969436
2024-03-07,282.8221740722656,288.8622855529339,281.2275905399155,284.12684405063635,14908694
2024-03-11,275.9605712890625,282.1456683616253,274.84919679696185,278.71486772094926,19020659
2024-03-12,275.5740051269531,278.9564671244606,273.2546085129222,275.33240069855975,17906155
2024-03-13,255.42420959472656,274.3660041398093,253.00816512450507,273.7861475684101,39389523
2024-03-14,257.4053649902344,259.38650951429184,251.94511078415061,255.18258654404036,26005940
2024-03-15,257.0188293457031,262.8656453213841,248.9975437965075,259.0966217465722,43817794
2024-03-18,256.0040588378906,257.6952899186334,250.7854088301445,257.018815181974,12423655
2024-03-19,250.3022003173828,257.5503335312066,249.62569608700076,253.3464103686429,20031514
2024-03-20,255.76248168945312,256.2456906212272,250.25391756286868,251.22033542641674,11308487
2024-03-21,264.5568542480469,265.28166754735656,258.13018222604643,258.8066569430983,23559105
2024-03-22,266.48968505859375,268.9057293474296,262.2374530087883,264.5568496275251,22097588
2024-03-26,260.9811096191406,264.8951193226874,257.16377708484305,261.0294482037652,28477120
2024-03-27,261.1744079589844,263.6387615283877,260.15968107575486,261.8992213020713,18094214
2024-03-28,267.60107421875,270.11376631558045,262.5273809337525,262.8656330512983,26646830
2024-04-01,270.7419128417969,272.1432303043297,268.3258685910353,271.3217693605252,8945400
2024-04-02,270.1620788574219,272.2399006805711,269.14735198455423,269.87216532023973,13229425
2024-04-03,270.693603515625,273.5928566139871,269.1956383858346,270.74191260350665,14499308
2024-04-04,268.32586669921875,277.07196452094837,265.81317479759673,273.3029119221517,23722104
2024-04-05,269.05072021484375,270.5486855594619,265.9098622411781,270.5486855594619,9308711
2024-04-08,272.2882080078125,274.6559433527985,269.67886821916386,271.1284948811398,14473340
2024-04-09,271.7566833496094,274.80089336639224,271.56338800233806,273.3512667400452,5780865
2024-04-10,273.0613098144531,275.7672970748122,270.59695647224345,270.59695647224345,8809693
2024-04-12,266.0064697265625,274.89752429017256,265.4266132128093,272.0465803016434,17731780
2024-04-15,264.8467712402344,266.9245929863251,259.38651687911624,261.1743956060476,13378690
2024-04-16,265.0400695800781,266.2964008657725,262.1408163121101,263.83204738509147,9662195
2024-04-18,270.693603515625,280.1644851731836,268.3742069354808,278.2316497742755,51039603
2024-04-19,272.1915588378906,272.77141539804444,265.4749730365704,268.7607875538025,18755469
2024-04-22,274.1243591308594,275.1391153538381,272.23986241857205,274.4626112051856,14965203
2024-04-23,275.767333984375,277.5068742831453,271.2734969686087,274.1244118745229,11464036
2024-04-24,280.647705078125,282.04902259462483,274.8491986529872,275.4290551940467,19324163
2024-04-25,283.4503479003906,284.61006113504584,279.5363673457114,282.194016473458,22022414
2024-04-26,282.4355773925781,286.2046005849856,281.66245501716617,284.36841282383614,15581578
2024-04-29,283.8369140625,284.7066841668102,279.8745952620535,282.483905574984,9804396
2024-04-30,291.71319580078125,294.12924011005936,283.2087021364854,283.8368972510804,33288857
2024-05-02,303.0686340332031,306.59605317512717,291.71322465634654,291.8098723368235,44059506
2024-05-03,300.4109802246094,305.4846736948099,297.89828803605917,301.5223548004881,27074447
2024-05-06,296.5452880859375,300.3626204461588,292.921221577211,299.78279339894556,16855909
2024-05-07,285.3348388671875,297.9465786271384,284.6100255593115,296.6902473572449,13857464
2024-05-08,291.858154296875,292.67961526546156,282.1939770022765,282.1939770022765,18754452
2024-05-09,286.2046203613281,294.12925797415875,285.33485025570775,292.58298362376127,11196567
2024-05-10,293.5494079589844,294.22591221886285,286.3012744291329,286.3012744291329,11786977
2024-05-13,296.25537109375,297.31843659490573,287.6059492954301,293.9843128096331,11710605
2024-05-14,298.8647155761719,302.4887824586639,297.4150888231751,297.6566932820079,9957875
2024-05-15,304.27667236328125,305.67796057958014,298.4781651414664,299.5895397937677,11397656
2024-05-16,302.00555419921875,305.001455195421,295.0473344333768,303.9383897460938,19843532
2024-05-17,302.6336975097656,305.387993859257,300.31430092330413,304.32492848841656,9069551
2024-05-21,314.7139587402344,316.4535285204727,300.5559435057908,300.5559435057908,21976662
2024-05-22,314.81060791015625,316.7434435688525,309.44700075436674,316.7434435688525,10287081
2024-05-23,309.15704345703125,309.93019538050453,298.62309550132346,308.7221731495121,35705284
2024-05-24,308.0939636230469,312.1046208370342,306.74098468599607,307.320841228369,15058182
2024-05-27,307.27252197265625,310.703293038038,303.93836908386606,310.703293038038,12857918
2024-05-28,302.29547119140625,308.7704821445819,301.52234876090625,308.28727325233683,10935739
2024-05-29,307.0309143066406,307.99733200418405,298.71971620922153,298.71971620922153,16812268
2024-05-30,296.40032958984375,306.9825860377692,293.59769457864434,304.0350237583432,22768893
2024-05-31,299.58953857421875,301.0391653737714,295.4339535459275,298.1882208708914,36929443
2024-06-03,326.3109436035156,336.9898773127699,314.6656216482013,323.7499424942709,55218939
2024-06-04,286.0113525390625,323.70164579446663,270.3553727743411,323.70164579446663,73262478
2024-06-05,288.7655944824219,290.9400342887435,269.8238313193131,286.3495502531756,45312613
2024-06-06,290.3602294921875,300.9908249145408,288.08914184432064,293.2111442052717,36508044
2024-06-07,298.9613342285156,300.2176654953612,286.8327738771772,288.04079605403984,38016104
2024-06-10,305.1947021484375,312.4911735815308,301.1357654470787,302.4887443475316,25478964
2024-06-11,305.9195556640625,308.96379545632936,304.56657658568383,305.5813330140168,12238518
2024-06-12,313.7475280761719,316.11526344707596,306.2577902406442,309.15704359633236,20346144
2024-06-13,310.655029296875,316.9367453141361,309.88187732218813,316.0186365606743,11756503
2024-06-14,310.70330810546875,315.0521880011907,308.6255158316141,315.0521880011907,14159988
2024-06-18,320.65740966796875,321.3339139154091,311.1865271601856,311.1865271601856,21653702
2024-06-19,316.3085021972656,323.60497354599545,314.47231446125795,322.7835126004129,14235150
2024-06-20,313.65087890625,317.2749455836111,311.4764388998334,316.5018231561994,11749507
2024-06-21,315.0038757324219,318.53129460259504,312.15293158800944,315.72868904106275,17209541
2024-06-24,321.7688293457031,322.7835562734221,311.7180602867166,312.2496077905903,18044357
2024-06-25,316.4051818847656,323.7499630647814,314.85890750591005,323.7499630647814,13979671
2024-06-26,315.7286682128906,319.1111300967452,314.0374372709633,314.7622505317893,12946277
2024-06-27,320.415771484375,321.3338800816993,313.4575818519264,317.5165184310063,27061015
2024-06-28,319.8359375,326.0210046472278,318.5312677558619,321.81708191288357,21676594
2024-07-01,318.5312805175781,320.60907267859244,314.3273576148069,319.88425940200176,11959181
2024-07-02,319.69097900390625,323.1700887926685,317.0333301988798,318.9661656934445,12684459
2024-07-03,323.8949279785156,325.58615917136916,318.04811193745746,319.98094758643293,9369793
2024-07-04,323.74993896484375,327.32569635647224,322.68687356521946,325.68277442135025,12878827
2024-07-05,328.002197265625,328.48540616834185,321.67217243712713,323.74996482026324,10894118
2024-07-08,328.002197265625,329.548471652865,325.5378436588616,329.548471652865,7828162
2024-07-09,329.69342041015625,330.8531335455759,326.7458579723325,328.5820458594717,9214579
2024-07-10,334.42889404296875,336.1201253252115,324.23319725282704,331.4813313195817,10662609
2024-07-11,331.2879943847656,337.03819182007805,330.5148719783991,336.7965873814973,12642065
2024-07-12,331.5779113769531,334.2838690795404,328.6786583415838,331.28796837778,11380570
2024-07-15,332.3027648925781,333.80070067856207,328.7753458374287,333.80070067856207,5277531
2024-07-16,330.94976806640625,335.3469570023425,330.03165941296817,331.2396815923714,11363095
2024-07-18,329.7900390625,333.12419191384924,325.6344547629793,330.51485233516485,13908161
2024-07-19,321.04400634765625,330.36993225950425,319.8842931855408,328.14715361423816,12937990
2024-07-22,327.22906494140625,328.00218736532514,318.4346572788613,318.9178661669931,10678640
2024-07-23,323.025146484375,329.0652576751823,310.3167584374625,327.7122786669876,15954324
2024-07-24,325.8277282714844,327.4223116103124,319.2077609935387,319.7876175238567,12573882
2024-07-25,328.0505065917969,331.094716508845,319.35274711867163,319.35274711867163,16271884
2024-07-26,332.6409912109375,333.94563153949946,327.1323984067023,328.92027708826834,11468068
2024-07-29,330.8531188964844,334.28389007337466,326.40759139784944,328.388735966015,31849674
2024-07-30,338.05291748046875,344.9628279938475,331.771202099382,333.4141240730656,25813219
2024-07-31,336.5067138671875,338.87441995119093,331.09476790088524,336.5550229635565,17976593
2024-08-01,348.9734802246094,350.3264592722179,338.39119331294916,339.3576111316312,26792459
2024-08-02,346.2191467285156,348.92510453600175,342.1118714358535,345.9775422995355,13771470
2024-08-05,331.2879943847656,342.8850074366393,330.0316631012377,340.9038628373693,13566586
2024-08-06,329.3068542480469,339.0193410135166,327.8572275969183,331.2879988741641,12273667
2024-08-07,340.22735595703125,340.71056483042156,331.8678483459246,334.2355836226288,12441847
2024-08-08,331.1430358886719,343.0783009906969,329.7900569382403,343.0783009906969,15489731
2024-08-09,334.38055419921875,337.2314984670845,332.7376321647316,336.2167420954083,8720610
2024-08-12,329.69342041015625,332.2544216337502,328.0988369685019,331.48129920529055,12521136
2024-08-13,325.6344909667969,330.9497888906235,323.8949212233606,325.68280005992114,10435954
2024-08-14,322.3003234863281,326.9874555285283,321.3339057247499,325.6827856518518,12385993
2024-08-16,329.9497985839844,330.8755111103973,322.1541744224629,324.49285572333014,13013828
2024-08-19,331.6063537597656,334.5297128457628,330.6319007310999,333.89632432471933,5891370
2024-08-20,331.8012390136719,333.8963069688124,330.1446570558706,331.75252825994914,6393840
2024-08-21,328.0495910644531,332.23975673776164,327.5623645725297,331.31401450792913,10118601
2024-08-22,325.46728515625,329.07277296483517,322.05669983275635,327.4161910553892,18370039
2024-08-23,327.6598205566406,328.3419495503754,324.83391281020965,326.10068981235077,7494822
2024-08-26,329.60870361328125,332.7756756361731,327.27002252858057,327.8547002342416,7993675
2024-08-27,326.7828063964844,332.7269754057648,326.44174191256894,330.3395537563011,9589690
2024-08-28,325.9057922363281,330.2420899041561,325.2236632945406,326.78279392009557,8790600
2024-08-29,324.7851867675781,327.3187706225277,320.4001480817623,324.00563622972294,17653536
2024-08-30,328.78045654296875,332.14233149562375,325.516032843917,326.44177514622703,22713812
2024-09-02,326.9776916503906,331.21656814014403,325.6622038931788,329.75488864284597,9789776
2024-09-03,326.1007080078125,329.31642092320243,325.4673194714007,327.4162255760199,8434423
2024-09-04,324.3953857421875,326.1494189200145,322.5439310583238,322.73883354628606,9025610
2024-09-05,322.78753662109375,325.7596061951822,321.1796952164567,323.8594408034997,13912371
2024-09-06,321.3746032714844,324.59031617201487,316.69724053719085,324.54157567685627,23755639
2024-09-09,320.1565246582031,320.789942905293,315.28425960640914,319.32826338975485,18597200
2024-09-10,325.61346435546875,326.7340793590947,318.64613134550325,318.64613134550325,15472387
2024-09-11,324.687744140625,328.63426680605346,323.518388671934,328.2932023161899,10134008
2024-09-12,329.5600280761719,330.3395786083876,324.7364736614902,326.2956044638684,18410837
2024-09-13,328.63427734375,332.53208938044384,327.51366233078966,331.119120621964,10417461
2024-09-16,329.60870361328125,332.7756756361731,328.4393482019592,328.6342506831607,7748570
2024-09-17,328.2931823730469,331.3139923687031,325.9545013156799,328.09830963206645,11451846
2024-09-18,325.7596130371094,330.24210260626126,324.59028732642474,329.8523273693664,6583254
2024-09-19,326.34429931640625,329.7061740158864,324.5902958354267,327.61110604195386,10589610
2024-09-20,332.1423034667969,334.18866066798813,326.19813435398225,329.5112685312731,31236123
2024-09-23,332.43463134765625,333.7501488307827,331.55762960488704,333.26292233613924,6542941
2024-09-24,341.1072692871094,342.03301155544364,333.6039988421936,335.7477776530497,26145769
2024-09-25,354.457275390625,356.8934078675365,343.34851724349755,344.8101967296445,40770462
2024-09-26,356.1138610839844,356.74724958699784,348.0746238263358,354.74960309232995,18733959
2024-09-27,345.1999816894531,354.018769608783,344.3229799206824,352.9468950791444,33148043
2024-09-30,343.8357238769531,348.318213323125,340.7662030809468,345.19995203762886,16356171
2024-10-01,341.8381042480469,346.905271798712,341.00984297933365,342.13045799401556,9856291
2024-10-03,335.3580017089844,340.9611065877445,333.8476114194536,334.2373866808216,19350466
2024-10-04,330.1933898925781,338.57369125680236,329.1214856940243,334.2373637099936,20121706
2024-10-07,320.54632568359375,331.31401941955096,316.697224445159,331.31401941955096,13851446
2024-10-08,318.7922668457031,322.54391653547174,314.114904724656,318.93842883612155,21148292
2024-10-09,321.32586669921875,323.32348339155686,317.18444157875876,318.64612103303875,9228363
2024-10-10,325.8083801269531,329.4625790298172,321.6669547037071,321.76440595537287,20773976
2024-10-11,321.6181945800781,326.78281322369,321.08225733554576,325.9058114881167,6098468
2024-10-14,322.2516174316406,323.0311679326801,319.42567995499536,321.6181991943575,5944216
2024-10-15,321.4233093261719,324.93134586997985,319.1333389616067,324.93134586997985,12415489
2024-10-16,318.8410339355469,324.1517849501145,316.6485146825187,323.22607244160326,22085298
2024-10-17,322.69012451171875,323.4209643059041,316.3074688710122,320.1078298531866,17039729
2024-10-18,323.5671081542969,325.3211414046507,319.86419863345947,323.0311708971571,10569021
2024-10-21,322.69012451171875,325.2237084124841,321.0335721543337,324.49286861829876,8745904
2024-10-22,314.50469970703125,327.0751372179107,312.84811774368296,324.3953915194,11219831
2024-10-23,308.80413818359375,313.6764030010627,305.8320685401155,311.04539784239614,12541589
2024-10-24,310.9966735839844,312.6045151100818,307.19631277558693,307.19631277558693,8327779
2024-10-25,307.73223876953125,313.2866326431413,305.24739556909486,313.2866326431413,12979410
2024-10-28,310.1683654785156,312.2634631342605,302.81125752081437,306.46545612323774,9610615
2024-10-29,312.36090087890625,312.99431912661174,306.1244075541381,308.02460282136286,15856332
2024-10-30,310.3145751953125,317.0870058214911,308.6579931710393,310.4119967066671,14498110
2024-10-31,312.6045227050781,314.45600726769385,309.7299040856555,312.2147474374552,9900390
2024-11-01,313.82257080078125,314.4559890291201,311.82495408385955,314.21237578374206,847672
2024-11-04,307.3912048339844,316.4048949106493,303.6395549085402,316.25870317310415,9249409
2024-11-05,308.5118103027344,309.58371449666134,304.0293207795496,304.3703852600642,7518195
2024-11-06,310.36328125,312.1660252519455,305.88079149157886,309.2913769998206,11019250
2024-11-07,304.955078125,310.85050687749845,303.73701187548,310.85050687749845,14504208
2024-11-08,308.1707763671875,309.4375534341505,300.81366775146586,303.88318890445083,15740539
2024-11-11,321.3746032714844,323.9081871433713,304.8089014587698,305.53974124462485,22838987
2024-11-12,314.45599365234375,324.0056211163854,313.57896216573255,323.0311681205466,12069181
2024-11-13,309.87603759765625,316.3074330048191,309.0477466439102,314.40723786022187,12918639
2024-11-14,308.49224853515625,315.11478098021564,307.0095879656167,311.45756967423534,12500377
2024-11-18,308.4427795410156,311.9023205460606,306.5153390799442,310.37025016689074,9408101
2024-11-19,311.4081115722656,314.5711326705386,308.64049073488036,309.4312309270462,13157158
2024-11-21,322.1326904296875,322.9728707246712,309.3818164860661,312.34713741085267,25406386
2024-11-22,333.05499267578125,333.69747287934297,320.25467789759387,322.0338584866581,31523269
2024-11-25,338.7879333496094,341.4072942703359,332.26422094142595,337.89834305867663,29419152
2024-11-26,334.8835754394531,340.6165475157011,333.9939851655817,338.0465965963351,13997179
2024-11-27,335.328369140625,337.3546596737846,332.6101583369795,333.3514885561556,12177260
2024-11-28,329.7931213378906,337.79949431736435,328.3599009093121,335.3283934079469,16920231
2024-11-29,325.5922546386719,328.6564258449242,322.72578357403836,327.51972544263236,13890537
2024-12-02,324.0601806640625,328.1127922056024,322.4292600899128,324.3567007085238,16003524
2024-12-03,325.83935546875,327.5197161303128,320.5017836096764,320.5017836096764,23174488
2024-12-04,321.2925109863281,327.42085297971937,317.3881898572262,325.2462722298568,17880011
2024-12-05,324.55438232421875,326.6301130113951,315.85608948386187,321.2431012476285,19785053
2024-12-06,325.0980224609375,328.90352381071676,322.92347180735317,323.3188419112044,8802058
2024-12-09,325.29571533203125,326.8277857620485,322.9234645970865,323.96131486712335,9376929
2024-12-10,324.1095886230469,328.01394011834174,321.5890777662098,328.01394011834174,14994365
2024-12-11,323.76361083984375,325.19686135245564,323.0717207230828,323.46709081334683,5013051
2024-12-12,325.3945617675781,326.0864518849506,322.0832806996824,324.20842133093345,10414162
2024-12-13,329.9908142089844,330.43559426400026,321.29252110051897,326.8277930486687,14973536
2024-12-16,331.12750244140625,332.3630528236503,327.7668114346633,329.9908021227026,12695136
2024-12-17,325.98760986328125,331.67114177987594,324.20842932922585,328.6564108291695,17360248
2024-12-18,317.8329772949219,325.29571991463956,316.94338702738605,324.2084295144046,15037099
2024-12-19,317.93182373046875,320.1064045061048,313.18732224792353,314.3240225859495,10234715
2024-12-20,312.1494445800781,321.8361779263671,309.97489394995165,317.5858664026019,13973399
2024-12-23,311.65521240234375,314.620533282156,307.94856130257847,314.3240132600963,5984169
2024-12-24,306.5153503417969,312.98962239462014,305.180949872148,310.46911163568706,4833589
2024-12-26,306.7130126953125,309.4806636312283,305.18094229787636,306.51534273440683,3775101
2024-12-27,305.82342529296875,308.6898961534959,305.2303550751483,307.1578257418637,3981693
2024-12-30,303.99481201171875,308.3933835546217,302.75926159683644,305.42806255890423,12489142
2024-12-31,305.13153076171875,306.1693810042863,301.62254961984945,303.79713033212914,8402716
2025-01-01,306.8118591308594,307.7508894696727,302.3638778382138,305.13152874140883,4239498
2025-01-02,311.5069580078125,313.5332787444346,305.18094604978194,306.26823642494446,10766571
2025-01-03,312.39654541015625,314.3240160651567,310.02429471809705,312.69309559966626,7636948
2025-01-06,302.4627380371094,312.8413614011278,301.27659758672826,312.149441110938,6722495
2025-01-07,301.5237121582031,307.1084241833969,299.4974215371576,302.462742542476,10137739
2025-01-08,303.105224609375,304.2913650847894,299.4974233967971,302.61100443875324,6907996
2025-01-09,301.7214050292969,303.35232551000786,300.1398944982299,303.1052154321788,8244909
2025-01-10,296.2355651855469,301.7213966959148,295.0494247788061,300.535256289174,6540783
2025-01-13,284.27545166015625,295.09885543059755,283.4352713268366,291.5899042420812,19474228
2025-01-14,286.8948059082031,289.66242676749374,283.48467470228695,284.4237050821204,15954608
2025-01-15,295.19769287109375,299.0031941017128,287.73498058836117,291.58989176861246,12198882
2025-01-16,294.2092590332031,298.11361041379456,293.17140874965605,295.5436595154815,11694289
2025-01-17,299.10205078125,301.47430154735014,292.28181851691033,294.20925906726444,7593230
2025-01-20,302.7098388671875,305.23034954122136,298.45955768534117,299.10203784099645,9435937
2025-01-21,298.8549499511719,306.36710274708463,298.0147696091963,303.45119160870075,13911546
2025-01-22,294.11041259765625,298.80550423654716,292.38064199385434,298.50898419896043,9723333
2025-01-23,290.9474182128906,296.13672996401897,290.20608796272944,294.0609992306066,12228286
2025-01-24,292.4300842285156,299.0032065376212,290.9474237002299,291.88642393592744,11142914
2025-01-27,283.682373046875,291.58989564051615,280.4699419932083,291.58989564051615,13477947
2025-01-28,280.6676330566406,285.4615443423182,276.12080167922727,283.83062389302967,11298068
2025-01-29,284.5225524902344,285.8075128418718,280.02513092989386,282.0514516872356,4800024
2025-01-30,291.93585205078125,293.66562259600283,284.5225497141175,284.5225497141175,10969499
2025-01-31,298.16302490234375,299.942235627395,292.47949290208516,293.56678331770445,14141459
2025-02-01,286.49945068359375,301.8202766007399,285.3133101595695,298.1630351223372,6945157
2025-02-03,280.51934814453125,288.62457075916944,274.7864064077024,286.6476901375313,14978897
2025-02-04,282.34796142578125,283.0892916396586,268.9546076276525,277.7517201327026,19836427
2025-02-05,281.9031982421875,287.38903008677823,281.2606878865894,282.29856834692106,15337191
2025-02-06,277.8999938964844,287.5867272694509,276.51618346171915,284.17659605091785,21418561
2025-02-07,278.1499938964844,281.8999938964844,270.0,273.1000061035156,17193482
2025-02-10,268.70001220703125,276.0,268.1000061035156,275.0,16709670
2025-02-11,261.45001220703125,268.79998779296875,260.0,268.70001220703125,22083955
2025-02-12,257.04998779296875,262.1000061035156,254.0,259.5,17861265
2025-02-13,259.1499938964844,261.3500061035156,256.1000061035156,257.25,12257226
2025-02-14,257.3500061035156,261.5,254.75,260.3999938964844,11339563
2025-02-17,263.20001220703125,264.0,252.1999969482422,256.8999938964844,8332653
2025-02-18,266.95001220703125,267.8999938964844,260.20001220703125,263.8500061035156,10483635
2025-02-19,263.04998779296875,268.5,262.29998779296875,262.5,14602009
2025-02-20,265.75,266.45001220703125,261.29998779296875,262.75,15312926
2025-02-21,261.8999938964844,265.75,259.3999938964844,265.29998779296875,10757038
2025-02-24,259.1499938964844,261.79998779296875,257.25,258.0,14599185
2025-02-25,255.75,259.95001220703125,254.89999389648438,258.79998779296875,21287363
2025-02-27,256.25,257.45001220703125,253.4499969482422,254.0,13614799
2025-02-28,250.85000610351562,257.0,247.3000030517578,255.89999389648438,38512868
